"date","region","regionname","population","sample_size","reach","sample_size_recent","reach_recent","p_cases","p_cases_error","cases","p_fatalities","p_fatalities_error","p_recentcases","p_recentcases_error","p_cases_daily","p_cases_daily_error","p_stillsick","p_stillsick_error","p_vaccinated","p_vaccinated_error","p_refusevaccine","p_refusevaccine_error","p_longcovid","p_longcovid_error","p_vaccinesideeffects","p_vaccinesideeffects_error"
"2020/03/15","ESTF","Provincia:Santa Cruz de Tenerife",1032983,0,0,0,0,NA,NA,NA,NA,NA,NA,NA,NA,NA,NA,NA,NA,NA,NA,NA,NA,NA,NA,NA
"2020/03/16","ESTF","Provincia:Santa Cruz de Tenerife",1032983,0,0,0,0,NA,NA,NA,NA,NA,NA,NA,NA,NA,NA,NA,NA,NA,NA,NA,NA,NA,NA,NA
"2020/03/17","ESTF","Provincia:Santa Cruz de Tenerife",1032983,0,0,0,0,NA,NA,NA,NA,NA,NA,NA,NA,NA,NA,NA,NA,NA,NA,NA,NA,NA,NA,NA
"2020/03/18","ESTF","Provincia:Santa Cruz de Tenerife",1032983,0,0,0,0,NA,NA,NA,NA,NA,NA,NA,NA,NA,NA,NA,NA,NA,NA,NA,NA,NA,NA,NA
"2020/03/19","ESTF","Provincia:Santa Cruz de Tenerife",1032983,0,0,0,0,NA,NA,NA,NA,NA,NA,NA,NA,NA,NA,NA,NA,NA,NA,NA,NA,NA,NA,NA
"2020/03/20","ESTF","Provincia:Santa Cruz de Tenerife",1032983,0,0,0,0,NA,NA,NA,NA,NA,NA,NA,NA,NA,NA,NA,NA,NA,NA,NA,NA,NA,NA,NA
"2020/03/21","ESTF","Provincia:Santa Cruz de Tenerife",1032983,0,0,0,0,NA,NA,NA,NA,NA,NA,NA,NA,NA,NA,NA,NA,NA,NA,NA,NA,NA,NA,NA
"2020/03/22","ESTF","Provincia:Santa Cruz de Tenerife",1032983,0,0,0,0,NA,NA,NA,NA,NA,NA,NA,NA,NA,NA,NA,NA,NA,NA,NA,NA,NA,NA,NA
"2020/03/23","ESTF","Provincia:Santa Cruz de Tenerife",1032983,0,0,0,0,NA,NA,NA,NA,NA,NA,NA,NA,NA,NA,NA,NA,NA,NA,NA,NA,NA,NA,NA
"2020/03/24","ESTF","Provincia:Santa Cruz de Tenerife",1032983,0,0,0,0,NA,NA,NA,NA,NA,NA,NA,NA,NA,NA,NA,NA,NA,NA,NA,NA,NA,NA,NA
"2020/03/25","ESTF","Provincia:Santa Cruz de Tenerife",1032983,0,0,0,0,NA,NA,NA,NA,NA,NA,NA,NA,NA,NA,NA,NA,NA,NA,NA,NA,NA,NA,NA
"2020/03/26","ESTF","Provincia:Santa Cruz de Tenerife",1032983,0,0,0,0,NA,NA,NA,NA,NA,NA,NA,NA,NA,NA,NA,NA,NA,NA,NA,NA,NA,NA,NA
"2020/03/27","ESTF","Provincia:Santa Cruz de Tenerife",1032983,0,0,0,0,NA,NA,NA,NA,NA,NA,NA,NA,NA,NA,NA,NA,NA,NA,NA,NA,NA,NA,NA
"2020/03/28","ESTF","Provincia:Santa Cruz de Tenerife",1032983,0,0,0,0,NA,NA,NA,NA,NA,NA,NA,NA,NA,NA,NA,NA,NA,NA,NA,NA,NA,NA,NA
"2020/03/29","ESTF","Provincia:Santa Cruz de Tenerife",1032983,0,0,0,0,NA,NA,NA,NA,NA,NA,NA,NA,NA,NA,NA,NA,NA,NA,NA,NA,NA,NA,NA
"2020/03/30","ESTF","Provincia:Santa Cruz de Tenerife",1032983,0,0,0,0,NA,NA,NA,NA,NA,NA,NA,NA,NA,NA,NA,NA,NA,NA,NA,NA,NA,NA,NA
"2020/03/31","ESTF","Provincia:Santa Cruz de Tenerife",1032983,0,0,0,0,NA,NA,NA,NA,NA,NA,NA,NA,NA,NA,NA,NA,NA,NA,NA,NA,NA,NA,NA
"2020/04/01","ESTF","Provincia:Santa Cruz de Tenerife",1032983,0,0,0,0,NA,NA,NA,NA,NA,NA,NA,NA,NA,NA,NA,NA,NA,NA,NA,NA,NA,NA,NA
"2020/04/02","ESTF","Provincia:Santa Cruz de Tenerife",1032983,0,0,0,0,NA,NA,NA,NA,NA,NA,NA,NA,NA,NA,NA,NA,NA,NA,NA,NA,NA,NA,NA
"2020/04/03","ESTF","Provincia:Santa Cruz de Tenerife",1032983,0,0,0,0,NA,NA,NA,NA,NA,NA,NA,NA,NA,NA,NA,NA,NA,NA,NA,NA,NA,NA,NA
"2020/04/04","ESTF","Provincia:Santa Cruz de Tenerife",1032983,0,0,0,0,NA,NA,NA,NA,NA,NA,NA,NA,NA,NA,NA,NA,NA,NA,NA,NA,NA,NA,NA
"2020/04/05","ESTF","Provincia:Santa Cruz de Tenerife",1032983,0,0,0,0,NA,NA,NA,NA,NA,NA,NA,NA,NA,NA,NA,NA,NA,NA,NA,NA,NA,NA,NA
"2020/04/06","ESTF","Provincia:Santa Cruz de Tenerife",1032983,0,0,0,0,NA,NA,NA,NA,NA,NA,NA,NA,NA,NA,NA,NA,NA,NA,NA,NA,NA,NA,NA
"2020/04/07","ESTF","Provincia:Santa Cruz de Tenerife",1032983,0,0,0,0,NA,NA,NA,NA,NA,NA,NA,NA,NA,NA,NA,NA,NA,NA,NA,NA,NA,NA,NA
"2020/04/08","ESTF","Provincia:Santa Cruz de Tenerife",1032983,0,0,0,0,NA,NA,NA,NA,NA,NA,NA,NA,NA,NA,NA,NA,NA,NA,NA,NA,NA,NA,NA
"2020/04/09","ESTF","Provincia:Santa Cruz de Tenerife",1032983,0,0,0,0,NA,NA,NA,NA,NA,NA,NA,NA,NA,NA,NA,NA,NA,NA,NA,NA,NA,NA,NA
"2020/04/10","ESTF","Provincia:Santa Cruz de Tenerife",1032983,0,0,0,0,NA,NA,NA,NA,NA,NA,NA,NA,NA,NA,NA,NA,NA,NA,NA,NA,NA,NA,NA
"2020/04/11","ESTF","Provincia:Santa Cruz de Tenerife",1032983,0,0,0,0,NA,NA,NA,NA,NA,NA,NA,NA,NA,NA,NA,NA,NA,NA,NA,NA,NA,NA,NA
"2020/04/12","ESTF","Provincia:Santa Cruz de Tenerife",1032983,0,0,0,0,NA,NA,NA,NA,NA,NA,NA,NA,NA,NA,NA,NA,NA,NA,NA,NA,NA,NA,NA
"2020/04/13","ESTF","Provincia:Santa Cruz de Tenerife",1032983,0,0,0,0,NA,NA,NA,NA,NA,NA,NA,NA,NA,NA,NA,NA,NA,NA,NA,NA,NA,NA,NA
"2020/04/14","ESTF","Provincia:Santa Cruz de Tenerife",1032983,0,0,0,0,NA,NA,NA,NA,NA,NA,NA,NA,NA,NA,NA,NA,NA,NA,NA,NA,NA,NA,NA
"2020/04/15","ESTF","Provincia:Santa Cruz de Tenerife",1032983,0,0,0,0,NA,NA,NA,NA,NA,NA,NA,NA,NA,NA,NA,NA,NA,NA,NA,NA,NA,NA,NA
"2020/04/16","ESTF","Provincia:Santa Cruz de Tenerife",1032983,0,0,0,0,NA,NA,NA,NA,NA,NA,NA,NA,NA,NA,NA,NA,NA,NA,NA,NA,NA,NA,NA
"2020/04/17","ESTF","Provincia:Santa Cruz de Tenerife",1032983,0,0,0,0,NA,NA,NA,NA,NA,NA,NA,NA,NA,NA,NA,NA,NA,NA,NA,NA,NA,NA,NA
"2020/04/18","ESTF","Provincia:Santa Cruz de Tenerife",1032983,0,0,0,0,NA,NA,NA,NA,NA,NA,NA,NA,NA,NA,NA,NA,NA,NA,NA,NA,NA,NA,NA
"2020/04/19","ESTF","Provincia:Santa Cruz de Tenerife",1032983,0,0,0,0,NA,NA,NA,NA,NA,NA,NA,NA,NA,NA,NA,NA,NA,NA,NA,NA,NA,NA,NA
"2020/04/20","ESTF","Provincia:Santa Cruz de Tenerife",1032983,0,0,0,0,NA,NA,NA,NA,NA,NA,NA,NA,NA,NA,NA,NA,NA,NA,NA,NA,NA,NA,NA
"2020/04/21","ESTF","Provincia:Santa Cruz de Tenerife",1032983,0,0,0,0,NA,NA,NA,NA,NA,NA,NA,NA,NA,NA,NA,NA,NA,NA,NA,NA,NA,NA,NA
"2020/04/22","ESTF","Provincia:Santa Cruz de Tenerife",1032983,0,0,0,0,NA,NA,NA,NA,NA,NA,NA,NA,NA,NA,NA,NA,NA,NA,NA,NA,NA,NA,NA
"2020/04/23","ESTF","Provincia:Santa Cruz de Tenerife",1032983,0,0,0,0,NA,NA,NA,NA,NA,NA,NA,NA,NA,NA,NA,NA,NA,NA,NA,NA,NA,NA,NA
"2020/04/24","ESTF","Provincia:Santa Cruz de Tenerife",1032983,0,0,0,0,NA,NA,NA,NA,NA,NA,NA,NA,NA,NA,NA,NA,NA,NA,NA,NA,NA,NA,NA
"2020/04/25","ESTF","Provincia:Santa Cruz de Tenerife",1032983,0,0,0,0,NA,NA,NA,NA,NA,NA,NA,NA,NA,NA,NA,NA,NA,NA,NA,NA,NA,NA,NA
"2020/04/26","ESTF","Provincia:Santa Cruz de Tenerife",1032983,0,0,0,0,NA,NA,NA,NA,NA,NA,NA,NA,NA,NA,NA,NA,NA,NA,NA,NA,NA,NA,NA
"2020/04/27","ESTF","Provincia:Santa Cruz de Tenerife",1032983,0,0,0,0,NA,NA,NA,NA,NA,NA,NA,NA,NA,NA,NA,NA,NA,NA,NA,NA,NA,NA,NA
"2020/04/28","ESTF","Provincia:Santa Cruz de Tenerife",1032983,0,0,0,0,NA,NA,NA,NA,NA,NA,NA,NA,NA,NA,NA,NA,NA,NA,NA,NA,NA,NA,NA
"2020/04/29","ESTF","Provincia:Santa Cruz de Tenerife",1032983,0,0,0,0,NA,NA,NA,NA,NA,NA,NA,NA,NA,NA,NA,NA,NA,NA,NA,NA,NA,NA,NA
"2020/04/30","ESTF","Provincia:Santa Cruz de Tenerife",1032983,0,0,0,0,NA,NA,NA,NA,NA,NA,NA,NA,NA,NA,NA,NA,NA,NA,NA,NA,NA,NA,NA
"2020/05/01","ESTF","Provincia:Santa Cruz de Tenerife",1032983,0,0,0,0,NA,NA,NA,NA,NA,NA,NA,NA,NA,NA,NA,NA,NA,NA,NA,NA,NA,NA,NA
"2020/05/02","ESTF","Provincia:Santa Cruz de Tenerife",1032983,0,0,0,0,NA,NA,NA,NA,NA,NA,NA,NA,NA,NA,NA,NA,NA,NA,NA,NA,NA,NA,NA
"2020/05/03","ESTF","Provincia:Santa Cruz de Tenerife",1032983,0,0,0,0,NA,NA,NA,NA,NA,NA,NA,NA,NA,NA,NA,NA,NA,NA,NA,NA,NA,NA,NA
"2020/05/04","ESTF","Provincia:Santa Cruz de Tenerife",1032983,0,0,0,0,NA,NA,NA,NA,NA,NA,NA,NA,NA,NA,NA,NA,NA,NA,NA,NA,NA,NA,NA
"2020/05/05","ESTF","Provincia:Santa Cruz de Tenerife",1032983,0,0,0,0,NA,NA,NA,NA,NA,NA,NA,NA,NA,NA,NA,NA,NA,NA,NA,NA,NA,NA,NA
"2020/05/06","ESTF","Provincia:Santa Cruz de Tenerife",1032983,0,0,0,0,NA,NA,NA,NA,NA,NA,NA,NA,NA,NA,NA,NA,NA,NA,NA,NA,NA,NA,NA
"2020/05/07","ESTF","Provincia:Santa Cruz de Tenerife",1032983,0,0,0,0,NA,NA,NA,NA,NA,NA,NA,NA,NA,NA,NA,NA,NA,NA,NA,NA,NA,NA,NA
"2020/05/08","ESTF","Provincia:Santa Cruz de Tenerife",1032983,0,0,0,0,NA,NA,NA,NA,NA,NA,NA,NA,NA,NA,NA,NA,NA,NA,NA,NA,NA,NA,NA
"2020/05/09","ESTF","Provincia:Santa Cruz de Tenerife",1032983,0,0,0,0,NA,NA,NA,NA,NA,NA,NA,NA,NA,NA,NA,NA,NA,NA,NA,NA,NA,NA,NA
"2020/05/10","ESTF","Provincia:Santa Cruz de Tenerife",1032983,0,0,0,0,NA,NA,NA,NA,NA,NA,NA,NA,NA,NA,NA,NA,NA,NA,NA,NA,NA,NA,NA
"2020/05/11","ESTF","Provincia:Santa Cruz de Tenerife",1032983,0,0,0,0,NA,NA,NA,NA,NA,NA,NA,NA,NA,NA,NA,NA,NA,NA,NA,NA,NA,NA,NA
"2020/05/12","ESTF","Provincia:Santa Cruz de Tenerife",1032983,0,0,0,0,NA,NA,NA,NA,NA,NA,NA,NA,NA,NA,NA,NA,NA,NA,NA,NA,NA,NA,NA
"2020/05/13","ESTF","Provincia:Santa Cruz de Tenerife",1032983,0,0,0,0,NA,NA,NA,NA,NA,NA,NA,NA,NA,NA,NA,NA,NA,NA,NA,NA,NA,NA,NA
"2020/05/14","ESTF","Provincia:Santa Cruz de Tenerife",1032983,2,50,2,50,NA,NA,NA,NA,NA,NA,NA,NA,NA,NA,NA,NA,NA,NA,NA,NA,NA,NA,NA
"2020/05/15","ESTF","Provincia:Santa Cruz de Tenerife",1032983,4,120,4,120,NA,NA,NA,NA,NA,0,0,0,0,0,0,NA,NA,NA,NA,NA,NA,NA,NA
"2020/05/16","ESTF","Provincia:Santa Cruz de Tenerife",1032983,4,120,4,120,NA,NA,NA,NA,NA,0,0,0,0,0,0,NA,NA,NA,NA,NA,NA,NA,NA
"2020/05/17","ESTF","Provincia:Santa Cruz de Tenerife",1032983,4,120,4,120,NA,NA,NA,NA,NA,0,0,0,0,0,0,NA,NA,NA,NA,NA,NA,NA,NA
"2020/05/18","ESTF","Provincia:Santa Cruz de Tenerife",1032983,4,120,4,120,NA,NA,NA,NA,NA,0,0,0,0,0,0,NA,NA,NA,NA,NA,NA,NA,NA
"2020/05/19","ESTF","Provincia:Santa Cruz de Tenerife",1032983,4,120,4,120,NA,NA,NA,NA,NA,0,0,0,0,0,0,NA,NA,NA,NA,NA,NA,NA,NA
"2020/05/20","ESTF","Provincia:Santa Cruz de Tenerife",1032983,4,120,4,120,NA,NA,NA,NA,NA,0,0,0,0,0,0,NA,NA,NA,NA,NA,NA,NA,NA
"2020/05/21","ESTF","Provincia:Santa Cruz de Tenerife",1032983,4,120,2,70,NA,NA,NA,NA,NA,NA,NA,NA,NA,NA,NA,NA,NA,NA,NA,NA,NA,NA,NA
"2020/05/22","ESTF","Provincia:Santa Cruz de Tenerife",1032983,4,120,0,0,NA,NA,NA,NA,NA,NA,NA,NA,NA,NA,NA,NA,NA,NA,NA,NA,NA,NA,NA
"2020/05/23","ESTF","Provincia:Santa Cruz de Tenerife",1032983,4,120,0,0,NA,NA,NA,NA,NA,NA,NA,NA,NA,NA,NA,NA,NA,NA,NA,NA,NA,NA,NA
"2020/05/24","ESTF","Provincia:Santa Cruz de Tenerife",1032983,4,120,0,0,NA,NA,NA,NA,NA,NA,NA,NA,NA,NA,NA,NA,NA,NA,NA,NA,NA,NA,NA
"2020/05/25","ESTF","Provincia:Santa Cruz de Tenerife",1032983,4,120,0,0,NA,NA,NA,NA,NA,NA,NA,NA,NA,NA,NA,NA,NA,NA,NA,NA,NA,NA,NA
"2020/05/26","ESTF","Provincia:Santa Cruz de Tenerife",1032983,4,120,0,0,NA,NA,NA,NA,NA,NA,NA,NA,NA,NA,NA,NA,NA,NA,NA,NA,NA,NA,NA
"2020/05/27","ESTF","Provincia:Santa Cruz de Tenerife",1032983,4,120,0,0,NA,NA,NA,NA,NA,NA,NA,NA,NA,NA,NA,NA,NA,NA,NA,NA,NA,NA,NA
"2020/05/28","ESTF","Provincia:Santa Cruz de Tenerife",1032983,4,120,0,0,NA,NA,NA,NA,NA,NA,NA,NA,NA,NA,NA,NA,NA,NA,NA,NA,NA,NA,NA
"2020/05/29","ESTF","Provincia:Santa Cruz de Tenerife",1032983,4,120,0,0,NA,NA,NA,NA,NA,NA,NA,NA,NA,NA,NA,NA,NA,NA,NA,NA,NA,NA,NA
"2020/05/30","ESTF","Provincia:Santa Cruz de Tenerife",1032983,4,120,0,0,NA,NA,NA,NA,NA,NA,NA,NA,NA,NA,NA,NA,NA,NA,NA,NA,NA,NA,NA
"2020/05/31","ESTF","Provincia:Santa Cruz de Tenerife",1032983,4,120,0,0,NA,NA,NA,NA,NA,NA,NA,NA,NA,NA,NA,NA,NA,NA,NA,NA,NA,NA,NA
"2020/06/01","ESTF","Provincia:Santa Cruz de Tenerife",1032983,4,120,0,0,NA,NA,NA,NA,NA,NA,NA,NA,NA,NA,NA,NA,NA,NA,NA,NA,NA,NA,NA
"2020/06/02","ESTF","Provincia:Santa Cruz de Tenerife",1032983,4,120,0,0,NA,NA,NA,NA,NA,NA,NA,NA,NA,NA,NA,NA,NA,NA,NA,NA,NA,NA,NA
"2020/06/03","ESTF","Provincia:Santa Cruz de Tenerife",1032983,4,120,0,0,NA,NA,NA,NA,NA,NA,NA,NA,NA,NA,NA,NA,NA,NA,NA,NA,NA,NA,NA
"2020/06/04","ESTF","Provincia:Santa Cruz de Tenerife",1032983,4,120,0,0,NA,NA,NA,NA,NA,NA,NA,NA,NA,NA,NA,NA,NA,NA,NA,NA,NA,NA,NA
"2020/06/05","ESTF","Provincia:Santa Cruz de Tenerife",1032983,4,120,0,0,NA,NA,NA,NA,NA,NA,NA,NA,NA,NA,NA,NA,NA,NA,NA,NA,NA,NA,NA
"2020/06/06","ESTF","Provincia:Santa Cruz de Tenerife",1032983,4,120,0,0,NA,NA,NA,NA,NA,NA,NA,NA,NA,NA,NA,NA,NA,NA,NA,NA,NA,NA,NA
"2020/06/07","ESTF","Provincia:Santa Cruz de Tenerife",1032983,4,120,0,0,NA,NA,NA,NA,NA,NA,NA,NA,NA,NA,NA,NA,NA,NA,NA,NA,NA,NA,NA
"2020/06/08","ESTF","Provincia:Santa Cruz de Tenerife",1032983,4,120,0,0,NA,NA,NA,NA,NA,NA,NA,NA,NA,NA,NA,NA,NA,NA,NA,NA,NA,NA,NA
"2020/06/09","ESTF","Provincia:Santa Cruz de Tenerife",1032983,4,120,0,0,NA,NA,NA,NA,NA,NA,NA,NA,NA,NA,NA,NA,NA,NA,NA,NA,NA,NA,NA
"2020/06/10","ESTF","Provincia:Santa Cruz de Tenerife",1032983,4,120,0,0,NA,NA,NA,NA,NA,NA,NA,NA,NA,NA,NA,NA,NA,NA,NA,NA,NA,NA,NA
"2020/06/11","ESTF","Provincia:Santa Cruz de Tenerife",1032983,4,120,0,0,NA,NA,NA,NA,NA,NA,NA,NA,NA,NA,NA,NA,NA,NA,NA,NA,NA,NA,NA
"2020/06/12","ESTF","Provincia:Santa Cruz de Tenerife",1032983,4,120,0,0,NA,NA,NA,NA,NA,NA,NA,NA,NA,NA,NA,NA,NA,NA,NA,NA,NA,NA,NA
"2020/06/13","ESTF","Provincia:Santa Cruz de Tenerife",1032983,4,120,0,0,NA,NA,NA,NA,NA,NA,NA,NA,NA,NA,NA,NA,NA,NA,NA,NA,NA,NA,NA
"2020/06/14","ESTF","Provincia:Santa Cruz de Tenerife",1032983,4,120,0,0,NA,NA,NA,NA,NA,NA,NA,NA,NA,NA,NA,NA,NA,NA,NA,NA,NA,NA,NA
"2020/06/15","ESTF","Provincia:Santa Cruz de Tenerife",1032983,4,120,0,0,NA,NA,NA,NA,NA,NA,NA,NA,NA,NA,NA,NA,NA,NA,NA,NA,NA,NA,NA
"2020/06/16","ESTF","Provincia:Santa Cruz de Tenerife",1032983,4,120,0,0,NA,NA,NA,NA,NA,NA,NA,NA,NA,NA,NA,NA,NA,NA,NA,NA,NA,NA,NA
"2020/06/17","ESTF","Provincia:Santa Cruz de Tenerife",1032983,4,120,0,0,NA,NA,NA,NA,NA,NA,NA,NA,NA,NA,NA,NA,NA,NA,NA,NA,NA,NA,NA
"2020/06/18","ESTF","Provincia:Santa Cruz de Tenerife",1032983,4,120,0,0,NA,NA,NA,NA,NA,NA,NA,NA,NA,NA,NA,NA,NA,NA,NA,NA,NA,NA,NA
"2020/06/19","ESTF","Provincia:Santa Cruz de Tenerife",1032983,4,120,0,0,NA,NA,NA,NA,NA,NA,NA,NA,NA,NA,NA,NA,NA,NA,NA,NA,NA,NA,NA
"2020/06/20","ESTF","Provincia:Santa Cruz de Tenerife",1032983,4,120,0,0,NA,NA,NA,NA,NA,NA,NA,NA,NA,NA,NA,NA,NA,NA,NA,NA,NA,NA,NA
"2020/06/21","ESTF","Provincia:Santa Cruz de Tenerife",1032983,4,120,0,0,NA,NA,NA,NA,NA,NA,NA,NA,NA,NA,NA,NA,NA,NA,NA,NA,NA,NA,NA
"2020/06/22","ESTF","Provincia:Santa Cruz de Tenerife",1032983,4,120,0,0,NA,NA,NA,NA,NA,NA,NA,NA,NA,NA,NA,NA,NA,NA,NA,NA,NA,NA,NA
"2020/06/23","ESTF","Provincia:Santa Cruz de Tenerife",1032983,4,120,0,0,NA,NA,NA,NA,NA,NA,NA,NA,NA,NA,NA,NA,NA,NA,NA,NA,NA,NA,NA
"2020/06/24","ESTF","Provincia:Santa Cruz de Tenerife",1032983,4,120,0,0,NA,NA,NA,NA,NA,NA,NA,NA,NA,NA,NA,NA,NA,NA,NA,NA,NA,NA,NA
"2020/06/25","ESTF","Provincia:Santa Cruz de Tenerife",1032983,4,120,0,0,NA,NA,NA,NA,NA,NA,NA,NA,NA,NA,NA,NA,NA,NA,NA,NA,NA,NA,NA
"2020/06/26","ESTF","Provincia:Santa Cruz de Tenerife",1032983,4,120,0,0,NA,NA,NA,NA,NA,NA,NA,NA,NA,NA,NA,NA,NA,NA,NA,NA,NA,NA,NA
"2020/06/27","ESTF","Provincia:Santa Cruz de Tenerife",1032983,4,120,0,0,NA,NA,NA,NA,NA,NA,NA,NA,NA,NA,NA,NA,NA,NA,NA,NA,NA,NA,NA
"2020/06/28","ESTF","Provincia:Santa Cruz de Tenerife",1032983,4,120,0,0,NA,NA,NA,NA,NA,NA,NA,NA,NA,NA,NA,NA,NA,NA,NA,NA,NA,NA,NA
"2020/06/29","ESTF","Provincia:Santa Cruz de Tenerife",1032983,4,120,0,0,NA,NA,NA,NA,NA,NA,NA,NA,NA,NA,NA,NA,NA,NA,NA,NA,NA,NA,NA
"2020/06/30","ESTF","Provincia:Santa Cruz de Tenerife",1032983,4,120,0,0,NA,NA,NA,NA,NA,NA,NA,NA,NA,NA,NA,NA,NA,NA,NA,NA,NA,NA,NA
"2020/07/01","ESTF","Provincia:Santa Cruz de Tenerife",1032983,4,120,0,0,NA,NA,NA,NA,NA,NA,NA,NA,NA,NA,NA,NA,NA,NA,NA,NA,NA,NA,NA
"2020/07/02","ESTF","Provincia:Santa Cruz de Tenerife",1032983,4,120,0,0,NA,NA,NA,NA,NA,NA,NA,NA,NA,NA,NA,NA,NA,NA,NA,NA,NA,NA,NA
"2020/07/03","ESTF","Provincia:Santa Cruz de Tenerife",1032983,4,120,0,0,NA,NA,NA,NA,NA,NA,NA,NA,NA,NA,NA,NA,NA,NA,NA,NA,NA,NA,NA
"2020/07/04","ESTF","Provincia:Santa Cruz de Tenerife",1032983,4,120,0,0,NA,NA,NA,NA,NA,NA,NA,NA,NA,NA,NA,NA,NA,NA,NA,NA,NA,NA,NA
"2020/07/05","ESTF","Provincia:Santa Cruz de Tenerife",1032983,4,120,0,0,NA,NA,NA,NA,NA,NA,NA,NA,NA,NA,NA,NA,NA,NA,NA,NA,NA,NA,NA
"2020/07/06","ESTF","Provincia:Santa Cruz de Tenerife",1032983,4,120,0,0,NA,NA,NA,NA,NA,NA,NA,NA,NA,NA,NA,NA,NA,NA,NA,NA,NA,NA,NA
"2020/07/07","ESTF","Provincia:Santa Cruz de Tenerife",1032983,4,120,0,0,NA,NA,NA,NA,NA,NA,NA,NA,NA,NA,NA,NA,NA,NA,NA,NA,NA,NA,NA
"2020/07/08","ESTF","Provincia:Santa Cruz de Tenerife",1032983,4,120,0,0,NA,NA,NA,NA,NA,NA,NA,NA,NA,NA,NA,NA,NA,NA,NA,NA,NA,NA,NA
"2020/07/09","ESTF","Provincia:Santa Cruz de Tenerife",1032983,4,120,0,0,NA,NA,NA,NA,NA,NA,NA,NA,NA,NA,NA,NA,NA,NA,NA,NA,NA,NA,NA
"2020/07/10","ESTF","Provincia:Santa Cruz de Tenerife",1032983,4,120,0,0,NA,NA,NA,NA,NA,NA,NA,NA,NA,NA,NA,NA,NA,NA,NA,NA,NA,NA,NA
"2020/07/11","ESTF","Provincia:Santa Cruz de Tenerife",1032983,5,134,1,14,NA,NA,NA,NA,NA,NA,NA,NA,NA,NA,NA,NA,NA,NA,NA,NA,NA,NA,NA
"2020/07/12","ESTF","Provincia:Santa Cruz de Tenerife",1032983,5,134,1,14,NA,NA,NA,NA,NA,NA,NA,NA,NA,NA,NA,NA,NA,NA,NA,NA,NA,NA,NA
"2020/07/13","ESTF","Provincia:Santa Cruz de Tenerife",1032983,5,134,1,14,NA,NA,NA,NA,NA,NA,NA,NA,NA,NA,NA,NA,NA,NA,NA,NA,NA,NA,NA
"2020/07/14","ESTF","Provincia:Santa Cruz de Tenerife",1032983,5,134,1,14,NA,NA,NA,NA,NA,NA,NA,NA,NA,NA,NA,NA,NA,NA,NA,NA,NA,NA,NA
"2020/07/15","ESTF","Provincia:Santa Cruz de Tenerife",1032983,5,134,1,14,NA,NA,NA,NA,NA,NA,NA,NA,NA,NA,NA,NA,NA,NA,NA,NA,NA,NA,NA
"2020/07/16","ESTF","Provincia:Santa Cruz de Tenerife",1032983,5,134,1,14,NA,NA,NA,NA,NA,NA,NA,NA,NA,NA,NA,NA,NA,NA,NA,NA,NA,NA,NA
"2020/07/17","ESTF","Provincia:Santa Cruz de Tenerife",1032983,5,134,1,14,NA,NA,NA,NA,NA,NA,NA,NA,NA,NA,NA,NA,NA,NA,NA,NA,NA,NA,NA
"2020/07/18","ESTF","Provincia:Santa Cruz de Tenerife",1032983,5,134,0,0,NA,NA,NA,NA,NA,NA,NA,NA,NA,NA,NA,NA,NA,NA,NA,NA,NA,NA,NA
"2020/07/19","ESTF","Provincia:Santa Cruz de Tenerife",1032983,5,134,0,0,NA,NA,NA,NA,NA,NA,NA,NA,NA,NA,NA,NA,NA,NA,NA,NA,NA,NA,NA
"2020/07/20","ESTF","Provincia:Santa Cruz de Tenerife",1032983,5,134,0,0,NA,NA,NA,NA,NA,NA,NA,NA,NA,NA,NA,NA,NA,NA,NA,NA,NA,NA,NA
"2020/07/21","ESTF","Provincia:Santa Cruz de Tenerife",1032983,5,134,0,0,NA,NA,NA,NA,NA,NA,NA,NA,NA,NA,NA,NA,NA,NA,NA,NA,NA,NA,NA
"2020/07/22","ESTF","Provincia:Santa Cruz de Tenerife",1032983,5,134,0,0,NA,NA,NA,NA,NA,NA,NA,NA,NA,NA,NA,NA,NA,NA,NA,NA,NA,NA,NA
"2020/07/23","ESTF","Provincia:Santa Cruz de Tenerife",1032983,5,134,0,0,NA,NA,NA,NA,NA,NA,NA,NA,NA,NA,NA,NA,NA,NA,NA,NA,NA,NA,NA
"2020/07/24","ESTF","Provincia:Santa Cruz de Tenerife",1032983,5,134,0,0,NA,NA,NA,NA,NA,NA,NA,NA,NA,NA,NA,NA,NA,NA,NA,NA,NA,NA,NA
"2020/07/25","ESTF","Provincia:Santa Cruz de Tenerife",1032983,5,134,0,0,NA,NA,NA,NA,NA,NA,NA,NA,NA,NA,NA,NA,NA,NA,NA,NA,NA,NA,NA
"2020/07/26","ESTF","Provincia:Santa Cruz de Tenerife",1032983,5,134,0,0,NA,NA,NA,NA,NA,NA,NA,NA,NA,NA,NA,NA,NA,NA,NA,NA,NA,NA,NA
"2020/07/27","ESTF","Provincia:Santa Cruz de Tenerife",1032983,5,134,0,0,NA,NA,NA,NA,NA,NA,NA,NA,NA,NA,NA,NA,NA,NA,NA,NA,NA,NA,NA
"2020/07/28","ESTF","Provincia:Santa Cruz de Tenerife",1032983,5,134,0,0,NA,NA,NA,NA,NA,NA,NA,NA,NA,NA,NA,NA,NA,NA,NA,NA,NA,NA,NA
"2020/07/29","ESTF","Provincia:Santa Cruz de Tenerife",1032983,5,134,0,0,NA,NA,NA,NA,NA,NA,NA,NA,NA,NA,NA,NA,NA,NA,NA,NA,NA,NA,NA
"2020/07/30","ESTF","Provincia:Santa Cruz de Tenerife",1032983,5,134,0,0,NA,NA,NA,NA,NA,NA,NA,NA,NA,NA,NA,NA,NA,NA,NA,NA,NA,NA,NA
"2020/07/31","ESTF","Provincia:Santa Cruz de Tenerife",1032983,5,134,0,0,NA,NA,NA,NA,NA,NA,NA,NA,NA,NA,NA,NA,NA,NA,NA,NA,NA,NA,NA
"2020/08/01","ESTF","Provincia:Santa Cruz de Tenerife",1032983,5,134,0,0,NA,NA,NA,NA,NA,NA,NA,NA,NA,NA,NA,NA,NA,NA,NA,NA,NA,NA,NA
"2020/08/02","ESTF","Provincia:Santa Cruz de Tenerife",1032983,5,134,0,0,NA,NA,NA,NA,NA,NA,NA,NA,NA,NA,NA,NA,NA,NA,NA,NA,NA,NA,NA
"2020/08/03","ESTF","Provincia:Santa Cruz de Tenerife",1032983,5,134,0,0,NA,NA,NA,NA,NA,NA,NA,NA,NA,NA,NA,NA,NA,NA,NA,NA,NA,NA,NA
"2020/08/04","ESTF","Provincia:Santa Cruz de Tenerife",1032983,5,134,0,0,NA,NA,NA,NA,NA,NA,NA,NA,NA,NA,NA,NA,NA,NA,NA,NA,NA,NA,NA
"2020/08/05","ESTF","Provincia:Santa Cruz de Tenerife",1032983,5,134,0,0,NA,NA,NA,NA,NA,NA,NA,NA,NA,NA,NA,NA,NA,NA,NA,NA,NA,NA,NA
"2020/08/06","ESTF","Provincia:Santa Cruz de Tenerife",1032983,5,134,0,0,NA,NA,NA,NA,NA,NA,NA,NA,NA,NA,NA,NA,NA,NA,NA,NA,NA,NA,NA
"2020/08/07","ESTF","Provincia:Santa Cruz de Tenerife",1032983,5,134,0,0,NA,NA,NA,NA,NA,NA,NA,NA,NA,NA,NA,NA,NA,NA,NA,NA,NA,NA,NA
"2020/08/08","ESTF","Provincia:Santa Cruz de Tenerife",1032983,5,134,0,0,NA,NA,NA,NA,NA,NA,NA,NA,NA,NA,NA,NA,NA,NA,NA,NA,NA,NA,NA
"2020/08/09","ESTF","Provincia:Santa Cruz de Tenerife",1032983,5,134,0,0,NA,NA,NA,NA,NA,NA,NA,NA,NA,NA,NA,NA,NA,NA,NA,NA,NA,NA,NA
"2020/08/10","ESTF","Provincia:Santa Cruz de Tenerife",1032983,5,134,0,0,NA,NA,NA,NA,NA,NA,NA,NA,NA,NA,NA,NA,NA,NA,NA,NA,NA,NA,NA
"2020/08/11","ESTF","Provincia:Santa Cruz de Tenerife",1032983,5,134,0,0,NA,NA,NA,NA,NA,NA,NA,NA,NA,NA,NA,NA,NA,NA,NA,NA,NA,NA,NA
"2020/08/12","ESTF","Provincia:Santa Cruz de Tenerife",1032983,5,134,0,0,NA,NA,NA,NA,NA,NA,NA,NA,NA,NA,NA,NA,NA,NA,NA,NA,NA,NA,NA
"2020/08/13","ESTF","Provincia:Santa Cruz de Tenerife",1032983,5,134,0,0,NA,NA,NA,NA,NA,NA,NA,NA,NA,NA,NA,NA,NA,NA,NA,NA,NA,NA,NA
"2020/08/14","ESTF","Provincia:Santa Cruz de Tenerife",1032983,5,134,0,0,NA,NA,NA,NA,NA,NA,NA,NA,NA,NA,NA,NA,NA,NA,NA,NA,NA,NA,NA
"2020/08/15","ESTF","Provincia:Santa Cruz de Tenerife",1032983,5,134,0,0,NA,NA,NA,NA,NA,NA,NA,NA,NA,NA,NA,NA,NA,NA,NA,NA,NA,NA,NA
"2020/08/16","ESTF","Provincia:Santa Cruz de Tenerife",1032983,5,134,0,0,NA,NA,NA,NA,NA,NA,NA,NA,NA,NA,NA,NA,NA,NA,NA,NA,NA,NA,NA
"2020/08/17","ESTF","Provincia:Santa Cruz de Tenerife",1032983,5,134,0,0,NA,NA,NA,NA,NA,NA,NA,NA,NA,NA,NA,NA,NA,NA,NA,NA,NA,NA,NA
"2020/08/18","ESTF","Provincia:Santa Cruz de Tenerife",1032983,5,134,0,0,NA,NA,NA,NA,NA,NA,NA,NA,NA,NA,NA,NA,NA,NA,NA,NA,NA,NA,NA
"2020/08/19","ESTF","Provincia:Santa Cruz de Tenerife",1032983,5,134,0,0,NA,NA,NA,NA,NA,NA,NA,NA,NA,NA,NA,NA,NA,NA,NA,NA,NA,NA,NA
"2020/08/20","ESTF","Provincia:Santa Cruz de Tenerife",1032983,5,134,0,0,NA,NA,NA,NA,NA,NA,NA,NA,NA,NA,NA,NA,NA,NA,NA,NA,NA,NA,NA
"2020/08/21","ESTF","Provincia:Santa Cruz de Tenerife",1032983,5,134,0,0,NA,NA,NA,NA,NA,NA,NA,NA,NA,NA,NA,NA,NA,NA,NA,NA,NA,NA,NA
"2020/08/22","ESTF","Provincia:Santa Cruz de Tenerife",1032983,5,134,0,0,NA,NA,NA,NA,NA,NA,NA,NA,NA,NA,NA,NA,NA,NA,NA,NA,NA,NA,NA
"2020/08/23","ESTF","Provincia:Santa Cruz de Tenerife",1032983,5,134,0,0,NA,NA,NA,NA,NA,NA,NA,NA,NA,NA,NA,NA,NA,NA,NA,NA,NA,NA,NA
"2020/08/24","ESTF","Provincia:Santa Cruz de Tenerife",1032983,5,134,0,0,NA,NA,NA,NA,NA,NA,NA,NA,NA,NA,NA,NA,NA,NA,NA,NA,NA,NA,NA
"2020/08/25","ESTF","Provincia:Santa Cruz de Tenerife",1032983,5,134,0,0,NA,NA,NA,NA,NA,NA,NA,NA,NA,NA,NA,NA,NA,NA,NA,NA,NA,NA,NA
"2020/08/26","ESTF","Provincia:Santa Cruz de Tenerife",1032983,5,134,0,0,NA,NA,NA,NA,NA,NA,NA,NA,NA,NA,NA,NA,NA,NA,NA,NA,NA,NA,NA
"2020/08/27","ESTF","Provincia:Santa Cruz de Tenerife",1032983,5,134,0,0,NA,NA,NA,NA,NA,NA,NA,NA,NA,NA,NA,NA,NA,NA,NA,NA,NA,NA,NA
"2020/08/28","ESTF","Provincia:Santa Cruz de Tenerife",1032983,5,134,0,0,NA,NA,NA,NA,NA,NA,NA,NA,NA,NA,NA,NA,NA,NA,NA,NA,NA,NA,NA
"2020/08/29","ESTF","Provincia:Santa Cruz de Tenerife",1032983,5,134,0,0,NA,NA,NA,NA,NA,NA,NA,NA,NA,NA,NA,NA,NA,NA,NA,NA,NA,NA,NA
"2020/08/30","ESTF","Provincia:Santa Cruz de Tenerife",1032983,5,134,0,0,NA,NA,NA,NA,NA,NA,NA,NA,NA,NA,NA,NA,NA,NA,NA,NA,NA,NA,NA
"2020/08/31","ESTF","Provincia:Santa Cruz de Tenerife",1032983,5,134,0,0,NA,NA,NA,NA,NA,NA,NA,NA,NA,NA,NA,NA,NA,NA,NA,NA,NA,NA,NA
"2020/09/01","ESTF","Provincia:Santa Cruz de Tenerife",1032983,5,134,0,0,NA,NA,NA,NA,NA,NA,NA,NA,NA,NA,NA,NA,NA,NA,NA,NA,NA,NA,NA
"2020/09/02","ESTF","Provincia:Santa Cruz de Tenerife",1032983,5,134,0,0,NA,NA,NA,NA,NA,NA,NA,NA,NA,NA,NA,NA,NA,NA,NA,NA,NA,NA,NA
"2020/09/03","ESTF","Provincia:Santa Cruz de Tenerife",1032983,5,134,0,0,NA,NA,NA,NA,NA,NA,NA,NA,NA,NA,NA,NA,NA,NA,NA,NA,NA,NA,NA
"2020/09/04","ESTF","Provincia:Santa Cruz de Tenerife",1032983,5,134,0,0,NA,NA,NA,NA,NA,NA,NA,NA,NA,NA,NA,NA,NA,NA,NA,NA,NA,NA,NA
"2020/09/05","ESTF","Provincia:Santa Cruz de Tenerife",1032983,5,134,0,0,NA,NA,NA,NA,NA,NA,NA,NA,NA,NA,NA,NA,NA,NA,NA,NA,NA,NA,NA
"2020/09/06","ESTF","Provincia:Santa Cruz de Tenerife",1032983,5,134,0,0,NA,NA,NA,NA,NA,NA,NA,NA,NA,NA,NA,NA,NA,NA,NA,NA,NA,NA,NA
"2020/09/07","ESTF","Provincia:Santa Cruz de Tenerife",1032983,5,134,0,0,NA,NA,NA,NA,NA,NA,NA,NA,NA,NA,NA,NA,NA,NA,NA,NA,NA,NA,NA
"2020/09/08","ESTF","Provincia:Santa Cruz de Tenerife",1032983,5,134,0,0,NA,NA,NA,NA,NA,NA,NA,NA,NA,NA,NA,NA,NA,NA,NA,NA,NA,NA,NA
"2020/09/09","ESTF","Provincia:Santa Cruz de Tenerife",1032983,5,134,0,0,NA,NA,NA,NA,NA,NA,NA,NA,NA,NA,NA,NA,NA,NA,NA,NA,NA,NA,NA
"2020/09/10","ESTF","Provincia:Santa Cruz de Tenerife",1032983,5,134,0,0,NA,NA,NA,NA,NA,NA,NA,NA,NA,NA,NA,NA,NA,NA,NA,NA,NA,NA,NA
"2020/09/11","ESTF","Provincia:Santa Cruz de Tenerife",1032983,5,134,0,0,NA,NA,NA,NA,NA,NA,NA,NA,NA,NA,NA,NA,NA,NA,NA,NA,NA,NA,NA
"2020/09/12","ESTF","Provincia:Santa Cruz de Tenerife",1032983,5,134,0,0,NA,NA,NA,NA,NA,NA,NA,NA,NA,NA,NA,NA,NA,NA,NA,NA,NA,NA,NA
"2020/09/13","ESTF","Provincia:Santa Cruz de Tenerife",1032983,5,134,0,0,NA,NA,NA,NA,NA,NA,NA,NA,NA,NA,NA,NA,NA,NA,NA,NA,NA,NA,NA
"2020/09/14","ESTF","Provincia:Santa Cruz de Tenerife",1032983,5,134,0,0,NA,NA,NA,NA,NA,NA,NA,NA,NA,NA,NA,NA,NA,NA,NA,NA,NA,NA,NA
"2020/09/15","ESTF","Provincia:Santa Cruz de Tenerife",1032983,5,134,0,0,NA,NA,NA,NA,NA,NA,NA,NA,NA,NA,NA,NA,NA,NA,NA,NA,NA,NA,NA
"2020/09/16","ESTF","Provincia:Santa Cruz de Tenerife",1032983,5,134,0,0,NA,NA,NA,NA,NA,NA,NA,NA,NA,NA,NA,NA,NA,NA,NA,NA,NA,NA,NA
"2020/09/17","ESTF","Provincia:Santa Cruz de Tenerife",1032983,5,134,0,0,NA,NA,NA,NA,NA,NA,NA,NA,NA,NA,NA,NA,NA,NA,NA,NA,NA,NA,NA
"2020/09/18","ESTF","Provincia:Santa Cruz de Tenerife",1032983,5,134,0,0,NA,NA,NA,NA,NA,NA,NA,NA,NA,NA,NA,NA,NA,NA,NA,NA,NA,NA,NA
"2020/09/19","ESTF","Provincia:Santa Cruz de Tenerife",1032983,5,134,0,0,NA,NA,NA,NA,NA,NA,NA,NA,NA,NA,NA,NA,NA,NA,NA,NA,NA,NA,NA
"2020/09/20","ESTF","Provincia:Santa Cruz de Tenerife",1032983,5,134,0,0,NA,NA,NA,NA,NA,NA,NA,NA,NA,NA,NA,NA,NA,NA,NA,NA,NA,NA,NA
"2020/09/21","ESTF","Provincia:Santa Cruz de Tenerife",1032983,5,134,0,0,NA,NA,NA,NA,NA,NA,NA,NA,NA,NA,NA,NA,NA,NA,NA,NA,NA,NA,NA
"2020/09/22","ESTF","Provincia:Santa Cruz de Tenerife",1032983,5,134,0,0,NA,NA,NA,NA,NA,NA,NA,NA,NA,NA,NA,NA,NA,NA,NA,NA,NA,NA,NA
"2020/09/23","ESTF","Provincia:Santa Cruz de Tenerife",1032983,5,134,0,0,NA,NA,NA,NA,NA,NA,NA,NA,NA,NA,NA,NA,NA,NA,NA,NA,NA,NA,NA
"2020/09/24","ESTF","Provincia:Santa Cruz de Tenerife",1032983,5,134,0,0,NA,NA,NA,NA,NA,NA,NA,NA,NA,NA,NA,NA,NA,NA,NA,NA,NA,NA,NA
"2020/09/25","ESTF","Provincia:Santa Cruz de Tenerife",1032983,5,134,0,0,NA,NA,NA,NA,NA,NA,NA,NA,NA,NA,NA,NA,NA,NA,NA,NA,NA,NA,NA
"2020/09/26","ESTF","Provincia:Santa Cruz de Tenerife",1032983,5,134,0,0,NA,NA,NA,NA,NA,NA,NA,NA,NA,NA,NA,NA,NA,NA,NA,NA,NA,NA,NA
"2020/09/27","ESTF","Provincia:Santa Cruz de Tenerife",1032983,5,134,0,0,NA,NA,NA,NA,NA,NA,NA,NA,NA,NA,NA,NA,NA,NA,NA,NA,NA,NA,NA
"2020/09/28","ESTF","Provincia:Santa Cruz de Tenerife",1032983,5,134,0,0,NA,NA,NA,NA,NA,NA,NA,NA,NA,NA,NA,NA,NA,NA,NA,NA,NA,NA,NA
"2020/09/29","ESTF","Provincia:Santa Cruz de Tenerife",1032983,5,134,0,0,NA,NA,NA,NA,NA,NA,NA,NA,NA,NA,NA,NA,NA,NA,NA,NA,NA,NA,NA
"2020/09/30","ESTF","Provincia:Santa Cruz de Tenerife",1032983,6,334,1,200,0.0359281437125748,0.0199593755439809,37113.1616766467,0,0,0,0,0,0,0,0,NA,NA,NA,NA,NA,NA,NA,NA
"2020/10/01","ESTF","Provincia:Santa Cruz de Tenerife",1032983,6,334,1,200,0.0359281437125748,0.0199593755439809,37113.1616766467,0,0,0,0,0,0,0,0,NA,NA,NA,NA,NA,NA,NA,NA
"2020/10/02","ESTF","Provincia:Santa Cruz de Tenerife",1032983,6,334,1,200,0.0359281437125748,0.0199593755439809,37113.1616766467,0,0,0,0,0,0,0,0,NA,NA,NA,NA,NA,NA,NA,NA
"2020/10/03","ESTF","Provincia:Santa Cruz de Tenerife",1032983,6,334,1,200,0.0359281437125748,0.0199593755439809,37113.1616766467,0,0,0,0,0,0,0,0,NA,NA,NA,NA,NA,NA,NA,NA
"2020/10/04","ESTF","Provincia:Santa Cruz de Tenerife",1032983,6,334,1,200,0.0359281437125748,0.0199593755439809,37113.1616766467,0,0,0,0,0,0,0,0,NA,NA,NA,NA,NA,NA,NA,NA
"2020/10/05","ESTF","Provincia:Santa Cruz de Tenerife",1032983,6,334,1,200,0.0359281437125748,0.0199593755439809,37113.1616766467,0,0,0,0,0,0,0,0,NA,NA,NA,NA,NA,NA,NA,NA
"2020/10/06","ESTF","Provincia:Santa Cruz de Tenerife",1032983,6,334,1,200,0.0359281437125748,0.0199593755439809,37113.1616766467,0,0,0,0,0,0,0,0,NA,NA,NA,NA,NA,NA,NA,NA
"2020/10/07","ESTF","Provincia:Santa Cruz de Tenerife",1032983,6,334,0,0,0.0359281437125748,0.0199593755439809,37113.1616766467,0,0,NA,NA,NA,NA,NA,NA,NA,NA,NA,NA,NA,NA,NA,NA
"2020/10/08","ESTF","Provincia:Santa Cruz de Tenerife",1032983,6,334,0,0,0.0359281437125748,0.0199593755439809,37113.1616766467,0,0,NA,NA,NA,NA,NA,NA,NA,NA,NA,NA,NA,NA,NA,NA
"2020/10/09","ESTF","Provincia:Santa Cruz de Tenerife",1032983,6,334,0,0,0.0359281437125748,0.0199593755439809,37113.1616766467,0,0,NA,NA,NA,NA,NA,NA,NA,NA,NA,NA,NA,NA,NA,NA
"2020/10/10","ESTF","Provincia:Santa Cruz de Tenerife",1032983,6,334,0,0,0.0359281437125748,0.0199593755439809,37113.1616766467,0,0,NA,NA,NA,NA,NA,NA,NA,NA,NA,NA,NA,NA,NA,NA
"2020/10/11","ESTF","Provincia:Santa Cruz de Tenerife",1032983,6,334,0,0,0.0359281437125748,0.0199593755439809,37113.1616766467,0,0,NA,NA,NA,NA,NA,NA,NA,NA,NA,NA,NA,NA,NA,NA
"2020/10/12","ESTF","Provincia:Santa Cruz de Tenerife",1032983,6,334,0,0,0.0359281437125748,0.0199593755439809,37113.1616766467,0,0,NA,NA,NA,NA,NA,NA,NA,NA,NA,NA,NA,NA,NA,NA
"2020/10/13","ESTF","Provincia:Santa Cruz de Tenerife",1032983,6,334,0,0,0.0359281437125748,0.0199593755439809,37113.1616766467,0,0,NA,NA,NA,NA,NA,NA,NA,NA,NA,NA,NA,NA,NA,NA
"2020/10/14","ESTF","Provincia:Santa Cruz de Tenerife",1032983,6,334,0,0,0.0359281437125748,0.0199593755439809,37113.1616766467,0,0,NA,NA,NA,NA,NA,NA,NA,NA,NA,NA,NA,NA,NA,NA
"2020/10/15","ESTF","Provincia:Santa Cruz de Tenerife",1032983,6,334,0,0,0.0359281437125748,0.0199593755439809,37113.1616766467,0,0,NA,NA,NA,NA,NA,NA,NA,NA,NA,NA,NA,NA,NA,NA
"2020/10/16","ESTF","Provincia:Santa Cruz de Tenerife",1032983,6,334,0,0,0.0359281437125748,0.0199593755439809,37113.1616766467,0,0,NA,NA,NA,NA,NA,NA,NA,NA,NA,NA,NA,NA,NA,NA
"2020/10/17","ESTF","Provincia:Santa Cruz de Tenerife",1032983,6,334,0,0,0.0359281437125748,0.0199593755439809,37113.1616766467,0,0,NA,NA,NA,NA,NA,NA,NA,NA,NA,NA,NA,NA,NA,NA
"2020/10/18","ESTF","Provincia:Santa Cruz de Tenerife",1032983,6,334,0,0,0.0359281437125748,0.0199593755439809,37113.1616766467,0,0,NA,NA,NA,NA,NA,NA,NA,NA,NA,NA,NA,NA,NA,NA
"2020/10/19","ESTF","Provincia:Santa Cruz de Tenerife",1032983,6,334,0,0,0.0359281437125748,0.0199593755439809,37113.1616766467,0,0,NA,NA,NA,NA,NA,NA,NA,NA,NA,NA,NA,NA,NA,NA
"2020/10/20","ESTF","Provincia:Santa Cruz de Tenerife",1032983,6,334,0,0,0.0359281437125748,0.0199593755439809,37113.1616766467,0,0,NA,NA,NA,NA,NA,NA,NA,NA,NA,NA,NA,NA,NA,NA
"2020/10/21","ESTF","Provincia:Santa Cruz de Tenerife",1032983,6,334,0,0,0.0359281437125748,0.0199593755439809,37113.1616766467,0,0,NA,NA,NA,NA,NA,NA,NA,NA,NA,NA,NA,NA,NA,NA
"2020/10/22","ESTF","Provincia:Santa Cruz de Tenerife",1032983,6,334,0,0,0.0359281437125748,0.0199593755439809,37113.1616766467,0,0,NA,NA,NA,NA,NA,NA,NA,NA,NA,NA,NA,NA,NA,NA
"2020/10/23","ESTF","Provincia:Santa Cruz de Tenerife",1032983,6,334,0,0,0.0359281437125748,0.0199593755439809,37113.1616766467,0,0,NA,NA,NA,NA,NA,NA,NA,NA,NA,NA,NA,NA,NA,NA
"2020/10/24","ESTF","Provincia:Santa Cruz de Tenerife",1032983,6,334,0,0,0.0359281437125748,0.0199593755439809,37113.1616766467,0,0,NA,NA,NA,NA,NA,NA,NA,NA,NA,NA,NA,NA,NA,NA
"2020/10/25","ESTF","Provincia:Santa Cruz de Tenerife",1032983,6,334,0,0,0.0359281437125748,0.0199593755439809,37113.1616766467,0,0,NA,NA,NA,NA,NA,NA,NA,NA,NA,NA,NA,NA,NA,NA
"2020/10/26","ESTF","Provincia:Santa Cruz de Tenerife",1032983,6,334,0,0,0.0359281437125748,0.0199593755439809,37113.1616766467,0,0,NA,NA,NA,NA,NA,NA,NA,NA,NA,NA,NA,NA,NA,NA
"2020/10/27","ESTF","Provincia:Santa Cruz de Tenerife",1032983,6,334,0,0,0.0359281437125748,0.0199593755439809,37113.1616766467,0,0,NA,NA,NA,NA,NA,NA,NA,NA,NA,NA,NA,NA,NA,NA
"2020/10/28","ESTF","Provincia:Santa Cruz de Tenerife",1032983,6,334,0,0,0.0359281437125748,0.0199593755439809,37113.1616766467,0,0,NA,NA,NA,NA,NA,NA,NA,NA,NA,NA,NA,NA,NA,NA
"2020/10/29","ESTF","Provincia:Santa Cruz de Tenerife",1032983,6,334,0,0,0.0359281437125748,0.0199593755439809,37113.1616766467,0,0,NA,NA,NA,NA,NA,NA,NA,NA,NA,NA,NA,NA,NA,NA
"2020/10/30","ESTF","Provincia:Santa Cruz de Tenerife",1032983,6,334,0,0,0.0359281437125748,0.0199593755439809,37113.1616766467,0,0,NA,NA,NA,NA,NA,NA,NA,NA,NA,NA,NA,NA,NA,NA
"2020/10/31","ESTF","Provincia:Santa Cruz de Tenerife",1032983,6,334,0,0,0.0359281437125748,0.0199593755439809,37113.1616766467,0,0,NA,NA,NA,NA,NA,NA,NA,NA,NA,NA,NA,NA,NA,NA
"2020/11/01","ESTF","Provincia:Santa Cruz de Tenerife",1032983,6,334,0,0,0.0359281437125748,0.0199593755439809,37113.1616766467,0,0,NA,NA,NA,NA,NA,NA,NA,NA,NA,NA,NA,NA,NA,NA
"2020/11/02","ESTF","Provincia:Santa Cruz de Tenerife",1032983,6,334,0,0,0.0359281437125748,0.0199593755439809,37113.1616766467,0,0,NA,NA,NA,NA,NA,NA,NA,NA,NA,NA,NA,NA,NA,NA
"2020/11/03","ESTF","Provincia:Santa Cruz de Tenerife",1032983,6,334,0,0,0.0359281437125748,0.0199593755439809,37113.1616766467,0,0,NA,NA,NA,NA,NA,NA,NA,NA,NA,NA,NA,NA,NA,NA
"2020/11/04","ESTF","Provincia:Santa Cruz de Tenerife",1032983,6,334,0,0,0.0359281437125748,0.0199593755439809,37113.1616766467,0,0,NA,NA,NA,NA,NA,NA,NA,NA,NA,NA,NA,NA,NA,NA
"2020/11/05","ESTF","Provincia:Santa Cruz de Tenerife",1032983,6,334,0,0,0.0359281437125748,0.0199593755439809,37113.1616766467,0,0,NA,NA,NA,NA,NA,NA,NA,NA,NA,NA,NA,NA,NA,NA
"2020/11/06","ESTF","Provincia:Santa Cruz de Tenerife",1032983,6,334,0,0,0.0359281437125748,0.0199593755439809,37113.1616766467,0,0,NA,NA,NA,NA,NA,NA,NA,NA,NA,NA,NA,NA,NA,NA
"2020/11/07","ESTF","Provincia:Santa Cruz de Tenerife",1032983,6,334,0,0,0.0359281437125748,0.0199593755439809,37113.1616766467,0,0,NA,NA,NA,NA,NA,NA,NA,NA,NA,NA,NA,NA,NA,NA
"2020/11/08","ESTF","Provincia:Santa Cruz de Tenerife",1032983,6,334,0,0,0.0359281437125748,0.0199593755439809,37113.1616766467,0,0,NA,NA,NA,NA,NA,NA,NA,NA,NA,NA,NA,NA,NA,NA
"2020/11/09","ESTF","Provincia:Santa Cruz de Tenerife",1032983,6,334,0,0,0.0359281437125748,0.0199593755439809,37113.1616766467,0,0,NA,NA,NA,NA,NA,NA,NA,NA,NA,NA,NA,NA,NA,NA
"2020/11/10","ESTF","Provincia:Santa Cruz de Tenerife",1032983,6,334,0,0,0.0359281437125748,0.0199593755439809,37113.1616766467,0,0,NA,NA,NA,NA,NA,NA,NA,NA,NA,NA,NA,NA,NA,NA
"2020/11/11","ESTF","Provincia:Santa Cruz de Tenerife",1032983,6,334,0,0,0.0359281437125748,0.0199593755439809,37113.1616766467,0,0,NA,NA,NA,NA,NA,NA,NA,NA,NA,NA,NA,NA,NA,NA
"2020/11/12","ESTF","Provincia:Santa Cruz de Tenerife",1032983,6,334,0,0,0.0359281437125748,0.0199593755439809,37113.1616766467,0,0,NA,NA,NA,NA,NA,NA,NA,NA,NA,NA,NA,NA,NA,NA
"2020/11/13","ESTF","Provincia:Santa Cruz de Tenerife",1032983,6,334,0,0,0.0359281437125748,0.0199593755439809,37113.1616766467,0,0,NA,NA,NA,NA,NA,NA,NA,NA,NA,NA,NA,NA,NA,NA
"2020/11/14","ESTF","Provincia:Santa Cruz de Tenerife",1032983,6,334,0,0,0.0359281437125748,0.0199593755439809,37113.1616766467,0,0,NA,NA,NA,NA,NA,NA,NA,NA,NA,NA,NA,NA,NA,NA
"2020/11/15","ESTF","Provincia:Santa Cruz de Tenerife",1032983,6,334,0,0,0.0359281437125748,0.0199593755439809,37113.1616766467,0,0,NA,NA,NA,NA,NA,NA,NA,NA,NA,NA,NA,NA,NA,NA
"2020/11/16","ESTF","Provincia:Santa Cruz de Tenerife",1032983,6,334,0,0,0.0359281437125748,0.0199593755439809,37113.1616766467,0,0,NA,NA,NA,NA,NA,NA,NA,NA,NA,NA,NA,NA,NA,NA
"2020/11/17","ESTF","Provincia:Santa Cruz de Tenerife",1032983,6,334,0,0,0.0359281437125748,0.0199593755439809,37113.1616766467,0,0,NA,NA,NA,NA,NA,NA,NA,NA,NA,NA,NA,NA,NA,NA
"2020/11/18","ESTF","Provincia:Santa Cruz de Tenerife",1032983,6,334,0,0,0.0359281437125748,0.0199593755439809,37113.1616766467,0,0,NA,NA,NA,NA,NA,NA,NA,NA,NA,NA,NA,NA,NA,NA
"2020/11/19","ESTF","Provincia:Santa Cruz de Tenerife",1032983,6,334,0,0,0.0359281437125748,0.0199593755439809,37113.1616766467,0,0,NA,NA,NA,NA,NA,NA,NA,NA,NA,NA,NA,NA,NA,NA
"2020/11/20","ESTF","Provincia:Santa Cruz de Tenerife",1032983,6,334,0,0,0.0359281437125748,0.0199593755439809,37113.1616766467,0,0,NA,NA,NA,NA,NA,NA,NA,NA,NA,NA,NA,NA,NA,NA
"2020/11/21","ESTF","Provincia:Santa Cruz de Tenerife",1032983,6,334,0,0,0.0359281437125748,0.0199593755439809,37113.1616766467,0,0,NA,NA,NA,NA,NA,NA,NA,NA,NA,NA,NA,NA,NA,NA
"2020/11/22","ESTF","Provincia:Santa Cruz de Tenerife",1032983,6,334,0,0,0.0359281437125748,0.0199593755439809,37113.1616766467,0,0,NA,NA,NA,NA,NA,NA,NA,NA,NA,NA,NA,NA,NA,NA
"2020/11/23","ESTF","Provincia:Santa Cruz de Tenerife",1032983,6,334,0,0,0.0359281437125748,0.0199593755439809,37113.1616766467,0,0,NA,NA,NA,NA,NA,NA,NA,NA,NA,NA,NA,NA,NA,NA
"2020/11/24","ESTF","Provincia:Santa Cruz de Tenerife",1032983,6,334,0,0,0.0359281437125748,0.0199593755439809,37113.1616766467,0,0,NA,NA,NA,NA,NA,NA,NA,NA,NA,NA,NA,NA,NA,NA
"2020/11/25","ESTF","Provincia:Santa Cruz de Tenerife",1032983,6,334,0,0,0.0359281437125748,0.0199593755439809,37113.1616766467,0,0,NA,NA,NA,NA,NA,NA,NA,NA,NA,NA,NA,NA,NA,NA
"2020/11/26","ESTF","Provincia:Santa Cruz de Tenerife",1032983,6,334,0,0,0.0359281437125748,0.0199593755439809,37113.1616766467,0,0,NA,NA,NA,NA,NA,NA,NA,NA,NA,NA,NA,NA,NA,NA
"2020/11/27","ESTF","Provincia:Santa Cruz de Tenerife",1032983,6,334,0,0,0.0359281437125748,0.0199593755439809,37113.1616766467,0,0,NA,NA,NA,NA,NA,NA,NA,NA,NA,NA,NA,NA,NA,NA
"2020/11/28","ESTF","Provincia:Santa Cruz de Tenerife",1032983,6,334,0,0,0.0359281437125748,0.0199593755439809,37113.1616766467,0,0,NA,NA,NA,NA,NA,NA,NA,NA,NA,NA,NA,NA,NA,NA
"2020/11/29","ESTF","Provincia:Santa Cruz de Tenerife",1032983,6,334,0,0,0.0359281437125748,0.0199593755439809,37113.1616766467,0,0,NA,NA,NA,NA,NA,NA,NA,NA,NA,NA,NA,NA,NA,NA
"2020/11/30","ESTF","Provincia:Santa Cruz de Tenerife",1032983,6,334,0,0,0.0359281437125748,0.0199593755439809,37113.1616766467,0,0,NA,NA,NA,NA,NA,NA,NA,NA,NA,NA,NA,NA,NA,NA
"2020/12/01","ESTF","Provincia:Santa Cruz de Tenerife",1032983,6,334,0,0,0.0359281437125748,0.0199593755439809,37113.1616766467,0,0,NA,NA,NA,NA,NA,NA,NA,NA,NA,NA,NA,NA,NA,NA
"2020/12/02","ESTF","Provincia:Santa Cruz de Tenerife",1032983,6,334,0,0,0.0359281437125748,0.0199593755439809,37113.1616766467,0,0,NA,NA,NA,NA,NA,NA,NA,NA,NA,NA,NA,NA,NA,NA
"2020/12/03","ESTF","Provincia:Santa Cruz de Tenerife",1032983,6,334,0,0,0.0359281437125748,0.0199593755439809,37113.1616766467,0,0,NA,NA,NA,NA,NA,NA,NA,NA,NA,NA,NA,NA,NA,NA
"2020/12/04","ESTF","Provincia:Santa Cruz de Tenerife",1032983,6,334,0,0,0.0359281437125748,0.0199593755439809,37113.1616766467,0,0,NA,NA,NA,NA,NA,NA,NA,NA,NA,NA,NA,NA,NA,NA
"2020/12/05","ESTF","Provincia:Santa Cruz de Tenerife",1032983,6,334,0,0,0.0359281437125748,0.0199593755439809,37113.1616766467,0,0,NA,NA,NA,NA,NA,NA,NA,NA,NA,NA,NA,NA,NA,NA
"2020/12/06","ESTF","Provincia:Santa Cruz de Tenerife",1032983,6,334,0,0,0.0359281437125748,0.0199593755439809,37113.1616766467,0,0,NA,NA,NA,NA,NA,NA,NA,NA,NA,NA,NA,NA,NA,NA
"2020/12/07","ESTF","Provincia:Santa Cruz de Tenerife",1032983,6,334,0,0,0.0359281437125748,0.0199593755439809,37113.1616766467,0,0,NA,NA,NA,NA,NA,NA,NA,NA,NA,NA,NA,NA,NA,NA
"2020/12/08","ESTF","Provincia:Santa Cruz de Tenerife",1032983,6,334,0,0,0.0359281437125748,0.0199593755439809,37113.1616766467,0,0,NA,NA,NA,NA,NA,NA,NA,NA,NA,NA,NA,NA,NA,NA
"2020/12/09","ESTF","Provincia:Santa Cruz de Tenerife",1032983,6,334,0,0,0.0359281437125748,0.0199593755439809,37113.1616766467,0,0,NA,NA,NA,NA,NA,NA,NA,NA,NA,NA,NA,NA,NA,NA
"2020/12/10","ESTF","Provincia:Santa Cruz de Tenerife",1032983,6,334,0,0,0.0359281437125748,0.0199593755439809,37113.1616766467,0,0,NA,NA,NA,NA,NA,NA,NA,NA,NA,NA,NA,NA,NA,NA
"2020/12/11","ESTF","Provincia:Santa Cruz de Tenerife",1032983,6,334,0,0,0.0359281437125748,0.0199593755439809,37113.1616766467,0,0,NA,NA,NA,NA,NA,NA,NA,NA,NA,NA,NA,NA,NA,NA
"2020/12/12","ESTF","Provincia:Santa Cruz de Tenerife",1032983,6,334,0,0,0.0359281437125748,0.0199593755439809,37113.1616766467,0,0,NA,NA,NA,NA,NA,NA,NA,NA,NA,NA,NA,NA,NA,NA
"2020/12/13","ESTF","Provincia:Santa Cruz de Tenerife",1032983,6,334,0,0,0.0359281437125748,0.0199593755439809,37113.1616766467,0,0,NA,NA,NA,NA,NA,NA,NA,NA,NA,NA,NA,NA,NA,NA
"2020/12/14","ESTF","Provincia:Santa Cruz de Tenerife",1032983,6,334,0,0,0.0359281437125748,0.0199593755439809,37113.1616766467,0,0,NA,NA,NA,NA,NA,NA,NA,NA,NA,NA,NA,NA,NA,NA
"2020/12/15","ESTF","Provincia:Santa Cruz de Tenerife",1032983,6,334,0,0,0.0359281437125748,0.0199593755439809,37113.1616766467,0,0,NA,NA,NA,NA,NA,NA,NA,NA,NA,NA,NA,NA,NA,NA
"2020/12/16","ESTF","Provincia:Santa Cruz de Tenerife",1032983,6,334,0,0,0.0359281437125748,0.0199593755439809,37113.1616766467,0,0,NA,NA,NA,NA,NA,NA,NA,NA,NA,NA,NA,NA,NA,NA
"2020/12/17","ESTF","Provincia:Santa Cruz de Tenerife",1032983,7,484,1,150,0.128099173553719,0.0297736527428553,132324.268595041,0.0171428571428571,0.013598808905064,0.333333333333333,0.0754390489384114,0.0476190476190476,0.0340798884517554,0.333333333333333,0.0754390489384114,NA,NA,NA,NA,NA,NA,NA,NA
"2020/12/18","ESTF","Provincia:Santa Cruz de Tenerife",1032983,7,484,1,150,0.128099173553719,0.0297736527428553,132324.268595041,0.0171428571428571,0.013598808905064,0.333333333333333,0.0754390489384114,0.0476190476190476,0.0340798884517554,0.333333333333333,0.0754390489384114,NA,NA,NA,NA,NA,NA,NA,NA
"2020/12/19","ESTF","Provincia:Santa Cruz de Tenerife",1032983,7,484,1,150,0.128099173553719,0.0297736527428553,132324.268595041,0.0171428571428571,0.013598808905064,0.333333333333333,0.0754390489384114,0.0476190476190476,0.0340798884517554,0.333333333333333,0.0754390489384114,NA,NA,NA,NA,NA,NA,NA,NA
"2020/12/20","ESTF","Provincia:Santa Cruz de Tenerife",1032983,8,689,2,355,0.0899854862119013,0.0213672619050166,92953.4775036284,0.0108108108108108,0.00860340591572826,0.140845070422535,0.0361859920365052,0.0201207243460765,0.0146063602004825,0.140845070422535,0.0361859920365052,NA,NA,NA,NA,NA,NA,NA,NA
"2020/12/21","ESTF","Provincia:Santa Cruz de Tenerife",1032983,8,689,2,355,0.0899854862119013,0.0213672619050166,92953.4775036284,0.0108108108108108,0.00860340591572826,0.140845070422535,0.0361859920365052,0.0201207243460765,0.0146063602004825,0.140845070422535,0.0361859920365052,NA,NA,NA,NA,NA,NA,NA,NA
"2020/12/22","ESTF","Provincia:Santa Cruz de Tenerife",1032983,8,689,2,355,0.0899854862119013,0.0213672619050166,92953.4775036284,0.0108108108108108,0.00860340591572826,0.140845070422535,0.0361859920365052,0.0201207243460765,0.0146063602004825,0.140845070422535,0.0361859920365052,NA,NA,NA,NA,NA,NA,NA,NA
"2020/12/23","ESTF","Provincia:Santa Cruz de Tenerife",1032983,8,689,2,355,0.0899854862119013,0.0213672619050166,92953.4775036284,0.0108108108108108,0.00860340591572826,0.140845070422535,0.0361859920365052,0.0201207243460765,0.0146063602004825,0.140845070422535,0.0361859920365052,NA,NA,NA,NA,NA,NA,NA,NA
"2020/12/24","ESTF","Provincia:Santa Cruz de Tenerife",1032983,8,689,1,205,0.0899854862119013,0.0213672619050166,92953.4775036284,0.0108108108108108,0.00860340591572826,0,0,0,0,0,0,NA,NA,NA,NA,NA,NA,NA,NA
"2020/12/25","ESTF","Provincia:Santa Cruz de Tenerife",1032983,8,689,1,205,0.0899854862119013,0.0213672619050166,92953.4775036284,0.0108108108108108,0.00860340591572826,0,0,0,0,0,0,NA,NA,NA,NA,NA,NA,NA,NA
"2020/12/26","ESTF","Provincia:Santa Cruz de Tenerife",1032983,8,689,1,205,0.0899854862119013,0.0213672619050166,92953.4775036284,0.0108108108108108,0.00860340591572826,0,0,0,0,0,0,NA,NA,NA,NA,NA,NA,NA,NA
"2020/12/27","ESTF","Provincia:Santa Cruz de Tenerife",1032983,8,689,0,0,0.0899854862119013,0.0213672619050166,92953.4775036284,0.0108108108108108,0.00860340591572826,NA,NA,NA,NA,NA,NA,NA,NA,NA,NA,NA,NA,NA,NA
"2020/12/28","ESTF","Provincia:Santa Cruz de Tenerife",1032983,9,894,1,205,0.0749440715883669,0.0172596493772391,77415.951901566,0.0108108108108108,0.00860340591572826,0,0,0,0,0,0,0,0,0,0,NA,NA,NA,NA
"2020/12/29","ESTF","Provincia:Santa Cruz de Tenerife",1032983,11,1125,3,436,0.0773333333333333,0.0156090909238952,79884.0186666667,0.0108108108108108,0.00860340591572826,0.0024390243902439,0.00477456664717028,0.000348432055749129,0.00180650654785782,0.0114678899082569,0.00999406096502937,0,0,0.00865800865800866,0.0119471099399107,NA,NA,NA,NA
"2020/12/30","ESTF","Provincia:Santa Cruz de Tenerife",1032983,13,1345,5,656,0.0669144981412639,0.0133538896200254,69121.5390334572,0.0108108108108108,0.00860340591572826,0.0016260162601626,0.00318434125139532,0.000232288037166086,0.00120440765922712,0.00762195121951219,0.00665530293503563,0,0,0.0133037694013304,0.0105739903295627,NA,NA,NA,NA
"2020/12/31","ESTF","Provincia:Santa Cruz de Tenerife",1032983,13,1345,5,656,0.0669144981412639,0.0133538896200254,69121.5390334572,0.0108108108108108,0.00860340591572826,0.0016260162601626,0.00318434125139532,0.000232288037166086,0.00120440765922712,0.00762195121951219,0.00665530293503563,0,0,0.0133037694013304,0.0105739903295627,NA,NA,NA,NA
"2021/01/01","ESTF","Provincia:Santa Cruz de Tenerife",1032983,13,1345,5,656,0.0669144981412639,0.0133538896200254,69121.5390334572,0.0108108108108108,0.00860340591572826,0.0016260162601626,0.00318434125139532,0.000232288037166086,0.00120440765922712,0.00762195121951219,0.00665530293503563,0,0,0.0133037694013304,0.0105739903295627,NA,NA,NA,NA
"2021/01/02","ESTF","Provincia:Santa Cruz de Tenerife",1032983,13,1345,5,656,0.0669144981412639,0.0133538896200254,69121.5390334572,0.0108108108108108,0.00860340591572826,0.0016260162601626,0.00318434125139532,0.000232288037166086,0.00120440765922712,0.00762195121951219,0.00665530293503563,0,0,0.0133037694013304,0.0105739903295627,NA,NA,NA,NA
"2021/01/03","ESTF","Provincia:Santa Cruz de Tenerife",1032983,13,1345,5,656,0.0669144981412639,0.0133538896200254,69121.5390334572,0.0108108108108108,0.00860340591572826,0.0016260162601626,0.00318434125139532,0.000232288037166086,0.00120440765922712,0.00762195121951219,0.00665530293503563,0,0,0.0133037694013304,0.0105739903295627,NA,NA,NA,NA
"2021/01/04","ESTF","Provincia:Santa Cruz de Tenerife",1032983,13,1345,4,451,0.0669144981412639,0.0133538896200254,69121.5390334572,0.0108108108108108,0.00860340591572826,0.0024390243902439,0.00477456664717028,0.000348432055749129,0.00180650654785782,0.0110864745011086,0.00966352800825305,0,0,0.0133037694013304,0.0105739903295627,NA,NA,NA,NA
"2021/01/05","ESTF","Provincia:Santa Cruz de Tenerife",1032983,14,1385,3,260,0.0649819494584837,0.012981640254416,67125.2490974729,0.0108108108108108,0.00860340591572826,0,0,0,0,0,0,0,0,0.0122199592668024,0.0097178982455738,NA,NA,NA,NA
"2021/01/06","ESTF","Provincia:Santa Cruz de Tenerife",1032983,14,1385,1,40,0.0649819494584837,0.012981640254416,67125.2490974729,0.0108108108108108,0.00860340591572826,NA,NA,NA,NA,NA,NA,0,0,0.0122199592668024,0.0097178982455738,NA,NA,NA,NA
"2021/01/07","ESTF","Provincia:Santa Cruz de Tenerife",1032983,14,1385,1,40,0.0649819494584837,0.012981640254416,67125.2490974729,0.0108108108108108,0.00860340591572826,NA,NA,NA,NA,NA,NA,0,0,0.0122199592668024,0.0097178982455738,NA,NA,NA,NA
"2021/01/08","ESTF","Provincia:Santa Cruz de Tenerife",1032983,14,1385,1,40,0.0649819494584837,0.012981640254416,67125.2490974729,0.0108108108108108,0.00860340591572826,NA,NA,NA,NA,NA,NA,0,0,0.0122199592668024,0.0097178982455738,NA,NA,NA,NA
"2021/01/09","ESTF","Provincia:Santa Cruz de Tenerife",1032983,14,1385,1,40,0.0649819494584837,0.012981640254416,67125.2490974729,0.0108108108108108,0.00860340591572826,NA,NA,NA,NA,NA,NA,0,0,0.0122199592668024,0.0097178982455738,NA,NA,NA,NA
"2021/01/10","ESTF","Provincia:Santa Cruz de Tenerife",1032983,15,1391,2,46,0.0647016534867002,0.0129275819356473,66835.708123652,0.0108108108108108,0.00860340591572826,NA,NA,NA,NA,NA,NA,0,0,0.0120724346076459,0.00960129644958361,NA,NA,NA,NA
"2021/01/11","ESTF","Provincia:Santa Cruz de Tenerife",1032983,15,1391,2,46,0.0647016534867002,0.0129275819356473,66835.708123652,0.0108108108108108,0.00860340591572826,NA,NA,NA,NA,NA,NA,0,0,0.0120724346076459,0.00960129644958361,NA,NA,NA,NA
"2021/01/12","ESTF","Provincia:Santa Cruz de Tenerife",1032983,15,1391,1,6,0.0647016534867002,0.0129275819356473,66835.708123652,0.0108108108108108,0.00860340591572826,NA,NA,NA,NA,NA,NA,0,0,0.0120724346076459,0.00960129644958361,NA,NA,NA,NA
"2021/01/13","ESTF","Provincia:Santa Cruz de Tenerife",1032983,15,1391,1,6,0.0647016534867002,0.0129275819356473,66835.708123652,0.0108108108108108,0.00860340591572826,NA,NA,NA,NA,NA,NA,0,0,0.0120724346076459,0.00960129644958361,NA,NA,NA,NA
"2021/01/14","ESTF","Provincia:Santa Cruz de Tenerife",1032983,15,1391,1,6,0.0647016534867002,0.0129275819356473,66835.708123652,0.0108108108108108,0.00860340591572826,NA,NA,NA,NA,NA,NA,0,0,0.0120724346076459,0.00960129644958361,NA,NA,NA,NA
"2021/01/15","ESTF","Provincia:Santa Cruz de Tenerife",1032983,15,1391,1,6,0.0647016534867002,0.0129275819356473,66835.708123652,0.0108108108108108,0.00860340591572826,NA,NA,NA,NA,NA,NA,0,0,0.0120724346076459,0.00960129644958361,NA,NA,NA,NA
"2021/01/16","ESTF","Provincia:Santa Cruz de Tenerife",1032983,15,1391,1,6,0.0647016534867002,0.0129275819356473,66835.708123652,0.0108108108108108,0.00860340591572826,NA,NA,NA,NA,NA,NA,0,0,0.0120724346076459,0.00960129644958361,NA,NA,NA,NA
"2021/01/17","ESTF","Provincia:Santa Cruz de Tenerife",1032983,15,1391,0,0,0.0647016534867002,0.0129275819356473,66835.708123652,0.0108108108108108,0.00860340591572826,NA,NA,NA,NA,NA,NA,0,0,0.0120724346076459,0.00960129644958361,NA,NA,NA,NA
"2021/01/18","ESTF","Provincia:Santa Cruz de Tenerife",1032983,15,1391,0,0,0.0647016534867002,0.0129275819356473,66835.708123652,0.0108108108108108,0.00860340591572826,NA,NA,NA,NA,NA,NA,0,0,0.0120724346076459,0.00960129644958361,NA,NA,NA,NA
"2021/01/19","ESTF","Provincia:Santa Cruz de Tenerife",1032983,15,1391,0,0,0.0647016534867002,0.0129275819356473,66835.708123652,0.0108108108108108,0.00860340591572826,NA,NA,NA,NA,NA,NA,0,0,0.0120724346076459,0.00960129644958361,NA,NA,NA,NA
"2021/01/20","ESTF","Provincia:Santa Cruz de Tenerife",1032983,15,1391,0,0,0.0647016534867002,0.0129275819356473,66835.708123652,0.0108108108108108,0.00860340591572826,NA,NA,NA,NA,NA,NA,0,0,0.0120724346076459,0.00960129644958361,NA,NA,NA,NA
"2021/01/21","ESTF","Provincia:Santa Cruz de Tenerife",1032983,15,1391,0,0,0.0647016534867002,0.0129275819356473,66835.708123652,0.0108108108108108,0.00860340591572826,NA,NA,NA,NA,NA,NA,0,0,0.0120724346076459,0.00960129644958361,NA,NA,NA,NA
"2021/01/22","ESTF","Provincia:Santa Cruz de Tenerife",1032983,15,1391,0,0,0.0647016534867002,0.0129275819356473,66835.708123652,0.0108108108108108,0.00860340591572826,NA,NA,NA,NA,NA,NA,0,0,0.0120724346076459,0.00960129644958361,NA,NA,NA,NA
"2021/01/23","ESTF","Provincia:Santa Cruz de Tenerife",1032983,15,1391,0,0,0.0647016534867002,0.0129275819356473,66835.708123652,0.0108108108108108,0.00860340591572826,NA,NA,NA,NA,NA,NA,0,0,0.0120724346076459,0.00960129644958361,NA,NA,NA,NA
"2021/01/24","ESTF","Provincia:Santa Cruz de Tenerife",1032983,15,1391,0,0,0.0647016534867002,0.0129275819356473,66835.708123652,0.0108108108108108,0.00860340591572826,NA,NA,NA,NA,NA,NA,0,0,0.0120724346076459,0.00960129644958361,NA,NA,NA,NA
"2021/01/25","ESTF","Provincia:Santa Cruz de Tenerife",1032983,15,1391,0,0,0.0647016534867002,0.0129275819356473,66835.708123652,0.0108108108108108,0.00860340591572826,NA,NA,NA,NA,NA,NA,0,0,0.0120724346076459,0.00960129644958361,NA,NA,NA,NA
"2021/01/26","ESTF","Provincia:Santa Cruz de Tenerife",1032983,15,1391,0,0,0.0647016534867002,0.0129275819356473,66835.708123652,0.0108108108108108,0.00860340591572826,NA,NA,NA,NA,NA,NA,0,0,0.0120724346076459,0.00960129644958361,NA,NA,NA,NA
"2021/01/27","ESTF","Provincia:Santa Cruz de Tenerife",1032983,15,1391,0,0,0.0647016534867002,0.0129275819356473,66835.708123652,0.0108108108108108,0.00860340591572826,NA,NA,NA,NA,NA,NA,0,0,0.0120724346076459,0.00960129644958361,NA,NA,NA,NA
"2021/01/28","ESTF","Provincia:Santa Cruz de Tenerife",1032983,15,1391,0,0,0.0647016534867002,0.0129275819356473,66835.708123652,0.0108108108108108,0.00860340591572826,NA,NA,NA,NA,NA,NA,0,0,0.0120724346076459,0.00960129644958361,NA,NA,NA,NA
"2021/01/29","ESTF","Provincia:Santa Cruz de Tenerife",1032983,15,1391,0,0,0.0647016534867002,0.0129275819356473,66835.708123652,0.0108108108108108,0.00860340591572826,NA,NA,NA,NA,NA,NA,0,0,0.0120724346076459,0.00960129644958361,NA,NA,NA,NA
"2021/01/30","ESTF","Provincia:Santa Cruz de Tenerife",1032983,15,1391,0,0,0.0647016534867002,0.0129275819356473,66835.708123652,0.0108108108108108,0.00860340591572826,NA,NA,NA,NA,NA,NA,0,0,0.0120724346076459,0.00960129644958361,NA,NA,NA,NA
"2021/01/31","ESTF","Provincia:Santa Cruz de Tenerife",1032983,15,1391,0,0,0.0647016534867002,0.0129275819356473,66835.708123652,0.0108108108108108,0.00860340591572826,NA,NA,NA,NA,NA,NA,0,0,0.0120724346076459,0.00960129644958361,NA,NA,NA,NA
"2021/02/01","ESTF","Provincia:Santa Cruz de Tenerife",1032983,15,1391,0,0,0.0647016534867002,0.0129275819356473,66835.708123652,0.0108108108108108,0.00860340591572826,NA,NA,NA,NA,NA,NA,0,0,0.0120724346076459,0.00960129644958361,NA,NA,NA,NA
"2021/02/02","ESTF","Provincia:Santa Cruz de Tenerife",1032983,15,1391,0,0,0.0647016534867002,0.0129275819356473,66835.708123652,0.0108108108108108,0.00860340591572826,NA,NA,NA,NA,NA,NA,0,0,0.0120724346076459,0.00960129644958361,NA,NA,NA,NA
"2021/02/03","ESTF","Provincia:Santa Cruz de Tenerife",1032983,15,1391,0,0,0.0647016534867002,0.0129275819356473,66835.708123652,0.0108108108108108,0.00860340591572826,NA,NA,NA,NA,NA,NA,0,0,0.0120724346076459,0.00960129644958361,NA,NA,NA,NA
"2021/02/04","ESTF","Provincia:Santa Cruz de Tenerife",1032983,15,1391,0,0,0.0647016534867002,0.0129275819356473,66835.708123652,0.0108108108108108,0.00860340591572826,NA,NA,NA,NA,NA,NA,0,0,0.0120724346076459,0.00960129644958361,NA,NA,NA,NA
"2021/02/05","ESTF","Provincia:Santa Cruz de Tenerife",1032983,15,1391,0,0,0.0647016534867002,0.0129275819356473,66835.708123652,0.0108108108108108,0.00860340591572826,NA,NA,NA,NA,NA,NA,0,0,0.0120724346076459,0.00960129644958361,NA,NA,NA,NA
"2021/02/06","ESTF","Provincia:Santa Cruz de Tenerife",1032983,15,1391,0,0,0.0647016534867002,0.0129275819356473,66835.708123652,0.0108108108108108,0.00860340591572826,NA,NA,NA,NA,NA,NA,0,0,0.0120724346076459,0.00960129644958361,NA,NA,NA,NA
"2021/02/07","ESTF","Provincia:Santa Cruz de Tenerife",1032983,15,1391,0,0,0.0647016534867002,0.0129275819356473,66835.708123652,0.0108108108108108,0.00860340591572826,NA,NA,NA,NA,NA,NA,0,0,0.0120724346076459,0.00960129644958361,NA,NA,NA,NA
"2021/02/08","ESTF","Provincia:Santa Cruz de Tenerife",1032983,15,1391,0,0,0.0647016534867002,0.0129275819356473,66835.708123652,0.0108108108108108,0.00860340591572826,NA,NA,NA,NA,NA,NA,0,0,0.0120724346076459,0.00960129644958361,NA,NA,NA,NA
"2021/02/09","ESTF","Provincia:Santa Cruz de Tenerife",1032983,15,1391,0,0,0.0647016534867002,0.0129275819356473,66835.708123652,0.0108108108108108,0.00860340591572826,NA,NA,NA,NA,NA,NA,0,0,0.0120724346076459,0.00960129644958361,NA,NA,NA,NA
"2021/02/10","ESTF","Provincia:Santa Cruz de Tenerife",1032983,15,1391,0,0,0.0647016534867002,0.0129275819356473,66835.708123652,0.0108108108108108,0.00860340591572826,NA,NA,NA,NA,NA,NA,0,0,0.0120724346076459,0.00960129644958361,NA,NA,NA,NA
"2021/02/11","ESTF","Provincia:Santa Cruz de Tenerife",1032983,15,1391,0,0,0.0647016534867002,0.0129275819356473,66835.708123652,0.0108108108108108,0.00860340591572826,NA,NA,NA,NA,NA,NA,0,0,0.0120724346076459,0.00960129644958361,NA,NA,NA,NA
"2021/02/12","ESTF","Provincia:Santa Cruz de Tenerife",1032983,15,1391,0,0,0.0647016534867002,0.0129275819356473,66835.708123652,0.0108108108108108,0.00860340591572826,NA,NA,NA,NA,NA,NA,0,0,0.0120724346076459,0.00960129644958361,NA,NA,NA,NA
"2021/02/13","ESTF","Provincia:Santa Cruz de Tenerife",1032983,15,1391,0,0,0.0647016534867002,0.0129275819356473,66835.708123652,0.0108108108108108,0.00860340591572826,NA,NA,NA,NA,NA,NA,0,0,0.0120724346076459,0.00960129644958361,NA,NA,NA,NA
"2021/02/14","ESTF","Provincia:Santa Cruz de Tenerife",1032983,15,1391,0,0,0.0647016534867002,0.0129275819356473,66835.708123652,0.0108108108108108,0.00860340591572826,NA,NA,NA,NA,NA,NA,0,0,0.0120724346076459,0.00960129644958361,NA,NA,NA,NA
"2021/02/15","ESTF","Provincia:Santa Cruz de Tenerife",1032983,15,1391,0,0,0.0647016534867002,0.0129275819356473,66835.708123652,0.0108108108108108,0.00860340591572826,NA,NA,NA,NA,NA,NA,0,0,0.0120724346076459,0.00960129644958361,NA,NA,NA,NA
"2021/02/16","ESTF","Provincia:Santa Cruz de Tenerife",1032983,15,1391,0,0,0.0647016534867002,0.0129275819356473,66835.708123652,0.0108108108108108,0.00860340591572826,NA,NA,NA,NA,NA,NA,0,0,0.0120724346076459,0.00960129644958361,NA,NA,NA,NA
"2021/02/17","ESTF","Provincia:Santa Cruz de Tenerife",1032983,15,1391,0,0,0.0647016534867002,0.0129275819356473,66835.708123652,0.0108108108108108,0.00860340591572826,NA,NA,NA,NA,NA,NA,0,0,0.0120724346076459,0.00960129644958361,NA,NA,NA,NA
"2021/02/18","ESTF","Provincia:Santa Cruz de Tenerife",1032983,15,1391,0,0,0.0647016534867002,0.0129275819356473,66835.708123652,0.0108108108108108,0.00860340591572826,NA,NA,NA,NA,NA,NA,0,0,0.0120724346076459,0.00960129644958361,NA,NA,NA,NA
"2021/02/19","ESTF","Provincia:Santa Cruz de Tenerife",1032983,15,1391,0,0,0.0647016534867002,0.0129275819356473,66835.708123652,0.0108108108108108,0.00860340591572826,NA,NA,NA,NA,NA,NA,0,0,0.0120724346076459,0.00960129644958361,NA,NA,NA,NA
"2021/02/20","ESTF","Provincia:Santa Cruz de Tenerife",1032983,15,1391,0,0,0.0647016534867002,0.0129275819356473,66835.708123652,0.0108108108108108,0.00860340591572826,NA,NA,NA,NA,NA,NA,0,0,0.0120724346076459,0.00960129644958361,NA,NA,NA,NA
"2021/02/21","ESTF","Provincia:Santa Cruz de Tenerife",1032983,15,1391,0,0,0.0647016534867002,0.0129275819356473,66835.708123652,0.0108108108108108,0.00860340591572826,NA,NA,NA,NA,NA,NA,0,0,0.0120724346076459,0.00960129644958361,NA,NA,NA,NA
"2021/02/22","ESTF","Provincia:Santa Cruz de Tenerife",1032983,15,1391,0,0,0.0647016534867002,0.0129275819356473,66835.708123652,0.0108108108108108,0.00860340591572826,NA,NA,NA,NA,NA,NA,0,0,0.0120724346076459,0.00960129644958361,NA,NA,NA,NA
"2021/02/23","ESTF","Provincia:Santa Cruz de Tenerife",1032983,15,1391,0,0,0.0647016534867002,0.0129275819356473,66835.708123652,0.0108108108108108,0.00860340591572826,NA,NA,NA,NA,NA,NA,0,0,0.0120724346076459,0.00960129644958361,NA,NA,NA,NA
"2021/02/24","ESTF","Provincia:Santa Cruz de Tenerife",1032983,15,1391,0,0,0.0647016534867002,0.0129275819356473,66835.708123652,0.0108108108108108,0.00860340591572826,NA,NA,NA,NA,NA,NA,0,0,0.0120724346076459,0.00960129644958361,NA,NA,NA,NA
"2021/02/25","ESTF","Provincia:Santa Cruz de Tenerife",1032983,15,1391,0,0,0.0647016534867002,0.0129275819356473,66835.708123652,0.0108108108108108,0.00860340591572826,NA,NA,NA,NA,NA,NA,0,0,0.0120724346076459,0.00960129644958361,NA,NA,NA,NA
"2021/02/26","ESTF","Provincia:Santa Cruz de Tenerife",1032983,15,1391,0,0,0.0647016534867002,0.0129275819356473,66835.708123652,0.0108108108108108,0.00860340591572826,NA,NA,NA,NA,NA,NA,0,0,0.0120724346076459,0.00960129644958361,NA,NA,NA,NA
"2021/02/27","ESTF","Provincia:Santa Cruz de Tenerife",1032983,15,1391,0,0,0.0647016534867002,0.0129275819356473,66835.708123652,0.0108108108108108,0.00860340591572826,NA,NA,NA,NA,NA,NA,0,0,0.0120724346076459,0.00960129644958361,NA,NA,NA,NA
"2021/02/28","ESTF","Provincia:Santa Cruz de Tenerife",1032983,15,1391,0,0,0.0647016534867002,0.0129275819356473,66835.708123652,0.0108108108108108,0.00860340591572826,NA,NA,NA,NA,NA,NA,0,0,0.0120724346076459,0.00960129644958361,NA,NA,NA,NA
"2021/03/01","ESTF","Provincia:Santa Cruz de Tenerife",1032983,15,1391,0,0,0.0647016534867002,0.0129275819356473,66835.708123652,0.0108108108108108,0.00860340591572826,NA,NA,NA,NA,NA,NA,0,0,0.0120724346076459,0.00960129644958361,NA,NA,NA,NA
"2021/03/02","ESTF","Provincia:Santa Cruz de Tenerife",1032983,15,1391,0,0,0.0647016534867002,0.0129275819356473,66835.708123652,0.0108108108108108,0.00860340591572826,NA,NA,NA,NA,NA,NA,0,0,0.0120724346076459,0.00960129644958361,NA,NA,NA,NA
"2021/03/03","ESTF","Provincia:Santa Cruz de Tenerife",1032983,16,1596,1,205,0.0576441102756892,0.0114344845573929,59545.3859649123,0.0108108108108108,0.00860340591572826,0,0,0,0,0,0,0,0,0.00854700854700855,0.00680961671267546,NA,NA,NA,NA
"2021/03/04","ESTF","Provincia:Santa Cruz de Tenerife",1032983,16,1596,1,205,0.0576441102756892,0.0114344845573929,59545.3859649123,0.0108108108108108,0.00860340591572826,0,0,0,0,0,0,0,0,0.00854700854700855,0.00680961671267546,NA,NA,NA,NA
"2021/03/05","ESTF","Provincia:Santa Cruz de Tenerife",1032983,16,1596,1,205,0.0576441102756892,0.0114344845573929,59545.3859649123,0.0108108108108108,0.00860340591572826,0,0,0,0,0,0,0,0,0.00854700854700855,0.00680961671267546,NA,NA,NA,NA
"2021/03/06","ESTF","Provincia:Santa Cruz de Tenerife",1032983,16,1596,1,205,0.0576441102756892,0.0114344845573929,59545.3859649123,0.0108108108108108,0.00860340591572826,0,0,0,0,0,0,0,0,0.00854700854700855,0.00680961671267546,NA,NA,NA,NA
"2021/03/07","ESTF","Provincia:Santa Cruz de Tenerife",1032983,16,1596,1,205,0.0576441102756892,0.0114344845573929,59545.3859649123,0.0108108108108108,0.00860340591572826,0,0,0,0,0,0,0,0,0.00854700854700855,0.00680961671267546,NA,NA,NA,NA
"2021/03/08","ESTF","Provincia:Santa Cruz de Tenerife",1032983,16,1596,1,205,0.0576441102756892,0.0114344845573929,59545.3859649123,0.0108108108108108,0.00860340591572826,0,0,0,0,0,0,0,0,0.00854700854700855,0.00680961671267546,NA,NA,NA,NA
"2021/03/09","ESTF","Provincia:Santa Cruz de Tenerife",1032983,16,1596,1,205,0.0576441102756892,0.0114344845573929,59545.3859649123,0.0108108108108108,0.00860340591572826,0,0,0,0,0,0,0,0,0.00854700854700855,0.00680961671267546,NA,NA,NA,NA
"2021/03/10","ESTF","Provincia:Santa Cruz de Tenerife",1032983,16,1596,0,0,0.0576441102756892,0.0114344845573929,59545.3859649123,0.0108108108108108,0.00860340591572826,NA,NA,NA,NA,NA,NA,0,0,0.00854700854700855,0.00680961671267546,NA,NA,NA,NA
"2021/03/11","ESTF","Provincia:Santa Cruz de Tenerife",1032983,16,1596,0,0,0.0576441102756892,0.0114344845573929,59545.3859649123,0.0108108108108108,0.00860340591572826,NA,NA,NA,NA,NA,NA,0,0,0.00854700854700855,0.00680961671267546,NA,NA,NA,NA
"2021/03/12","ESTF","Provincia:Santa Cruz de Tenerife",1032983,16,1596,0,0,0.0576441102756892,0.0114344845573929,59545.3859649123,0.0108108108108108,0.00860340591572826,NA,NA,NA,NA,NA,NA,0,0,0.00854700854700855,0.00680961671267546,NA,NA,NA,NA
"2021/03/13","ESTF","Provincia:Santa Cruz de Tenerife",1032983,16,1596,0,0,0.0576441102756892,0.0114344845573929,59545.3859649123,0.0108108108108108,0.00860340591572826,NA,NA,NA,NA,NA,NA,0,0,0.00854700854700855,0.00680961671267546,NA,NA,NA,NA
"2021/03/14","ESTF","Provincia:Santa Cruz de Tenerife",1032983,16,1596,0,0,0.0576441102756892,0.0114344845573929,59545.3859649123,0.0108108108108108,0.00860340591572826,NA,NA,NA,NA,NA,NA,0,0,0.00854700854700855,0.00680961671267546,NA,NA,NA,NA
"2021/03/15","ESTF","Provincia:Santa Cruz de Tenerife",1032983,16,1596,0,0,0.0576441102756892,0.0114344845573929,59545.3859649123,0.0108108108108108,0.00860340591572826,NA,NA,NA,NA,NA,NA,0,0,0.00854700854700855,0.00680961671267546,NA,NA,NA,NA
"2021/03/16","ESTF","Provincia:Santa Cruz de Tenerife",1032983,16,1596,0,0,0.0576441102756892,0.0114344845573929,59545.3859649123,0.0108108108108108,0.00860340591572826,NA,NA,NA,NA,NA,NA,0,0,0.00854700854700855,0.00680961671267546,NA,NA,NA,NA
"2021/03/17","ESTF","Provincia:Santa Cruz de Tenerife",1032983,16,1596,0,0,0.0576441102756892,0.0114344845573929,59545.3859649123,0.0108108108108108,0.00860340591572826,NA,NA,NA,NA,NA,NA,0,0,0.00854700854700855,0.00680961671267546,NA,NA,NA,NA
"2021/03/18","ESTF","Provincia:Santa Cruz de Tenerife",1032983,16,1596,0,0,0.0576441102756892,0.0114344845573929,59545.3859649123,0.0108108108108108,0.00860340591572826,NA,NA,NA,NA,NA,NA,0,0,0.00854700854700855,0.00680961671267546,NA,NA,NA,NA
"2021/03/19","ESTF","Provincia:Santa Cruz de Tenerife",1032983,16,1596,0,0,0.0576441102756892,0.0114344845573929,59545.3859649123,0.0108108108108108,0.00860340591572826,NA,NA,NA,NA,NA,NA,0,0,0.00854700854700855,0.00680961671267546,NA,NA,NA,NA
"2021/03/20","ESTF","Provincia:Santa Cruz de Tenerife",1032983,16,1596,0,0,0.0576441102756892,0.0114344845573929,59545.3859649123,0.0108108108108108,0.00860340591572826,NA,NA,NA,NA,NA,NA,0,0,0.00854700854700855,0.00680961671267546,NA,NA,NA,NA
"2021/03/21","ESTF","Provincia:Santa Cruz de Tenerife",1032983,16,1596,0,0,0.0576441102756892,0.0114344845573929,59545.3859649123,0.0108108108108108,0.00860340591572826,NA,NA,NA,NA,NA,NA,0,0,0.00854700854700855,0.00680961671267546,NA,NA,NA,NA
"2021/03/22","ESTF","Provincia:Santa Cruz de Tenerife",1032983,16,1596,0,0,0.0576441102756892,0.0114344845573929,59545.3859649123,0.0108108108108108,0.00860340591572826,NA,NA,NA,NA,NA,NA,0,0,0.00854700854700855,0.00680961671267546,NA,NA,NA,NA
"2021/03/23","ESTF","Provincia:Santa Cruz de Tenerife",1032983,16,1596,0,0,0.0576441102756892,0.0114344845573929,59545.3859649123,0.0108108108108108,0.00860340591572826,NA,NA,NA,NA,NA,NA,0,0,0.00854700854700855,0.00680961671267546,NA,NA,NA,NA
"2021/03/24","ESTF","Provincia:Santa Cruz de Tenerife",1032983,16,1596,0,0,0.0576441102756892,0.0114344845573929,59545.3859649123,0.0108108108108108,0.00860340591572826,NA,NA,NA,NA,NA,NA,0,0,0.00854700854700855,0.00680961671267546,NA,NA,NA,NA
"2021/03/25","ESTF","Provincia:Santa Cruz de Tenerife",1032983,16,1596,0,0,0.0576441102756892,0.0114344845573929,59545.3859649123,0.0108108108108108,0.00860340591572826,NA,NA,NA,NA,NA,NA,0,0,0.00854700854700855,0.00680961671267546,NA,NA,NA,NA
"2021/03/26","ESTF","Provincia:Santa Cruz de Tenerife",1032983,16,1596,0,0,0.0576441102756892,0.0114344845573929,59545.3859649123,0.0108108108108108,0.00860340591572826,NA,NA,NA,NA,NA,NA,0,0,0.00854700854700855,0.00680961671267546,NA,NA,NA,NA
"2021/03/27","ESTF","Provincia:Santa Cruz de Tenerife",1032983,16,1596,0,0,0.0576441102756892,0.0114344845573929,59545.3859649123,0.0108108108108108,0.00860340591572826,NA,NA,NA,NA,NA,NA,0,0,0.00854700854700855,0.00680961671267546,NA,NA,NA,NA
"2021/03/28","ESTF","Provincia:Santa Cruz de Tenerife",1032983,16,1596,0,0,0.0576441102756892,0.0114344845573929,59545.3859649123,0.0108108108108108,0.00860340591572826,NA,NA,NA,NA,NA,NA,0,0,0.00854700854700855,0.00680961671267546,NA,NA,NA,NA
"2021/03/29","ESTF","Provincia:Santa Cruz de Tenerife",1032983,16,1596,0,0,0.0576441102756892,0.0114344845573929,59545.3859649123,0.0108108108108108,0.00860340591572826,NA,NA,NA,NA,NA,NA,0,0,0.00854700854700855,0.00680961671267546,NA,NA,NA,NA
"2021/03/30","ESTF","Provincia:Santa Cruz de Tenerife",1032983,16,1596,0,0,0.0576441102756892,0.0114344845573929,59545.3859649123,0.0108108108108108,0.00860340591572826,NA,NA,NA,NA,NA,NA,0,0,0.00854700854700855,0.00680961671267546,NA,NA,NA,NA
"2021/03/31","ESTF","Provincia:Santa Cruz de Tenerife",1032983,16,1596,0,0,0.0576441102756892,0.0114344845573929,59545.3859649123,0.0108108108108108,0.00860340591572826,NA,NA,NA,NA,NA,NA,0,0,0.00854700854700855,0.00680961671267546,NA,NA,NA,NA
"2021/04/01","ESTF","Provincia:Santa Cruz de Tenerife",1032983,16,1596,0,0,0.0576441102756892,0.0114344845573929,59545.3859649123,0.0108108108108108,0.00860340591572826,NA,NA,NA,NA,NA,NA,0,0,0.00854700854700855,0.00680961671267546,NA,NA,NA,NA
"2021/04/02","ESTF","Provincia:Santa Cruz de Tenerife",1032983,16,1596,0,0,0.0576441102756892,0.0114344845573929,59545.3859649123,0.0108108108108108,0.00860340591572826,NA,NA,NA,NA,NA,NA,0,0,0.00854700854700855,0.00680961671267546,NA,NA,NA,NA
"2021/04/03","ESTF","Provincia:Santa Cruz de Tenerife",1032983,16,1596,0,0,0.0576441102756892,0.0114344845573929,59545.3859649123,0.0108108108108108,0.00860340591572826,NA,NA,NA,NA,NA,NA,0,0,0.00854700854700855,0.00680961671267546,NA,NA,NA,NA
"2021/04/04","ESTF","Provincia:Santa Cruz de Tenerife",1032983,16,1596,0,0,0.0576441102756892,0.0114344845573929,59545.3859649123,0.0108108108108108,0.00860340591572826,NA,NA,NA,NA,NA,NA,0,0,0.00854700854700855,0.00680961671267546,NA,NA,NA,NA
"2021/04/05","ESTF","Provincia:Santa Cruz de Tenerife",1032983,16,1596,0,0,0.0576441102756892,0.0114344845573929,59545.3859649123,0.0108108108108108,0.00860340591572826,NA,NA,NA,NA,NA,NA,0,0,0.00854700854700855,0.00680961671267546,NA,NA,NA,NA
"2021/04/06","ESTF","Provincia:Santa Cruz de Tenerife",1032983,16,1596,0,0,0.0576441102756892,0.0114344845573929,59545.3859649123,0.0108108108108108,0.00860340591572826,NA,NA,NA,NA,NA,NA,0,0,0.00854700854700855,0.00680961671267546,NA,NA,NA,NA
"2021/04/07","ESTF","Provincia:Santa Cruz de Tenerife",1032983,17,1611,1,15,0.058348851644941,0.0114462044145425,60273.3718187461,0.0108108108108108,0.00860340591572826,NA,NA,NA,NA,NA,NA,0.00441014332965821,0.00431232050264776,0.00836820083682008,0.00666775729287622,0,0,0.2,0.202424209901066
"2021/04/08","ESTF","Provincia:Santa Cruz de Tenerife",1032983,17,1611,1,15,0.058348851644941,0.0114462044145425,60273.3718187461,0.0108108108108108,0.00860340591572826,NA,NA,NA,NA,NA,NA,0.00441014332965821,0.00431232050264776,0.00836820083682008,0.00666775729287622,0,0,0.2,0.202424209901066
"2021/04/09","ESTF","Provincia:Santa Cruz de Tenerife",1032983,17,1611,1,15,0.058348851644941,0.0114462044145425,60273.3718187461,0.0108108108108108,0.00860340591572826,NA,NA,NA,NA,NA,NA,0.00441014332965821,0.00431232050264776,0.00836820083682008,0.00666775729287622,0,0,0.2,0.202424209901066
"2021/04/10","ESTF","Provincia:Santa Cruz de Tenerife",1032983,17,1611,1,15,0.058348851644941,0.0114462044145425,60273.3718187461,0.0108108108108108,0.00860340591572826,NA,NA,NA,NA,NA,NA,0.00441014332965821,0.00431232050264776,0.00836820083682008,0.00666775729287622,0,0,0.2,0.202424209901066
"2021/04/11","ESTF","Provincia:Santa Cruz de Tenerife",1032983,17,1611,1,15,0.058348851644941,0.0114462044145425,60273.3718187461,0.0108108108108108,0.00860340591572826,NA,NA,NA,NA,NA,NA,0.00441014332965821,0.00431232050264776,0.00836820083682008,0.00666775729287622,0,0,0.2,0.202424209901066
"2021/04/12","ESTF","Provincia:Santa Cruz de Tenerife",1032983,17,1611,1,15,0.058348851644941,0.0114462044145425,60273.3718187461,0.0108108108108108,0.00860340591572826,NA,NA,NA,NA,NA,NA,0.00441014332965821,0.00431232050264776,0.00836820083682008,0.00666775729287622,0,0,0.2,0.202424209901066
"2021/04/13","ESTF","Provincia:Santa Cruz de Tenerife",1032983,17,1611,1,15,0.058348851644941,0.0114462044145425,60273.3718187461,0.0108108108108108,0.00860340591572826,NA,NA,NA,NA,NA,NA,0.00441014332965821,0.00431232050264776,0.00836820083682008,0.00666775729287622,0,0,0.2,0.202424209901066
"2021/04/14","ESTF","Provincia:Santa Cruz de Tenerife",1032983,18,1641,1,30,0.0572821450335161,0.0112433130526497,59171.4820231566,0.0108108108108108,0.00860340591572826,NA,NA,NA,NA,NA,NA,0.0064034151547492,0.00510727414626875,0.00836820083682008,0.00666775729287622,0,0,0.0666666666666667,0.0728810453027162
"2021/04/15","ESTF","Provincia:Santa Cruz de Tenerife",1032983,18,1641,1,30,0.0572821450335161,0.0112433130526497,59171.4820231566,0.0108108108108108,0.00860340591572826,NA,NA,NA,NA,NA,NA,0.0064034151547492,0.00510727414626875,0.00836820083682008,0.00666775729287622,0,0,0.0666666666666667,0.0728810453027162
