"date","region","regionname","population","sample_size","reach","sample_size_recent","reach_recent","p_cases","p_cases_error","p_fatalities","p_fatalities_error","p_recentcases","p_recentcases_error","p_cases_daily","p_cases_daily_error","p_stillsick","p_stillsick_error","p_vaccinated","p_vaccinated_error","p_refusevaccine","p_refusevaccine_error"
"2020/03/15","ESVA","Provincia:Valladolid",519546,0,0,0,0,NA,NA,NA,NA,NA,NA,NA,NA,NA,NA,NA,NA,NA,NA
"2020/03/16","ESVA","Provincia:Valladolid",519546,0,0,0,0,NA,NA,NA,NA,NA,NA,NA,NA,NA,NA,NA,NA,NA,NA
"2020/03/17","ESVA","Provincia:Valladolid",519546,0,0,0,0,NA,NA,NA,NA,NA,NA,NA,NA,NA,NA,NA,NA,NA,NA
"2020/03/18","ESVA","Provincia:Valladolid",519546,0,0,0,0,NA,NA,NA,NA,NA,NA,NA,NA,NA,NA,NA,NA,NA,NA
"2020/03/19","ESVA","Provincia:Valladolid",519546,0,0,0,0,NA,NA,NA,NA,NA,NA,NA,NA,NA,NA,NA,NA,NA,NA
"2020/03/20","ESVA","Provincia:Valladolid",519546,0,0,0,0,NA,NA,NA,NA,NA,NA,NA,NA,NA,NA,NA,NA,NA,NA
"2020/03/21","ESVA","Provincia:Valladolid",519546,0,0,0,0,NA,NA,NA,NA,NA,NA,NA,NA,NA,NA,NA,NA,NA,NA
"2020/03/22","ESVA","Provincia:Valladolid",519546,0,0,0,0,NA,NA,NA,NA,NA,NA,NA,NA,NA,NA,NA,NA,NA,NA
"2020/03/23","ESVA","Provincia:Valladolid",519546,0,0,0,0,NA,NA,NA,NA,NA,NA,NA,NA,NA,NA,NA,NA,NA,NA
"2020/03/24","ESVA","Provincia:Valladolid",519546,0,0,0,0,NA,NA,NA,NA,NA,NA,NA,NA,NA,NA,NA,NA,NA,NA
"2020/03/25","ESVA","Provincia:Valladolid",519546,0,0,0,0,NA,NA,NA,NA,NA,NA,NA,NA,NA,NA,NA,NA,NA,NA
"2020/03/26","ESVA","Provincia:Valladolid",519546,0,0,0,0,NA,NA,NA,NA,NA,NA,NA,NA,NA,NA,NA,NA,NA,NA
"2020/03/27","ESVA","Provincia:Valladolid",519546,0,0,0,0,NA,NA,NA,NA,NA,NA,NA,NA,NA,NA,NA,NA,NA,NA
"2020/03/28","ESVA","Provincia:Valladolid",519546,0,0,0,0,NA,NA,NA,NA,NA,NA,NA,NA,NA,NA,NA,NA,NA,NA
"2020/03/29","ESVA","Provincia:Valladolid",519546,0,0,0,0,NA,NA,NA,NA,NA,NA,NA,NA,NA,NA,NA,NA,NA,NA
"2020/03/30","ESVA","Provincia:Valladolid",519546,0,0,0,0,NA,NA,NA,NA,NA,NA,NA,NA,NA,NA,NA,NA,NA,NA
"2020/03/31","ESVA","Provincia:Valladolid",519546,0,0,0,0,NA,NA,NA,NA,NA,NA,NA,NA,NA,NA,NA,NA,NA,NA
"2020/04/01","ESVA","Provincia:Valladolid",519546,0,0,0,0,NA,NA,NA,NA,NA,NA,NA,NA,NA,NA,NA,NA,NA,NA
"2020/04/02","ESVA","Provincia:Valladolid",519546,0,0,0,0,NA,NA,NA,NA,NA,NA,NA,NA,NA,NA,NA,NA,NA,NA
"2020/04/03","ESVA","Provincia:Valladolid",519546,0,0,0,0,NA,NA,NA,NA,NA,NA,NA,NA,NA,NA,NA,NA,NA,NA
"2020/04/04","ESVA","Provincia:Valladolid",519546,0,0,0,0,NA,NA,NA,NA,NA,NA,NA,NA,NA,NA,NA,NA,NA,NA
"2020/04/05","ESVA","Provincia:Valladolid",519546,0,0,0,0,NA,NA,NA,NA,NA,NA,NA,NA,NA,NA,NA,NA,NA,NA
"2020/04/06","ESVA","Provincia:Valladolid",519546,0,0,0,0,NA,NA,NA,NA,NA,NA,NA,NA,NA,NA,NA,NA,NA,NA
"2020/04/07","ESVA","Provincia:Valladolid",519546,0,0,0,0,NA,NA,NA,NA,NA,NA,NA,NA,NA,NA,NA,NA,NA,NA
"2020/04/08","ESVA","Provincia:Valladolid",519546,0,0,0,0,NA,NA,NA,NA,NA,NA,NA,NA,NA,NA,NA,NA,NA,NA
"2020/04/09","ESVA","Provincia:Valladolid",519546,0,0,0,0,NA,NA,NA,NA,NA,NA,NA,NA,NA,NA,NA,NA,NA,NA
"2020/04/10","ESVA","Provincia:Valladolid",519546,0,0,0,0,NA,NA,NA,NA,NA,NA,NA,NA,NA,NA,NA,NA,NA,NA
"2020/04/11","ESVA","Provincia:Valladolid",519546,0,0,0,0,NA,NA,NA,NA,NA,NA,NA,NA,NA,NA,NA,NA,NA,NA
"2020/04/12","ESVA","Provincia:Valladolid",519546,0,0,0,0,NA,NA,NA,NA,NA,NA,NA,NA,NA,NA,NA,NA,NA,NA
"2020/04/13","ESVA","Provincia:Valladolid",519546,0,0,0,0,NA,NA,NA,NA,NA,NA,NA,NA,NA,NA,NA,NA,NA,NA
"2020/04/14","ESVA","Provincia:Valladolid",519546,0,0,0,0,NA,NA,NA,NA,NA,NA,NA,NA,NA,NA,NA,NA,NA,NA
"2020/04/15","ESVA","Provincia:Valladolid",519546,0,0,0,0,NA,NA,NA,NA,NA,NA,NA,NA,NA,NA,NA,NA,NA,NA
"2020/04/16","ESVA","Provincia:Valladolid",519546,0,0,0,0,NA,NA,NA,NA,NA,NA,NA,NA,NA,NA,NA,NA,NA,NA
"2020/04/17","ESVA","Provincia:Valladolid",519546,0,0,0,0,NA,NA,NA,NA,NA,NA,NA,NA,NA,NA,NA,NA,NA,NA
"2020/04/18","ESVA","Provincia:Valladolid",519546,0,0,0,0,NA,NA,NA,NA,NA,NA,NA,NA,NA,NA,NA,NA,NA,NA
"2020/04/19","ESVA","Provincia:Valladolid",519546,0,0,0,0,NA,NA,NA,NA,NA,NA,NA,NA,NA,NA,NA,NA,NA,NA
"2020/04/20","ESVA","Provincia:Valladolid",519546,0,0,0,0,NA,NA,NA,NA,NA,NA,NA,NA,NA,NA,NA,NA,NA,NA
"2020/04/21","ESVA","Provincia:Valladolid",519546,0,0,0,0,NA,NA,NA,NA,NA,NA,NA,NA,NA,NA,NA,NA,NA,NA
"2020/04/22","ESVA","Provincia:Valladolid",519546,0,0,0,0,NA,NA,NA,NA,NA,NA,NA,NA,NA,NA,NA,NA,NA,NA
"2020/04/23","ESVA","Provincia:Valladolid",519546,0,0,0,0,NA,NA,NA,NA,NA,NA,NA,NA,NA,NA,NA,NA,NA,NA
"2020/04/24","ESVA","Provincia:Valladolid",519546,0,0,0,0,NA,NA,NA,NA,NA,NA,NA,NA,NA,NA,NA,NA,NA,NA
"2020/04/25","ESVA","Provincia:Valladolid",519546,0,0,0,0,NA,NA,NA,NA,NA,NA,NA,NA,NA,NA,NA,NA,NA,NA
"2020/04/26","ESVA","Provincia:Valladolid",519546,0,0,0,0,NA,NA,NA,NA,NA,NA,NA,NA,NA,NA,NA,NA,NA,NA
"2020/04/27","ESVA","Provincia:Valladolid",519546,0,0,0,0,NA,NA,NA,NA,NA,NA,NA,NA,NA,NA,NA,NA,NA,NA
"2020/04/28","ESVA","Provincia:Valladolid",519546,0,0,0,0,NA,NA,NA,NA,NA,NA,NA,NA,NA,NA,NA,NA,NA,NA
"2020/04/29","ESVA","Provincia:Valladolid",519546,0,0,0,0,NA,NA,NA,NA,NA,NA,NA,NA,NA,NA,NA,NA,NA,NA
"2020/04/30","ESVA","Provincia:Valladolid",519546,0,0,0,0,NA,NA,NA,NA,NA,NA,NA,NA,NA,NA,NA,NA,NA,NA
"2020/05/01","ESVA","Provincia:Valladolid",519546,0,0,0,0,NA,NA,NA,NA,NA,NA,NA,NA,NA,NA,NA,NA,NA,NA
"2020/05/02","ESVA","Provincia:Valladolid",519546,0,0,0,0,NA,NA,NA,NA,NA,NA,NA,NA,NA,NA,NA,NA,NA,NA
"2020/05/03","ESVA","Provincia:Valladolid",519546,0,0,0,0,NA,NA,NA,NA,NA,NA,NA,NA,NA,NA,NA,NA,NA,NA
"2020/05/04","ESVA","Provincia:Valladolid",519546,0,0,0,0,NA,NA,NA,NA,NA,NA,NA,NA,NA,NA,NA,NA,NA,NA
"2020/05/05","ESVA","Provincia:Valladolid",519546,0,0,0,0,NA,NA,NA,NA,NA,NA,NA,NA,NA,NA,NA,NA,NA,NA
"2020/05/06","ESVA","Provincia:Valladolid",519546,0,0,0,0,NA,NA,NA,NA,NA,NA,NA,NA,NA,NA,NA,NA,NA,NA
"2020/05/07","ESVA","Provincia:Valladolid",519546,0,0,0,0,NA,NA,NA,NA,NA,NA,NA,NA,NA,NA,NA,NA,NA,NA
"2020/05/08","ESVA","Provincia:Valladolid",519546,0,0,0,0,NA,NA,NA,NA,NA,NA,NA,NA,NA,NA,NA,NA,NA,NA
"2020/05/09","ESVA","Provincia:Valladolid",519546,0,0,0,0,NA,NA,NA,NA,NA,NA,NA,NA,NA,NA,NA,NA,NA,NA
"2020/05/10","ESVA","Provincia:Valladolid",519546,0,0,0,0,NA,NA,NA,NA,NA,NA,NA,NA,NA,NA,NA,NA,NA,NA
"2020/05/11","ESVA","Provincia:Valladolid",519546,0,0,0,0,NA,NA,NA,NA,NA,NA,NA,NA,NA,NA,NA,NA,NA,NA
"2020/05/12","ESVA","Provincia:Valladolid",519546,0,0,0,0,NA,NA,NA,NA,NA,NA,NA,NA,NA,NA,NA,NA,NA,NA
"2020/05/13","ESVA","Provincia:Valladolid",519546,0,0,0,0,NA,NA,NA,NA,NA,NA,NA,NA,NA,NA,NA,NA,NA,NA
"2020/05/14","ESVA","Provincia:Valladolid",519546,1,20,1,20,NA,NA,NA,NA,NA,NA,NA,NA,NA,NA,NA,NA,NA,NA
"2020/05/15","ESVA","Provincia:Valladolid",519546,1,20,1,20,NA,NA,NA,NA,NA,NA,NA,NA,NA,NA,NA,NA,NA,NA
"2020/05/16","ESVA","Provincia:Valladolid",519546,1,20,1,20,NA,NA,NA,NA,NA,NA,NA,NA,NA,NA,NA,NA,NA,NA
"2020/05/17","ESVA","Provincia:Valladolid",519546,1,20,1,20,NA,NA,NA,NA,NA,NA,NA,NA,NA,NA,NA,NA,NA,NA
"2020/05/18","ESVA","Provincia:Valladolid",519546,1,20,1,20,NA,NA,NA,NA,NA,NA,NA,NA,NA,NA,NA,NA,NA,NA
"2020/05/19","ESVA","Provincia:Valladolid",519546,1,20,1,20,NA,NA,NA,NA,NA,NA,NA,NA,NA,NA,NA,NA,NA,NA
"2020/05/20","ESVA","Provincia:Valladolid",519546,1,20,1,20,NA,NA,NA,NA,NA,NA,NA,NA,NA,NA,NA,NA,NA,NA
"2020/05/21","ESVA","Provincia:Valladolid",519546,1,20,0,0,NA,NA,NA,NA,NA,NA,NA,NA,NA,NA,NA,NA,NA,NA
"2020/05/22","ESVA","Provincia:Valladolid",519546,1,20,0,0,NA,NA,NA,NA,NA,NA,NA,NA,NA,NA,NA,NA,NA,NA
"2020/05/23","ESVA","Provincia:Valladolid",519546,1,20,0,0,NA,NA,NA,NA,NA,NA,NA,NA,NA,NA,NA,NA,NA,NA
"2020/05/24","ESVA","Provincia:Valladolid",519546,1,20,0,0,NA,NA,NA,NA,NA,NA,NA,NA,NA,NA,NA,NA,NA,NA
"2020/05/25","ESVA","Provincia:Valladolid",519546,1,20,0,0,NA,NA,NA,NA,NA,NA,NA,NA,NA,NA,NA,NA,NA,NA
"2020/05/26","ESVA","Provincia:Valladolid",519546,1,20,0,0,NA,NA,NA,NA,NA,NA,NA,NA,NA,NA,NA,NA,NA,NA
"2020/05/27","ESVA","Provincia:Valladolid",519546,1,20,0,0,NA,NA,NA,NA,NA,NA,NA,NA,NA,NA,NA,NA,NA,NA
"2020/05/28","ESVA","Provincia:Valladolid",519546,1,20,0,0,NA,NA,NA,NA,NA,NA,NA,NA,NA,NA,NA,NA,NA,NA
"2020/05/29","ESVA","Provincia:Valladolid",519546,1,20,0,0,NA,NA,NA,NA,NA,NA,NA,NA,NA,NA,NA,NA,NA,NA
"2020/05/30","ESVA","Provincia:Valladolid",519546,1,20,0,0,NA,NA,NA,NA,NA,NA,NA,NA,NA,NA,NA,NA,NA,NA
"2020/05/31","ESVA","Provincia:Valladolid",519546,1,20,0,0,NA,NA,NA,NA,NA,NA,NA,NA,NA,NA,NA,NA,NA,NA
"2020/06/01","ESVA","Provincia:Valladolid",519546,2,220,1,200,0.122727272727273,0.043358535654146,NA,NA,0.025,0.0216374165225911,0.00357142857142857,0.00826755634663283,0.075,0.0365035070702566,NA,NA,NA,NA
"2020/06/02","ESVA","Provincia:Valladolid",519546,2,220,1,200,0.122727272727273,0.043358535654146,NA,NA,0.025,0.0216374165225911,0.00357142857142857,0.00826755634663283,0.075,0.0365035070702566,NA,NA,NA,NA
"2020/06/03","ESVA","Provincia:Valladolid",519546,2,220,1,200,0.122727272727273,0.043358535654146,NA,NA,0.025,0.0216374165225911,0.00357142857142857,0.00826755634663283,0.075,0.0365035070702566,NA,NA,NA,NA
"2020/06/04","ESVA","Provincia:Valladolid",519546,2,220,1,200,0.122727272727273,0.043358535654146,NA,NA,0.025,0.0216374165225911,0.00357142857142857,0.00826755634663283,0.075,0.0365035070702566,NA,NA,NA,NA
"2020/06/05","ESVA","Provincia:Valladolid",519546,2,220,1,200,0.122727272727273,0.043358535654146,NA,NA,0.025,0.0216374165225911,0.00357142857142857,0.00826755634663283,0.075,0.0365035070702566,NA,NA,NA,NA
"2020/06/06","ESVA","Provincia:Valladolid",519546,2,220,1,200,0.122727272727273,0.043358535654146,NA,NA,0.025,0.0216374165225911,0.00357142857142857,0.00826755634663283,0.075,0.0365035070702566,NA,NA,NA,NA
"2020/06/07","ESVA","Provincia:Valladolid",519546,2,220,1,200,0.122727272727273,0.043358535654146,NA,NA,0.025,0.0216374165225911,0.00357142857142857,0.00826755634663283,0.075,0.0365035070702566,NA,NA,NA,NA
"2020/06/08","ESVA","Provincia:Valladolid",519546,2,220,0,0,0.122727272727273,0.043358535654146,NA,NA,NA,NA,NA,NA,NA,NA,NA,NA,NA,NA
"2020/06/09","ESVA","Provincia:Valladolid",519546,2,220,0,0,0.122727272727273,0.043358535654146,NA,NA,NA,NA,NA,NA,NA,NA,NA,NA,NA,NA
"2020/06/10","ESVA","Provincia:Valladolid",519546,2,220,0,0,0.122727272727273,0.043358535654146,NA,NA,NA,NA,NA,NA,NA,NA,NA,NA,NA,NA
"2020/06/11","ESVA","Provincia:Valladolid",519546,2,220,0,0,0.122727272727273,0.043358535654146,NA,NA,NA,NA,NA,NA,NA,NA,NA,NA,NA,NA
"2020/06/12","ESVA","Provincia:Valladolid",519546,2,220,0,0,0.122727272727273,0.043358535654146,NA,NA,NA,NA,NA,NA,NA,NA,NA,NA,NA,NA
"2020/06/13","ESVA","Provincia:Valladolid",519546,2,220,0,0,0.122727272727273,0.043358535654146,NA,NA,NA,NA,NA,NA,NA,NA,NA,NA,NA,NA
"2020/06/14","ESVA","Provincia:Valladolid",519546,2,220,0,0,0.122727272727273,0.043358535654146,NA,NA,NA,NA,NA,NA,NA,NA,NA,NA,NA,NA
"2020/06/15","ESVA","Provincia:Valladolid",519546,2,220,0,0,0.122727272727273,0.043358535654146,NA,NA,NA,NA,NA,NA,NA,NA,NA,NA,NA,NA
"2020/06/16","ESVA","Provincia:Valladolid",519546,2,220,0,0,0.122727272727273,0.043358535654146,NA,NA,NA,NA,NA,NA,NA,NA,NA,NA,NA,NA
"2020/06/17","ESVA","Provincia:Valladolid",519546,2,220,0,0,0.122727272727273,0.043358535654146,NA,NA,NA,NA,NA,NA,NA,NA,NA,NA,NA,NA
"2020/06/18","ESVA","Provincia:Valladolid",519546,2,220,0,0,0.122727272727273,0.043358535654146,NA,NA,NA,NA,NA,NA,NA,NA,NA,NA,NA,NA
"2020/06/19","ESVA","Provincia:Valladolid",519546,2,220,0,0,0.122727272727273,0.043358535654146,NA,NA,NA,NA,NA,NA,NA,NA,NA,NA,NA,NA
"2020/06/20","ESVA","Provincia:Valladolid",519546,2,220,0,0,0.122727272727273,0.043358535654146,NA,NA,NA,NA,NA,NA,NA,NA,NA,NA,NA,NA
"2020/06/21","ESVA","Provincia:Valladolid",519546,2,220,0,0,0.122727272727273,0.043358535654146,NA,NA,NA,NA,NA,NA,NA,NA,NA,NA,NA,NA
"2020/06/22","ESVA","Provincia:Valladolid",519546,2,220,0,0,0.122727272727273,0.043358535654146,NA,NA,NA,NA,NA,NA,NA,NA,NA,NA,NA,NA
"2020/06/23","ESVA","Provincia:Valladolid",519546,2,220,0,0,0.122727272727273,0.043358535654146,NA,NA,NA,NA,NA,NA,NA,NA,NA,NA,NA,NA
"2020/06/24","ESVA","Provincia:Valladolid",519546,2,220,0,0,0.122727272727273,0.043358535654146,NA,NA,NA,NA,NA,NA,NA,NA,NA,NA,NA,NA
"2020/06/25","ESVA","Provincia:Valladolid",519546,2,220,0,0,0.122727272727273,0.043358535654146,NA,NA,NA,NA,NA,NA,NA,NA,NA,NA,NA,NA
"2020/06/26","ESVA","Provincia:Valladolid",519546,2,220,0,0,0.122727272727273,0.043358535654146,NA,NA,NA,NA,NA,NA,NA,NA,NA,NA,NA,NA
"2020/06/27","ESVA","Provincia:Valladolid",519546,2,220,0,0,0.122727272727273,0.043358535654146,NA,NA,NA,NA,NA,NA,NA,NA,NA,NA,NA,NA
"2020/06/28","ESVA","Provincia:Valladolid",519546,2,220,0,0,0.122727272727273,0.043358535654146,NA,NA,NA,NA,NA,NA,NA,NA,NA,NA,NA,NA
"2020/06/29","ESVA","Provincia:Valladolid",519546,2,220,0,0,0.122727272727273,0.043358535654146,NA,NA,NA,NA,NA,NA,NA,NA,NA,NA,NA,NA
"2020/06/30","ESVA","Provincia:Valladolid",519546,2,220,0,0,0.122727272727273,0.043358535654146,NA,NA,NA,NA,NA,NA,NA,NA,NA,NA,NA,NA
"2020/07/01","ESVA","Provincia:Valladolid",519546,2,220,0,0,0.122727272727273,0.043358535654146,NA,NA,NA,NA,NA,NA,NA,NA,NA,NA,NA,NA
"2020/07/02","ESVA","Provincia:Valladolid",519546,2,220,0,0,0.122727272727273,0.043358535654146,NA,NA,NA,NA,NA,NA,NA,NA,NA,NA,NA,NA
"2020/07/03","ESVA","Provincia:Valladolid",519546,2,220,0,0,0.122727272727273,0.043358535654146,NA,NA,NA,NA,NA,NA,NA,NA,NA,NA,NA,NA
"2020/07/04","ESVA","Provincia:Valladolid",519546,2,220,0,0,0.122727272727273,0.043358535654146,NA,NA,NA,NA,NA,NA,NA,NA,NA,NA,NA,NA
"2020/07/05","ESVA","Provincia:Valladolid",519546,2,220,0,0,0.122727272727273,0.043358535654146,NA,NA,NA,NA,NA,NA,NA,NA,NA,NA,NA,NA
"2020/07/06","ESVA","Provincia:Valladolid",519546,2,220,0,0,0.122727272727273,0.043358535654146,NA,NA,NA,NA,NA,NA,NA,NA,NA,NA,NA,NA
"2020/07/07","ESVA","Provincia:Valladolid",519546,2,220,0,0,0.122727272727273,0.043358535654146,NA,NA,NA,NA,NA,NA,NA,NA,NA,NA,NA,NA
"2020/07/08","ESVA","Provincia:Valladolid",519546,2,220,0,0,0.122727272727273,0.043358535654146,NA,NA,NA,NA,NA,NA,NA,NA,NA,NA,NA,NA
"2020/07/09","ESVA","Provincia:Valladolid",519546,2,220,0,0,0.122727272727273,0.043358535654146,NA,NA,NA,NA,NA,NA,NA,NA,NA,NA,NA,NA
"2020/07/10","ESVA","Provincia:Valladolid",519546,2,220,0,0,0.122727272727273,0.043358535654146,NA,NA,NA,NA,NA,NA,NA,NA,NA,NA,NA,NA
"2020/07/11","ESVA","Provincia:Valladolid",519546,2,220,0,0,0.122727272727273,0.043358535654146,NA,NA,NA,NA,NA,NA,NA,NA,NA,NA,NA,NA
"2020/07/12","ESVA","Provincia:Valladolid",519546,2,220,0,0,0.122727272727273,0.043358535654146,NA,NA,NA,NA,NA,NA,NA,NA,NA,NA,NA,NA
"2020/07/13","ESVA","Provincia:Valladolid",519546,2,220,0,0,0.122727272727273,0.043358535654146,NA,NA,NA,NA,NA,NA,NA,NA,NA,NA,NA,NA
"2020/07/14","ESVA","Provincia:Valladolid",519546,2,220,0,0,0.122727272727273,0.043358535654146,NA,NA,NA,NA,NA,NA,NA,NA,NA,NA,NA,NA
"2020/07/15","ESVA","Provincia:Valladolid",519546,2,220,0,0,0.122727272727273,0.043358535654146,NA,NA,NA,NA,NA,NA,NA,NA,NA,NA,NA,NA
"2020/07/16","ESVA","Provincia:Valladolid",519546,2,220,0,0,0.122727272727273,0.043358535654146,NA,NA,NA,NA,NA,NA,NA,NA,NA,NA,NA,NA
"2020/07/17","ESVA","Provincia:Valladolid",519546,2,220,0,0,0.122727272727273,0.043358535654146,NA,NA,NA,NA,NA,NA,NA,NA,NA,NA,NA,NA
"2020/07/18","ESVA","Provincia:Valladolid",519546,2,220,0,0,0.122727272727273,0.043358535654146,NA,NA,NA,NA,NA,NA,NA,NA,NA,NA,NA,NA
"2020/07/19","ESVA","Provincia:Valladolid",519546,2,220,0,0,0.122727272727273,0.043358535654146,NA,NA,NA,NA,NA,NA,NA,NA,NA,NA,NA,NA
"2020/07/20","ESVA","Provincia:Valladolid",519546,2,220,0,0,0.122727272727273,0.043358535654146,NA,NA,NA,NA,NA,NA,NA,NA,NA,NA,NA,NA
"2020/07/21","ESVA","Provincia:Valladolid",519546,2,220,0,0,0.122727272727273,0.043358535654146,NA,NA,NA,NA,NA,NA,NA,NA,NA,NA,NA,NA
"2020/07/22","ESVA","Provincia:Valladolid",519546,2,220,0,0,0.122727272727273,0.043358535654146,NA,NA,NA,NA,NA,NA,NA,NA,NA,NA,NA,NA
"2020/07/23","ESVA","Provincia:Valladolid",519546,2,220,0,0,0.122727272727273,0.043358535654146,NA,NA,NA,NA,NA,NA,NA,NA,NA,NA,NA,NA
"2020/07/24","ESVA","Provincia:Valladolid",519546,2,220,0,0,0.122727272727273,0.043358535654146,NA,NA,NA,NA,NA,NA,NA,NA,NA,NA,NA,NA
"2020/07/25","ESVA","Provincia:Valladolid",519546,2,220,0,0,0.122727272727273,0.043358535654146,NA,NA,NA,NA,NA,NA,NA,NA,NA,NA,NA,NA
"2020/07/26","ESVA","Provincia:Valladolid",519546,2,220,0,0,0.122727272727273,0.043358535654146,NA,NA,NA,NA,NA,NA,NA,NA,NA,NA,NA,NA
"2020/07/27","ESVA","Provincia:Valladolid",519546,2,220,0,0,0.122727272727273,0.043358535654146,NA,NA,NA,NA,NA,NA,NA,NA,NA,NA,NA,NA
"2020/07/28","ESVA","Provincia:Valladolid",519546,2,220,0,0,0.122727272727273,0.043358535654146,NA,NA,NA,NA,NA,NA,NA,NA,NA,NA,NA,NA
"2020/07/29","ESVA","Provincia:Valladolid",519546,2,220,0,0,0.122727272727273,0.043358535654146,NA,NA,NA,NA,NA,NA,NA,NA,NA,NA,NA,NA
"2020/07/30","ESVA","Provincia:Valladolid",519546,2,220,0,0,0.122727272727273,0.043358535654146,NA,NA,NA,NA,NA,NA,NA,NA,NA,NA,NA,NA
"2020/07/31","ESVA","Provincia:Valladolid",519546,3,250,1,30,0.108,0.0384744474658384,0,0,NA,NA,NA,NA,NA,NA,NA,NA,NA,NA
"2020/08/01","ESVA","Provincia:Valladolid",519546,3,250,1,30,0.108,0.0384744474658384,0,0,NA,NA,NA,NA,NA,NA,NA,NA,NA,NA
"2020/08/02","ESVA","Provincia:Valladolid",519546,3,250,1,30,0.108,0.0384744474658384,0,0,NA,NA,NA,NA,NA,NA,NA,NA,NA,NA
"2020/08/03","ESVA","Provincia:Valladolid",519546,3,250,1,30,0.108,0.0384744474658384,0,0,NA,NA,NA,NA,NA,NA,NA,NA,NA,NA
"2020/08/04","ESVA","Provincia:Valladolid",519546,3,250,1,30,0.108,0.0384744474658384,0,0,NA,NA,NA,NA,NA,NA,NA,NA,NA,NA
"2020/08/05","ESVA","Provincia:Valladolid",519546,3,250,1,30,0.108,0.0384744474658384,0,0,NA,NA,NA,NA,NA,NA,NA,NA,NA,NA
"2020/08/06","ESVA","Provincia:Valladolid",519546,3,250,1,30,0.108,0.0384744474658384,0,0,NA,NA,NA,NA,NA,NA,NA,NA,NA,NA
"2020/08/07","ESVA","Provincia:Valladolid",519546,3,250,0,0,0.108,0.0384744474658384,0,0,NA,NA,NA,NA,NA,NA,NA,NA,NA,NA
"2020/08/08","ESVA","Provincia:Valladolid",519546,3,250,0,0,0.108,0.0384744474658384,0,0,NA,NA,NA,NA,NA,NA,NA,NA,NA,NA
"2020/08/09","ESVA","Provincia:Valladolid",519546,3,250,0,0,0.108,0.0384744474658384,0,0,NA,NA,NA,NA,NA,NA,NA,NA,NA,NA
"2020/08/10","ESVA","Provincia:Valladolid",519546,3,250,0,0,0.108,0.0384744474658384,0,0,NA,NA,NA,NA,NA,NA,NA,NA,NA,NA
"2020/08/11","ESVA","Provincia:Valladolid",519546,3,250,0,0,0.108,0.0384744474658384,0,0,NA,NA,NA,NA,NA,NA,NA,NA,NA,NA
"2020/08/12","ESVA","Provincia:Valladolid",519546,3,250,0,0,0.108,0.0384744474658384,0,0,NA,NA,NA,NA,NA,NA,NA,NA,NA,NA
"2020/08/13","ESVA","Provincia:Valladolid",519546,3,250,0,0,0.108,0.0384744474658384,0,0,NA,NA,NA,NA,NA,NA,NA,NA,NA,NA
"2020/08/14","ESVA","Provincia:Valladolid",519546,3,250,0,0,0.108,0.0384744474658384,0,0,NA,NA,NA,NA,NA,NA,NA,NA,NA,NA
"2020/08/15","ESVA","Provincia:Valladolid",519546,3,250,0,0,0.108,0.0384744474658384,0,0,NA,NA,NA,NA,NA,NA,NA,NA,NA,NA
"2020/08/16","ESVA","Provincia:Valladolid",519546,3,250,0,0,0.108,0.0384744474658384,0,0,NA,NA,NA,NA,NA,NA,NA,NA,NA,NA
"2020/08/17","ESVA","Provincia:Valladolid",519546,3,250,0,0,0.108,0.0384744474658384,0,0,NA,NA,NA,NA,NA,NA,NA,NA,NA,NA
"2020/08/18","ESVA","Provincia:Valladolid",519546,3,250,0,0,0.108,0.0384744474658384,0,0,NA,NA,NA,NA,NA,NA,NA,NA,NA,NA
"2020/08/19","ESVA","Provincia:Valladolid",519546,3,250,0,0,0.108,0.0384744474658384,0,0,NA,NA,NA,NA,NA,NA,NA,NA,NA,NA
"2020/08/20","ESVA","Provincia:Valladolid",519546,3,250,0,0,0.108,0.0384744474658384,0,0,NA,NA,NA,NA,NA,NA,NA,NA,NA,NA
"2020/08/21","ESVA","Provincia:Valladolid",519546,3,250,0,0,0.108,0.0384744474658384,0,0,NA,NA,NA,NA,NA,NA,NA,NA,NA,NA
"2020/08/22","ESVA","Provincia:Valladolid",519546,3,250,0,0,0.108,0.0384744474658384,0,0,NA,NA,NA,NA,NA,NA,NA,NA,NA,NA
"2020/08/23","ESVA","Provincia:Valladolid",519546,3,250,0,0,0.108,0.0384744474658384,0,0,NA,NA,NA,NA,NA,NA,NA,NA,NA,NA
"2020/08/24","ESVA","Provincia:Valladolid",519546,3,250,0,0,0.108,0.0384744474658384,0,0,NA,NA,NA,NA,NA,NA,NA,NA,NA,NA
"2020/08/25","ESVA","Provincia:Valladolid",519546,3,250,0,0,0.108,0.0384744474658384,0,0,NA,NA,NA,NA,NA,NA,NA,NA,NA,NA
"2020/08/26","ESVA","Provincia:Valladolid",519546,3,250,0,0,0.108,0.0384744474658384,0,0,NA,NA,NA,NA,NA,NA,NA,NA,NA,NA
"2020/08/27","ESVA","Provincia:Valladolid",519546,3,250,0,0,0.108,0.0384744474658384,0,0,NA,NA,NA,NA,NA,NA,NA,NA,NA,NA
"2020/08/28","ESVA","Provincia:Valladolid",519546,3,250,0,0,0.108,0.0384744474658384,0,0,NA,NA,NA,NA,NA,NA,NA,NA,NA,NA
"2020/08/29","ESVA","Provincia:Valladolid",519546,3,250,0,0,0.108,0.0384744474658384,0,0,NA,NA,NA,NA,NA,NA,NA,NA,NA,NA
"2020/08/30","ESVA","Provincia:Valladolid",519546,3,250,0,0,0.108,0.0384744474658384,0,0,NA,NA,NA,NA,NA,NA,NA,NA,NA,NA
"2020/08/31","ESVA","Provincia:Valladolid",519546,3,250,0,0,0.108,0.0384744474658384,0,0,NA,NA,NA,NA,NA,NA,NA,NA,NA,NA
"2020/09/01","ESVA","Provincia:Valladolid",519546,3,250,0,0,0.108,0.0384744474658384,0,0,NA,NA,NA,NA,NA,NA,NA,NA,NA,NA
"2020/09/02","ESVA","Provincia:Valladolid",519546,3,250,0,0,0.108,0.0384744474658384,0,0,NA,NA,NA,NA,NA,NA,NA,NA,NA,NA
"2020/09/03","ESVA","Provincia:Valladolid",519546,4,300,1,50,0.0966666666666667,0.0334387360605515,0,0,NA,NA,NA,NA,NA,NA,NA,NA,NA,NA
"2020/09/04","ESVA","Provincia:Valladolid",519546,4,300,1,50,0.0966666666666667,0.0334387360605515,0,0,NA,NA,NA,NA,NA,NA,NA,NA,NA,NA
"2020/09/05","ESVA","Provincia:Valladolid",519546,4,300,1,50,0.0966666666666667,0.0334387360605515,0,0,NA,NA,NA,NA,NA,NA,NA,NA,NA,NA
"2020/09/06","ESVA","Provincia:Valladolid",519546,4,300,1,50,0.0966666666666667,0.0334387360605515,0,0,NA,NA,NA,NA,NA,NA,NA,NA,NA,NA
"2020/09/07","ESVA","Provincia:Valladolid",519546,4,300,1,50,0.0966666666666667,0.0334387360605515,0,0,NA,NA,NA,NA,NA,NA,NA,NA,NA,NA
"2020/09/08","ESVA","Provincia:Valladolid",519546,4,300,1,50,0.0966666666666667,0.0334387360605515,0,0,NA,NA,NA,NA,NA,NA,NA,NA,NA,NA
"2020/09/09","ESVA","Provincia:Valladolid",519546,4,300,1,50,0.0966666666666667,0.0334387360605515,0,0,NA,NA,NA,NA,NA,NA,NA,NA,NA,NA
"2020/09/10","ESVA","Provincia:Valladolid",519546,4,300,0,0,0.0966666666666667,0.0334387360605515,0,0,NA,NA,NA,NA,NA,NA,NA,NA,NA,NA
"2020/09/11","ESVA","Provincia:Valladolid",519546,4,300,0,0,0.0966666666666667,0.0334387360605515,0,0,NA,NA,NA,NA,NA,NA,NA,NA,NA,NA
"2020/09/12","ESVA","Provincia:Valladolid",519546,4,300,0,0,0.0966666666666667,0.0334387360605515,0,0,NA,NA,NA,NA,NA,NA,NA,NA,NA,NA
"2020/09/13","ESVA","Provincia:Valladolid",519546,4,300,0,0,0.0966666666666667,0.0334387360605515,0,0,NA,NA,NA,NA,NA,NA,NA,NA,NA,NA
"2020/09/14","ESVA","Provincia:Valladolid",519546,4,300,0,0,0.0966666666666667,0.0334387360605515,0,0,NA,NA,NA,NA,NA,NA,NA,NA,NA,NA
"2020/09/15","ESVA","Provincia:Valladolid",519546,4,300,0,0,0.0966666666666667,0.0334387360605515,0,0,NA,NA,NA,NA,NA,NA,NA,NA,NA,NA
"2020/09/16","ESVA","Provincia:Valladolid",519546,4,300,0,0,0.0966666666666667,0.0334387360605515,0,0,NA,NA,NA,NA,NA,NA,NA,NA,NA,NA
"2020/09/17","ESVA","Provincia:Valladolid",519546,4,300,0,0,0.0966666666666667,0.0334387360605515,0,0,NA,NA,NA,NA,NA,NA,NA,NA,NA,NA
"2020/09/18","ESVA","Provincia:Valladolid",519546,4,300,0,0,0.0966666666666667,0.0334387360605515,0,0,NA,NA,NA,NA,NA,NA,NA,NA,NA,NA
"2020/09/19","ESVA","Provincia:Valladolid",519546,4,300,0,0,0.0966666666666667,0.0334387360605515,0,0,NA,NA,NA,NA,NA,NA,NA,NA,NA,NA
"2020/09/20","ESVA","Provincia:Valladolid",519546,5,313,1,13,0.0926517571884984,0.0321210514977274,0,0,NA,NA,NA,NA,NA,NA,NA,NA,NA,NA
"2020/09/21","ESVA","Provincia:Valladolid",519546,10,823,6,523,0.0753341433778858,0.0180316932775932,0,0,0.00191204588910134,0.00374395662994112,0.000273149412728763,0.00141624392643339,0.00956022944550669,0.00833960420716841,NA,NA,NA,NA
"2020/09/22","ESVA","Provincia:Valladolid",519546,10,823,6,523,0.0753341433778858,0.0180316932775932,0,0,0.00191204588910134,0.00374395662994112,0.000273149412728763,0.00141624392643339,0.00956022944550669,0.00833960420716841,NA,NA,NA,NA
"2020/09/23","ESVA","Provincia:Valladolid",519546,10,823,6,523,0.0753341433778858,0.0180316932775932,0,0,0.00191204588910134,0.00374395662994112,0.000273149412728763,0.00141624392643339,0.00956022944550669,0.00833960420716841,NA,NA,NA,NA
"2020/09/24","ESVA","Provincia:Valladolid",519546,10,823,6,523,0.0753341433778858,0.0180316932775932,0,0,0.00191204588910134,0.00374395662994112,0.000273149412728763,0.00141624392643339,0.00956022944550669,0.00833960420716841,NA,NA,NA,NA
"2020/09/25","ESVA","Provincia:Valladolid",519546,10,823,6,523,0.0753341433778858,0.0180316932775932,0,0,0.00191204588910134,0.00374395662994112,0.000273149412728763,0.00141624392643339,0.00956022944550669,0.00833960420716841,NA,NA,NA,NA
"2020/09/26","ESVA","Provincia:Valladolid",519546,10,823,6,523,0.0753341433778858,0.0180316932775932,0,0,0.00191204588910134,0.00374395662994112,0.000273149412728763,0.00141624392643339,0.00956022944550669,0.00833960420716841,NA,NA,NA,NA
"2020/09/27","ESVA","Provincia:Valladolid",519546,10,823,5,510,0.0753341433778858,0.0180316932775932,0,0,0.00196078431372549,0.0038392970752337,0.000280112044817927,0.00145233920435344,0.00980392156862745,0.00855113018076868,NA,NA,NA,NA
"2020/09/28","ESVA","Provincia:Valladolid",519546,10,823,0,0,0.0753341433778858,0.0180316932775932,0,0,NA,NA,NA,NA,NA,NA,NA,NA,NA,NA
"2020/09/29","ESVA","Provincia:Valladolid",519546,10,823,0,0,0.0753341433778858,0.0180316932775932,0,0,NA,NA,NA,NA,NA,NA,NA,NA,NA,NA
"2020/09/30","ESVA","Provincia:Valladolid",519546,10,823,0,0,0.0753341433778858,0.0180316932775932,0,0,NA,NA,NA,NA,NA,NA,NA,NA,NA,NA
"2020/10/01","ESVA","Provincia:Valladolid",519546,10,823,0,0,0.0753341433778858,0.0180316932775932,0,0,NA,NA,NA,NA,NA,NA,NA,NA,NA,NA
"2020/10/02","ESVA","Provincia:Valladolid",519546,10,823,0,0,0.0753341433778858,0.0180316932775932,0,0,NA,NA,NA,NA,NA,NA,NA,NA,NA,NA
"2020/10/03","ESVA","Provincia:Valladolid",519546,10,823,0,0,0.0753341433778858,0.0180316932775932,0,0,NA,NA,NA,NA,NA,NA,NA,NA,NA,NA
"2020/10/04","ESVA","Provincia:Valladolid",519546,10,823,0,0,0.0753341433778858,0.0180316932775932,0,0,NA,NA,NA,NA,NA,NA,NA,NA,NA,NA
"2020/10/05","ESVA","Provincia:Valladolid",519546,10,823,0,0,0.0753341433778858,0.0180316932775932,0,0,NA,NA,NA,NA,NA,NA,NA,NA,NA,NA
"2020/10/06","ESVA","Provincia:Valladolid",519546,10,823,0,0,0.0753341433778858,0.0180316932775932,0,0,NA,NA,NA,NA,NA,NA,NA,NA,NA,NA
"2020/10/07","ESVA","Provincia:Valladolid",519546,10,823,0,0,0.0753341433778858,0.0180316932775932,0,0,NA,NA,NA,NA,NA,NA,NA,NA,NA,NA
"2020/10/08","ESVA","Provincia:Valladolid",519546,10,823,0,0,0.0753341433778858,0.0180316932775932,0,0,NA,NA,NA,NA,NA,NA,NA,NA,NA,NA
"2020/10/09","ESVA","Provincia:Valladolid",519546,10,823,0,0,0.0753341433778858,0.0180316932775932,0,0,NA,NA,NA,NA,NA,NA,NA,NA,NA,NA
"2020/10/10","ESVA","Provincia:Valladolid",519546,10,823,0,0,0.0753341433778858,0.0180316932775932,0,0,NA,NA,NA,NA,NA,NA,NA,NA,NA,NA
"2020/10/11","ESVA","Provincia:Valladolid",519546,10,823,0,0,0.0753341433778858,0.0180316932775932,0,0,NA,NA,NA,NA,NA,NA,NA,NA,NA,NA
"2020/10/12","ESVA","Provincia:Valladolid",519546,10,823,0,0,0.0753341433778858,0.0180316932775932,0,0,NA,NA,NA,NA,NA,NA,NA,NA,NA,NA
"2020/10/13","ESVA","Provincia:Valladolid",519546,10,823,0,0,0.0753341433778858,0.0180316932775932,0,0,NA,NA,NA,NA,NA,NA,NA,NA,NA,NA
"2020/10/14","ESVA","Provincia:Valladolid",519546,10,823,0,0,0.0753341433778858,0.0180316932775932,0,0,NA,NA,NA,NA,NA,NA,NA,NA,NA,NA
"2020/10/15","ESVA","Provincia:Valladolid",519546,10,823,0,0,0.0753341433778858,0.0180316932775932,0,0,NA,NA,NA,NA,NA,NA,NA,NA,NA,NA
"2020/10/16","ESVA","Provincia:Valladolid",519546,10,823,0,0,0.0753341433778858,0.0180316932775932,0,0,NA,NA,NA,NA,NA,NA,NA,NA,NA,NA
"2020/10/17","ESVA","Provincia:Valladolid",519546,10,823,0,0,0.0753341433778858,0.0180316932775932,0,0,NA,NA,NA,NA,NA,NA,NA,NA,NA,NA
"2020/10/18","ESVA","Provincia:Valladolid",519546,10,823,0,0,0.0753341433778858,0.0180316932775932,0,0,NA,NA,NA,NA,NA,NA,NA,NA,NA,NA
"2020/10/19","ESVA","Provincia:Valladolid",519546,10,823,0,0,0.0753341433778858,0.0180316932775932,0,0,NA,NA,NA,NA,NA,NA,NA,NA,NA,NA
"2020/10/20","ESVA","Provincia:Valladolid",519546,10,823,0,0,0.0753341433778858,0.0180316932775932,0,0,NA,NA,NA,NA,NA,NA,NA,NA,NA,NA
"2020/10/21","ESVA","Provincia:Valladolid",519546,10,823,0,0,0.0753341433778858,0.0180316932775932,0,0,NA,NA,NA,NA,NA,NA,NA,NA,NA,NA
"2020/10/22","ESVA","Provincia:Valladolid",519546,10,823,0,0,0.0753341433778858,0.0180316932775932,0,0,NA,NA,NA,NA,NA,NA,NA,NA,NA,NA
"2020/10/23","ESVA","Provincia:Valladolid",519546,10,823,0,0,0.0753341433778858,0.0180316932775932,0,0,NA,NA,NA,NA,NA,NA,NA,NA,NA,NA
"2020/10/24","ESVA","Provincia:Valladolid",519546,10,823,0,0,0.0753341433778858,0.0180316932775932,0,0,NA,NA,NA,NA,NA,NA,NA,NA,NA,NA
"2020/10/25","ESVA","Provincia:Valladolid",519546,10,823,0,0,0.0753341433778858,0.0180316932775932,0,0,NA,NA,NA,NA,NA,NA,NA,NA,NA,NA
"2020/10/26","ESVA","Provincia:Valladolid",519546,10,823,0,0,0.0753341433778858,0.0180316932775932,0,0,NA,NA,NA,NA,NA,NA,NA,NA,NA,NA
"2020/10/27","ESVA","Provincia:Valladolid",519546,10,823,0,0,0.0753341433778858,0.0180316932775932,0,0,NA,NA,NA,NA,NA,NA,NA,NA,NA,NA
"2020/10/28","ESVA","Provincia:Valladolid",519546,10,823,0,0,0.0753341433778858,0.0180316932775932,0,0,NA,NA,NA,NA,NA,NA,NA,NA,NA,NA
"2020/10/29","ESVA","Provincia:Valladolid",519546,10,823,0,0,0.0753341433778858,0.0180316932775932,0,0,NA,NA,NA,NA,NA,NA,NA,NA,NA,NA
"2020/10/30","ESVA","Provincia:Valladolid",519546,10,823,0,0,0.0753341433778858,0.0180316932775932,0,0,NA,NA,NA,NA,NA,NA,NA,NA,NA,NA
"2020/10/31","ESVA","Provincia:Valladolid",519546,10,823,0,0,0.0753341433778858,0.0180316932775932,0,0,NA,NA,NA,NA,NA,NA,NA,NA,NA,NA
"2020/11/01","ESVA","Provincia:Valladolid",519546,10,823,0,0,0.0753341433778858,0.0180316932775932,0,0,NA,NA,NA,NA,NA,NA,NA,NA,NA,NA
"2020/11/02","ESVA","Provincia:Valladolid",519546,10,823,0,0,0.0753341433778858,0.0180316932775932,0,0,NA,NA,NA,NA,NA,NA,NA,NA,NA,NA
"2020/11/03","ESVA","Provincia:Valladolid",519546,10,823,0,0,0.0753341433778858,0.0180316932775932,0,0,NA,NA,NA,NA,NA,NA,NA,NA,NA,NA
"2020/11/04","ESVA","Provincia:Valladolid",519546,10,823,0,0,0.0753341433778858,0.0180316932775932,0,0,NA,NA,NA,NA,NA,NA,NA,NA,NA,NA
"2020/11/05","ESVA","Provincia:Valladolid",519546,10,823,0,0,0.0753341433778858,0.0180316932775932,0,0,NA,NA,NA,NA,NA,NA,NA,NA,NA,NA
"2020/11/06","ESVA","Provincia:Valladolid",519546,10,823,0,0,0.0753341433778858,0.0180316932775932,0,0,NA,NA,NA,NA,NA,NA,NA,NA,NA,NA
"2020/11/07","ESVA","Provincia:Valladolid",519546,10,823,0,0,0.0753341433778858,0.0180316932775932,0,0,NA,NA,NA,NA,NA,NA,NA,NA,NA,NA
"2020/11/08","ESVA","Provincia:Valladolid",519546,10,823,0,0,0.0753341433778858,0.0180316932775932,0,0,NA,NA,NA,NA,NA,NA,NA,NA,NA,NA
"2020/11/09","ESVA","Provincia:Valladolid",519546,10,823,0,0,0.0753341433778858,0.0180316932775932,0,0,NA,NA,NA,NA,NA,NA,NA,NA,NA,NA
"2020/11/10","ESVA","Provincia:Valladolid",519546,10,823,0,0,0.0753341433778858,0.0180316932775932,0,0,NA,NA,NA,NA,NA,NA,NA,NA,NA,NA
"2020/11/11","ESVA","Provincia:Valladolid",519546,10,823,0,0,0.0753341433778858,0.0180316932775932,0,0,NA,NA,NA,NA,NA,NA,NA,NA,NA,NA
"2020/11/12","ESVA","Provincia:Valladolid",519546,10,823,0,0,0.0753341433778858,0.0180316932775932,0,0,NA,NA,NA,NA,NA,NA,NA,NA,NA,NA
"2020/11/13","ESVA","Provincia:Valladolid",519546,10,823,0,0,0.0753341433778858,0.0180316932775932,0,0,NA,NA,NA,NA,NA,NA,NA,NA,NA,NA
"2020/11/14","ESVA","Provincia:Valladolid",519546,10,823,0,0,0.0753341433778858,0.0180316932775932,0,0,NA,NA,NA,NA,NA,NA,NA,NA,NA,NA
"2020/11/15","ESVA","Provincia:Valladolid",519546,10,823,0,0,0.0753341433778858,0.0180316932775932,0,0,NA,NA,NA,NA,NA,NA,NA,NA,NA,NA
"2020/11/16","ESVA","Provincia:Valladolid",519546,10,823,0,0,0.0753341433778858,0.0180316932775932,0,0,NA,NA,NA,NA,NA,NA,NA,NA,NA,NA
"2020/11/17","ESVA","Provincia:Valladolid",519546,10,823,0,0,0.0753341433778858,0.0180316932775932,0,0,NA,NA,NA,NA,NA,NA,NA,NA,NA,NA
"2020/11/18","ESVA","Provincia:Valladolid",519546,10,823,0,0,0.0753341433778858,0.0180316932775932,0,0,NA,NA,NA,NA,NA,NA,NA,NA,NA,NA
"2020/11/19","ESVA","Provincia:Valladolid",519546,10,823,0,0,0.0753341433778858,0.0180316932775932,0,0,NA,NA,NA,NA,NA,NA,NA,NA,NA,NA
"2020/11/20","ESVA","Provincia:Valladolid",519546,10,823,0,0,0.0753341433778858,0.0180316932775932,0,0,NA,NA,NA,NA,NA,NA,NA,NA,NA,NA
"2020/11/21","ESVA","Provincia:Valladolid",519546,10,823,0,0,0.0753341433778858,0.0180316932775932,0,0,NA,NA,NA,NA,NA,NA,NA,NA,NA,NA
"2020/11/22","ESVA","Provincia:Valladolid",519546,10,823,0,0,0.0753341433778858,0.0180316932775932,0,0,NA,NA,NA,NA,NA,NA,NA,NA,NA,NA
"2020/11/23","ESVA","Provincia:Valladolid",519546,10,823,0,0,0.0753341433778858,0.0180316932775932,0,0,NA,NA,NA,NA,NA,NA,NA,NA,NA,NA
"2020/11/24","ESVA","Provincia:Valladolid",519546,10,823,0,0,0.0753341433778858,0.0180316932775932,0,0,NA,NA,NA,NA,NA,NA,NA,NA,NA,NA
"2020/11/25","ESVA","Provincia:Valladolid",519546,10,823,0,0,0.0753341433778858,0.0180316932775932,0,0,NA,NA,NA,NA,NA,NA,NA,NA,NA,NA
"2020/11/26","ESVA","Provincia:Valladolid",519546,10,823,0,0,0.0753341433778858,0.0180316932775932,0,0,NA,NA,NA,NA,NA,NA,NA,NA,NA,NA
"2020/11/27","ESVA","Provincia:Valladolid",519546,10,823,0,0,0.0753341433778858,0.0180316932775932,0,0,NA,NA,NA,NA,NA,NA,NA,NA,NA,NA
"2020/11/28","ESVA","Provincia:Valladolid",519546,10,823,0,0,0.0753341433778858,0.0180316932775932,0,0,NA,NA,NA,NA,NA,NA,NA,NA,NA,NA
"2020/11/29","ESVA","Provincia:Valladolid",519546,10,823,0,0,0.0753341433778858,0.0180316932775932,0,0,NA,NA,NA,NA,NA,NA,NA,NA,NA,NA
"2020/11/30","ESVA","Provincia:Valladolid",519546,10,823,0,0,0.0753341433778858,0.0180316932775932,0,0,NA,NA,NA,NA,NA,NA,NA,NA,NA,NA
"2020/12/01","ESVA","Provincia:Valladolid",519546,10,823,0,0,0.0753341433778858,0.0180316932775932,0,0,NA,NA,NA,NA,NA,NA,NA,NA,NA,NA
"2020/12/02","ESVA","Provincia:Valladolid",519546,10,823,0,0,0.0753341433778858,0.0180316932775932,0,0,NA,NA,NA,NA,NA,NA,NA,NA,NA,NA
"2020/12/03","ESVA","Provincia:Valladolid",519546,10,823,0,0,0.0753341433778858,0.0180316932775932,0,0,NA,NA,NA,NA,NA,NA,NA,NA,NA,NA
"2020/12/04","ESVA","Provincia:Valladolid",519546,10,823,0,0,0.0753341433778858,0.0180316932775932,0,0,NA,NA,NA,NA,NA,NA,NA,NA,NA,NA
"2020/12/05","ESVA","Provincia:Valladolid",519546,10,823,0,0,0.0753341433778858,0.0180316932775932,0,0,NA,NA,NA,NA,NA,NA,NA,NA,NA,NA
"2020/12/06","ESVA","Provincia:Valladolid",519546,10,823,0,0,0.0753341433778858,0.0180316932775932,0,0,NA,NA,NA,NA,NA,NA,NA,NA,NA,NA
"2020/12/07","ESVA","Provincia:Valladolid",519546,10,823,0,0,0.0753341433778858,0.0180316932775932,0,0,NA,NA,NA,NA,NA,NA,NA,NA,NA,NA
"2020/12/08","ESVA","Provincia:Valladolid",519546,10,823,0,0,0.0753341433778858,0.0180316932775932,0,0,NA,NA,NA,NA,NA,NA,NA,NA,NA,NA
"2020/12/09","ESVA","Provincia:Valladolid",519546,10,823,0,0,0.0753341433778858,0.0180316932775932,0,0,NA,NA,NA,NA,NA,NA,NA,NA,NA,NA
"2020/12/10","ESVA","Provincia:Valladolid",519546,10,823,0,0,0.0753341433778858,0.0180316932775932,0,0,NA,NA,NA,NA,NA,NA,NA,NA,NA,NA
"2020/12/11","ESVA","Provincia:Valladolid",519546,10,823,0,0,0.0753341433778858,0.0180316932775932,0,0,NA,NA,NA,NA,NA,NA,NA,NA,NA,NA
"2020/12/12","ESVA","Provincia:Valladolid",519546,10,823,0,0,0.0753341433778858,0.0180316932775932,0,0,NA,NA,NA,NA,NA,NA,NA,NA,NA,NA
"2020/12/13","ESVA","Provincia:Valladolid",519546,10,823,0,0,0.0753341433778858,0.0180316932775932,0,0,NA,NA,NA,NA,NA,NA,NA,NA,NA,NA
"2020/12/14","ESVA","Provincia:Valladolid",519546,10,823,0,0,0.0753341433778858,0.0180316932775932,0,0,NA,NA,NA,NA,NA,NA,NA,NA,NA,NA
"2020/12/15","ESVA","Provincia:Valladolid",519546,10,823,0,0,0.0753341433778858,0.0180316932775932,0,0,NA,NA,NA,NA,NA,NA,NA,NA,NA,NA
"2020/12/16","ESVA","Provincia:Valladolid",519546,10,823,0,0,0.0753341433778858,0.0180316932775932,0,0,NA,NA,NA,NA,NA,NA,NA,NA,NA,NA
"2020/12/17","ESVA","Provincia:Valladolid",519546,11,1028,1,205,0.0846303501945525,0.0170142518492969,0,0,0,0,0,0,0.0048780487804878,0.00953745239297216,NA,NA,NA,NA
"2020/12/18","ESVA","Provincia:Valladolid",519546,11,1028,1,205,0.0846303501945525,0.0170142518492969,0,0,0,0,0,0,0.0048780487804878,0.00953745239297216,NA,NA,NA,NA
"2020/12/19","ESVA","Provincia:Valladolid",519546,11,1028,1,205,0.0846303501945525,0.0170142518492969,0,0,0,0,0,0,0.0048780487804878,0.00953745239297216,NA,NA,NA,NA
"2020/12/20","ESVA","Provincia:Valladolid",519546,11,1028,1,205,0.0846303501945525,0.0170142518492969,0,0,0,0,0,0,0.0048780487804878,0.00953745239297216,NA,NA,NA,NA
"2020/12/21","ESVA","Provincia:Valladolid",519546,11,1028,1,205,0.0846303501945525,0.0170142518492969,0,0,0,0,0,0,0.0048780487804878,0.00953745239297216,NA,NA,NA,NA
"2020/12/22","ESVA","Provincia:Valladolid",519546,11,1028,1,205,0.0846303501945525,0.0170142518492969,0,0,0,0,0,0,0.0048780487804878,0.00953745239297216,NA,NA,NA,NA
"2020/12/23","ESVA","Provincia:Valladolid",519546,11,1028,1,205,0.0846303501945525,0.0170142518492969,0,0,0,0,0,0,0.0048780487804878,0.00953745239297216,NA,NA,NA,NA
"2020/12/24","ESVA","Provincia:Valladolid",519546,11,1028,0,0,0.0846303501945525,0.0170142518492969,0,0,NA,NA,NA,NA,NA,NA,NA,NA,NA,NA
"2020/12/25","ESVA","Provincia:Valladolid",519546,11,1028,0,0,0.0846303501945525,0.0170142518492969,0,0,NA,NA,NA,NA,NA,NA,NA,NA,NA,NA
"2020/12/26","ESVA","Provincia:Valladolid",519546,11,1028,0,0,0.0846303501945525,0.0170142518492969,0,0,NA,NA,NA,NA,NA,NA,NA,NA,NA,NA
"2020/12/27","ESVA","Provincia:Valladolid",519546,11,1028,0,0,0.0846303501945525,0.0170142518492969,0,0,NA,NA,NA,NA,NA,NA,NA,NA,NA,NA
"2020/12/28","ESVA","Provincia:Valladolid",519546,11,1028,0,0,0.0846303501945525,0.0170142518492969,0,0,NA,NA,NA,NA,NA,NA,NA,NA,NA,NA
"2020/12/29","ESVA","Provincia:Valladolid",519546,11,1028,0,0,0.0846303501945525,0.0170142518492969,0,0,NA,NA,NA,NA,NA,NA,NA,NA,NA,NA
"2020/12/30","ESVA","Provincia:Valladolid",519546,13,1435,2,407,0.0696864111498258,0.0131737941278641,0,0,0,0,0,0,0,0,0,0,0,0
"2020/12/31","ESVA","Provincia:Valladolid",519546,13,1435,2,407,0.0696864111498258,0.0131737941278641,0,0,0,0,0,0,0,0,0,0,0,0
"2021/01/01","ESVA","Provincia:Valladolid",519546,13,1435,2,407,0.0696864111498258,0.0131737941278641,0,0,0,0,0,0,0,0,0,0,0,0
"2021/01/02","ESVA","Provincia:Valladolid",519546,13,1435,2,407,0.0696864111498258,0.0131737941278641,0,0,0,0,0,0,0,0,0,0,0,0
"2021/01/03","ESVA","Provincia:Valladolid",519546,13,1435,2,407,0.0696864111498258,0.0131737941278641,0,0,0,0,0,0,0,0,0,0,0,0
"2021/01/04","ESVA","Provincia:Valladolid",519546,13,1435,2,407,0.0696864111498258,0.0131737941278641,0,0,0,0,0,0,0,0,0,0,0,0
"2021/01/05","ESVA","Provincia:Valladolid",519546,13,1435,2,407,0.0696864111498258,0.0131737941278641,0,0,0,0,0,0,0,0,0,0,0,0
"2021/01/06","ESVA","Provincia:Valladolid",519546,13,1435,0,0,0.0696864111498258,0.0131737941278641,0,0,NA,NA,NA,NA,NA,NA,0,0,NA,NA
"2021/01/07","ESVA","Provincia:Valladolid",519546,13,1435,0,0,0.0696864111498258,0.0131737941278641,0,0,NA,NA,NA,NA,NA,NA,0,0,NA,NA
"2021/01/08","ESVA","Provincia:Valladolid",519546,13,1435,0,0,0.0696864111498258,0.0131737941278641,0,0,NA,NA,NA,NA,NA,NA,0,0,NA,NA
"2021/01/09","ESVA","Provincia:Valladolid",519546,13,1435,0,0,0.0696864111498258,0.0131737941278641,0,0,NA,NA,NA,NA,NA,NA,0,0,NA,NA
"2021/01/10","ESVA","Provincia:Valladolid",519546,13,1435,0,0,0.0696864111498258,0.0131737941278641,0,0,NA,NA,NA,NA,NA,NA,0,0,NA,NA
"2021/01/11","ESVA","Provincia:Valladolid",519546,13,1435,0,0,0.0696864111498258,0.0131737941278641,0,0,NA,NA,NA,NA,NA,NA,0,0,NA,NA
"2021/01/12","ESVA","Provincia:Valladolid",519546,13,1435,0,0,0.0696864111498258,0.0131737941278641,0,0,NA,NA,NA,NA,NA,NA,0,0,NA,NA
"2021/01/13","ESVA","Provincia:Valladolid",519546,14,1640,1,205,0.0646341463414634,0.0119000265786303,0,0,0,0,0,0,0,0,0,0,NA,NA
"2021/01/14","ESVA","Provincia:Valladolid",519546,14,1640,1,205,0.0646341463414634,0.0119000265786303,0,0,0,0,0,0,0,0,0,0,NA,NA
"2021/01/15","ESVA","Provincia:Valladolid",519546,14,1640,1,205,0.0646341463414634,0.0119000265786303,0,0,0,0,0,0,0,0,0,0,NA,NA
"2021/01/16","ESVA","Provincia:Valladolid",519546,14,1640,1,205,0.0646341463414634,0.0119000265786303,0,0,0,0,0,0,0,0,0,0,NA,NA
"2021/01/17","ESVA","Provincia:Valladolid",519546,14,1640,1,205,0.0646341463414634,0.0119000265786303,0,0,0,0,0,0,0,0,0,0,NA,NA
"2021/01/18","ESVA","Provincia:Valladolid",519546,14,1640,1,205,0.0646341463414634,0.0119000265786303,0,0,0,0,0,0,0,0,0,0,NA,NA
"2021/01/19","ESVA","Provincia:Valladolid",519546,14,1640,1,205,0.0646341463414634,0.0119000265786303,0,0,0,0,0,0,0,0,0,0,NA,NA
"2021/01/20","ESVA","Provincia:Valladolid",519546,15,1840,1,200,0.0576086956521739,0.0106463033290059,0,0,0,0,0,0,0,0,0,0,1,0
"2021/01/21","ESVA","Provincia:Valladolid",519546,15,1840,1,200,0.0576086956521739,0.0106463033290059,0,0,0,0,0,0,0,0,0,0,1,0
"2021/01/22","ESVA","Provincia:Valladolid",519546,16,2045,2,405,0.0518337408312958,0.0096083753342948,0,0,0,0,0,0,0,0,0,0,0.493827160493827,0.0486919855607369
"2021/01/23","ESVA","Provincia:Valladolid",519546,16,2045,2,405,0.0518337408312958,0.0096083753342948,0,0,0,0,0,0,0,0,0,0,0.493827160493827,0.0486919855607369
"2021/01/24","ESVA","Provincia:Valladolid",519546,16,2045,2,405,0.0518337408312958,0.0096083753342948,0,0,0,0,0,0,0,0,0,0,0.493827160493827,0.0486919855607369
"2021/01/25","ESVA","Provincia:Valladolid",519546,16,2045,2,405,0.0518337408312958,0.0096083753342948,0,0,0,0,0,0,0,0,0,0,0.493827160493827,0.0486919855607369
"2021/01/26","ESVA","Provincia:Valladolid",519546,16,2045,2,405,0.0518337408312958,0.0096083753342948,0,0,0,0,0,0,0,0,0,0,0.493827160493827,0.0486919855607369
"2021/01/27","ESVA","Provincia:Valladolid",519546,16,2045,1,205,0.0518337408312958,0.0096083753342948,0,0,0,0,0,0,NA,NA,0,0,0,0
"2021/01/28","ESVA","Provincia:Valladolid",519546,16,2045,1,205,0.0518337408312958,0.0096083753342948,0,0,0,0,0,0,NA,NA,0,0,0,0
"2021/01/29","ESVA","Provincia:Valladolid",519546,16,2045,0,0,0.0518337408312958,0.0096083753342948,0,0,NA,NA,NA,NA,NA,NA,0,0,NA,NA
"2021/01/30","ESVA","Provincia:Valladolid",519546,16,2045,0,0,0.0518337408312958,0.0096083753342948,0,0,NA,NA,NA,NA,NA,NA,0,0,NA,NA
"2021/01/31","ESVA","Provincia:Valladolid",519546,16,2045,0,0,0.0518337408312958,0.0096083753342948,0,0,NA,NA,NA,NA,NA,NA,0,0,NA,NA
"2021/02/01","ESVA","Provincia:Valladolid",519546,16,2045,0,0,0.0518337408312958,0.0096083753342948,0,0,NA,NA,NA,NA,NA,NA,0,0,NA,NA
"2021/02/02","ESVA","Provincia:Valladolid",519546,16,2045,0,0,0.0518337408312958,0.0096083753342948,0,0,NA,NA,NA,NA,NA,NA,0,0,NA,NA
"2021/02/03","ESVA","Provincia:Valladolid",519546,16,2045,0,0,0.0518337408312958,0.0096083753342948,0,0,NA,NA,NA,NA,NA,NA,0,0,NA,NA
"2021/02/04","ESVA","Provincia:Valladolid",519546,16,2045,0,0,0.0518337408312958,0.0096083753342948,0,0,NA,NA,NA,NA,NA,NA,0,0,NA,NA
"2021/02/05","ESVA","Provincia:Valladolid",519546,16,2045,0,0,0.0518337408312958,0.0096083753342948,0,0,NA,NA,NA,NA,NA,NA,0,0,NA,NA
"2021/02/06","ESVA","Provincia:Valladolid",519546,16,2045,0,0,0.0518337408312958,0.0096083753342948,0,0,NA,NA,NA,NA,NA,NA,0,0,NA,NA
"2021/02/07","ESVA","Provincia:Valladolid",519546,16,2045,0,0,0.0518337408312958,0.0096083753342948,0,0,NA,NA,NA,NA,NA,NA,0,0,NA,NA
"2021/02/08","ESVA","Provincia:Valladolid",519546,16,2045,0,0,0.0518337408312958,0.0096083753342948,0,0,NA,NA,NA,NA,NA,NA,0,0,NA,NA
"2021/02/09","ESVA","Provincia:Valladolid",519546,16,2045,0,0,0.0518337408312958,0.0096083753342948,0,0,NA,NA,NA,NA,NA,NA,0,0,NA,NA
"2021/02/10","ESVA","Provincia:Valladolid",519546,16,2045,0,0,0.0518337408312958,0.0096083753342948,0,0,NA,NA,NA,NA,NA,NA,0,0,NA,NA
"2021/02/11","ESVA","Provincia:Valladolid",519546,16,2045,0,0,0.0518337408312958,0.0096083753342948,0,0,NA,NA,NA,NA,NA,NA,0,0,NA,NA
"2021/02/12","ESVA","Provincia:Valladolid",519546,16,2045,0,0,0.0518337408312958,0.0096083753342948,0,0,NA,NA,NA,NA,NA,NA,0,0,NA,NA
"2021/02/13","ESVA","Provincia:Valladolid",519546,16,2045,0,0,0.0518337408312958,0.0096083753342948,0,0,NA,NA,NA,NA,NA,NA,0,0,NA,NA
