"CountryName","CountryCode","RegionName","RegionCode","Jurisdiction","Date","C1_School.closing","C1_Flag","C2_Workplace.closing","C2_Flag","C3_Cancel.public.events","C3_Flag","C4_Restrictions.on.gatherings","C4_Flag","C5_Close.public.transport","C5_Flag","C6_Stay.at.home.requirements","C6_Flag","C7_Restrictions.on.internal.movement","C7_Flag","C8_International.travel.controls","E1_Income.support","E1_Flag","E2_Debt.contract.relief","E3_Fiscal.measures","E4_International.support","H1_Public.information.campaigns","H1_Flag","H2_Testing.policy","H3_Contact.tracing","H4_Emergency.investment.in.healthcare","H5_Investment.in.vaccines","H6_Facial.Coverings","H6_Flag","H7_Vaccination.policy","H7_Flag","H8_Protection.of.elderly.people","H8_Flag","M1_Wildcard","ConfirmedCases","ConfirmedDeaths","StringencyIndex","StringencyIndexForDisplay","StringencyLegacyIndex","StringencyLegacyIndexForDisplay","GovernmentResponseIndex","GovernmentResponseIndexForDisplay","ContainmentHealthIndex","ContainmentHealthIndexForDisplay","EconomicSupportIndex","EconomicSupportIndexForDisplay","cases","deaths","population","iso2"
"Qatar","QAT","","","NAT_TOTAL",2020-01-01,0,NA,0,NA,0,NA,0,NA,0,NA,0,NA,0,NA,0,0,NA,0,0,0,0,NA,0,0,0,0,0,NA,0,NA,0,NA,NA,NA,NA,0,0,0,0,0,0,0,0,0,0,NA,NA,2832071,"QA"
"Qatar","QAT","","","NAT_TOTAL",2020-01-02,0,NA,0,NA,0,NA,0,NA,0,NA,0,NA,0,NA,0,0,NA,0,0,0,0,NA,0,0,0,0,0,NA,0,NA,0,NA,NA,NA,NA,0,0,0,0,0,0,0,0,0,0,NA,NA,2832071,"QA"
"Qatar","QAT","","","NAT_TOTAL",2020-01-03,0,NA,0,NA,0,NA,0,NA,0,NA,0,NA,0,NA,0,0,NA,0,0,0,0,NA,0,0,0,0,0,NA,0,NA,0,NA,NA,NA,NA,0,0,0,0,0,0,0,0,0,0,NA,NA,2832071,"QA"
"Qatar","QAT","","","NAT_TOTAL",2020-01-04,0,NA,0,NA,0,NA,0,NA,0,NA,0,NA,0,NA,0,0,NA,0,0,0,0,NA,0,0,0,0,0,NA,0,NA,0,NA,NA,NA,NA,0,0,0,0,0,0,0,0,0,0,NA,NA,2832071,"QA"
"Qatar","QAT","","","NAT_TOTAL",2020-01-05,0,NA,0,NA,0,NA,0,NA,0,NA,0,NA,0,NA,0,0,NA,0,0,0,0,NA,0,0,0,0,0,NA,0,NA,0,NA,NA,NA,NA,0,0,0,0,0,0,0,0,0,0,NA,NA,2832071,"QA"
"Qatar","QAT","","","NAT_TOTAL",2020-01-06,0,NA,0,NA,0,NA,0,NA,0,NA,0,NA,0,NA,0,0,NA,0,0,0,0,NA,0,0,0,0,0,NA,0,NA,0,NA,NA,NA,NA,0,0,0,0,0,0,0,0,0,0,NA,NA,2832071,"QA"
"Qatar","QAT","","","NAT_TOTAL",2020-01-07,0,NA,0,NA,0,NA,0,NA,0,NA,0,NA,0,NA,0,0,NA,0,0,0,0,NA,0,0,0,0,0,NA,0,NA,0,NA,NA,NA,NA,0,0,0,0,0,0,0,0,0,0,NA,NA,2832071,"QA"
"Qatar","QAT","","","NAT_TOTAL",2020-01-08,0,NA,0,NA,0,NA,0,NA,0,NA,0,NA,0,NA,0,0,NA,0,0,0,0,NA,0,0,0,0,0,NA,0,NA,0,NA,NA,NA,NA,0,0,0,0,0,0,0,0,0,0,NA,NA,2832071,"QA"
"Qatar","QAT","","","NAT_TOTAL",2020-01-09,0,NA,0,NA,0,NA,0,NA,0,NA,0,NA,0,NA,0,0,NA,0,0,0,0,NA,0,0,0,0,0,NA,0,NA,0,NA,NA,NA,NA,0,0,0,0,0,0,0,0,0,0,NA,NA,2832071,"QA"
"Qatar","QAT","","","NAT_TOTAL",2020-01-10,0,NA,0,NA,0,NA,0,NA,0,NA,0,NA,0,NA,0,0,NA,0,0,0,0,NA,0,0,0,0,0,NA,0,NA,0,NA,NA,NA,NA,0,0,0,0,0,0,0,0,0,0,NA,NA,2832071,"QA"
"Qatar","QAT","","","NAT_TOTAL",2020-01-11,0,NA,0,NA,0,NA,0,NA,0,NA,0,NA,0,NA,0,0,NA,0,0,0,0,NA,0,0,0,0,0,NA,0,NA,0,NA,NA,NA,NA,0,0,0,0,0,0,0,0,0,0,NA,NA,2832071,"QA"
"Qatar","QAT","","","NAT_TOTAL",2020-01-12,0,NA,0,NA,0,NA,0,NA,0,NA,0,NA,0,NA,0,0,NA,0,0,0,0,NA,0,0,0,0,0,NA,0,NA,0,NA,NA,NA,NA,0,0,0,0,0,0,0,0,0,0,NA,NA,2832071,"QA"
"Qatar","QAT","","","NAT_TOTAL",2020-01-13,0,NA,0,NA,0,NA,0,NA,0,NA,0,NA,0,NA,0,0,NA,0,0,0,0,NA,0,0,0,0,0,NA,0,NA,0,NA,NA,NA,NA,0,0,0,0,0,0,0,0,0,0,NA,NA,2832071,"QA"
"Qatar","QAT","","","NAT_TOTAL",2020-01-14,0,NA,0,NA,0,NA,0,NA,0,NA,0,NA,0,NA,0,0,NA,0,0,0,0,NA,0,0,0,0,0,NA,0,NA,0,NA,NA,NA,NA,0,0,0,0,0,0,0,0,0,0,NA,NA,2832071,"QA"
"Qatar","QAT","","","NAT_TOTAL",2020-01-15,0,NA,0,NA,0,NA,0,NA,0,NA,0,NA,0,NA,0,0,NA,0,0,0,0,NA,0,0,0,0,0,NA,0,NA,0,NA,NA,NA,NA,0,0,0,0,0,0,0,0,0,0,NA,NA,2832071,"QA"
"Qatar","QAT","","","NAT_TOTAL",2020-01-16,0,NA,0,NA,0,NA,0,NA,0,NA,0,NA,0,NA,0,0,NA,0,0,0,0,NA,0,0,0,0,0,NA,0,NA,0,NA,NA,NA,NA,0,0,0,0,0,0,0,0,0,0,NA,NA,2832071,"QA"
"Qatar","QAT","","","NAT_TOTAL",2020-01-17,0,NA,0,NA,0,NA,0,NA,0,NA,0,NA,0,NA,0,0,NA,0,0,0,0,NA,0,0,0,0,0,NA,0,NA,0,NA,NA,NA,NA,0,0,0,0,0,0,0,0,0,0,NA,NA,2832071,"QA"
"Qatar","QAT","","","NAT_TOTAL",2020-01-18,0,NA,0,NA,0,NA,0,NA,0,NA,0,NA,0,NA,0,0,NA,0,0,0,0,NA,0,0,0,0,0,NA,0,NA,0,NA,NA,NA,NA,0,0,0,0,0,0,0,0,0,0,NA,NA,2832071,"QA"
"Qatar","QAT","","","NAT_TOTAL",2020-01-19,0,NA,0,NA,0,NA,0,NA,0,NA,0,NA,0,NA,0,0,NA,0,0,0,0,NA,0,0,0,0,0,NA,0,NA,0,NA,NA,NA,NA,0,0,0,0,0,0,0,0,0,0,NA,NA,2832071,"QA"
"Qatar","QAT","","","NAT_TOTAL",2020-01-20,0,NA,0,NA,0,NA,0,NA,0,NA,0,NA,0,NA,0,0,NA,0,0,0,0,NA,0,0,0,0,0,NA,0,NA,0,NA,NA,NA,NA,0,0,0,0,0,0,0,0,0,0,NA,NA,2832071,"QA"
"Qatar","QAT","","","NAT_TOTAL",2020-01-21,0,NA,0,NA,0,NA,0,NA,0,NA,0,NA,0,NA,0,0,NA,0,0,0,0,NA,0,0,0,0,0,NA,0,NA,0,NA,NA,NA,NA,0,0,0,0,0,0,0,0,0,0,NA,NA,2832071,"QA"
"Qatar","QAT","","","NAT_TOTAL",2020-01-22,0,NA,0,NA,0,NA,0,NA,0,NA,0,NA,0,NA,0,0,NA,0,0,0,0,NA,0,0,0,0,0,NA,0,NA,0,NA,NA,0,0,0,0,0,0,0,0,0,0,0,0,NA,NA,2832071,"QA"
"Qatar","QAT","","","NAT_TOTAL",2020-01-23,0,NA,0,NA,0,NA,0,NA,0,NA,0,NA,0,NA,0,0,NA,0,0,0,0,NA,0,0,0,0,0,NA,0,NA,0,NA,NA,0,0,0,0,0,0,0,0,0,0,0,0,0,0,2832071,"QA"
"Qatar","QAT","","","NAT_TOTAL",2020-01-24,0,NA,0,NA,0,NA,0,NA,0,NA,0,NA,0,NA,1,0,NA,0,0,0,0,NA,0,0,0,0,0,NA,0,NA,0,NA,NA,0,0,2.78,2.78,3.57,3.57,1.56,1.56,1.79,1.79,0,0,0,0,2832071,"QA"
"Qatar","QAT","","","NAT_TOTAL",2020-01-25,0,NA,0,NA,0,NA,0,NA,0,NA,0,NA,0,NA,1,0,NA,0,0,0,0,NA,0,0,0,0,0,NA,0,NA,0,NA,NA,0,0,2.78,2.78,3.57,3.57,1.56,1.56,1.79,1.79,0,0,0,0,2832071,"QA"
"Qatar","QAT","","","NAT_TOTAL",2020-01-26,0,NA,0,NA,0,NA,0,NA,0,NA,0,NA,0,NA,1,0,NA,0,0,0,0,NA,0,0,0,0,0,NA,0,NA,0,NA,NA,0,0,2.78,2.78,3.57,3.57,1.56,1.56,1.79,1.79,0,0,0,0,2832071,"QA"
"Qatar","QAT","","","NAT_TOTAL",2020-01-27,0,NA,0,NA,0,NA,0,NA,0,NA,0,NA,0,NA,1,0,NA,0,0,0,0,NA,0,0,0,0,0,NA,0,NA,0,NA,NA,0,0,2.78,2.78,3.57,3.57,1.56,1.56,1.79,1.79,0,0,0,0,2832071,"QA"
"Qatar","QAT","","","NAT_TOTAL",2020-01-28,0,NA,0,NA,0,NA,0,NA,0,NA,0,NA,0,NA,1,0,NA,0,0,0,0,NA,0,0,0,0,0,NA,0,NA,0,NA,NA,0,0,2.78,2.78,3.57,3.57,1.56,1.56,1.79,1.79,0,0,0,0,2832071,"QA"
"Qatar","QAT","","","NAT_TOTAL",2020-01-29,0,NA,0,NA,0,NA,0,NA,0,NA,0,NA,0,NA,1,0,NA,0,0,0,0,NA,0,0,0,0,0,NA,0,NA,0,NA,NA,0,0,2.78,2.78,3.57,3.57,1.56,1.56,1.79,1.79,0,0,0,0,2832071,"QA"
"Qatar","QAT","","","NAT_TOTAL",2020-01-30,0,NA,0,NA,0,NA,0,NA,0,NA,0,NA,0,NA,1,0,NA,0,0,0,1,1,0,0,0,0,0,NA,0,NA,0,NA,NA,0,0,8.33,8.33,13.1,13.1,4.69,4.69,5.36,5.36,0,0,0,0,2832071,"QA"
"Qatar","QAT","","","NAT_TOTAL",2020-01-31,0,NA,0,NA,0,NA,0,NA,0,NA,0,NA,0,NA,1,0,NA,0,0,0,1,1,0,0,0,0,0,NA,0,NA,0,NA,NA,0,0,8.33,8.33,13.1,13.1,4.69,4.69,5.36,5.36,0,0,0,0,2832071,"QA"
"Qatar","QAT","","","NAT_TOTAL",2020-02-01,0,NA,0,NA,0,NA,0,NA,0,NA,0,NA,0,NA,1,0,NA,0,0,0,1,1,0,0,0,0,0,NA,0,NA,0,NA,NA,0,0,8.33,8.33,13.1,13.1,4.69,4.69,5.36,5.36,0,0,0,0,2832071,"QA"
"Qatar","QAT","","","NAT_TOTAL",2020-02-02,0,NA,0,NA,0,NA,0,NA,0,NA,0,NA,0,NA,1,0,NA,0,0,0,1,1,0,0,0,0,0,NA,0,NA,0,NA,NA,0,0,8.33,8.33,13.1,13.1,4.69,4.69,5.36,5.36,0,0,0,0,2832071,"QA"
"Qatar","QAT","","","NAT_TOTAL",2020-02-03,0,NA,0,NA,0,NA,0,NA,0,NA,0,NA,0,NA,3,0,NA,0,0,0,1,1,0,0,0,0,0,NA,0,NA,0,NA,NA,0,0,13.89,13.89,20.24,20.24,7.81,7.81,8.93,8.93,0,0,0,0,2832071,"QA"
"Qatar","QAT","","","NAT_TOTAL",2020-02-04,0,NA,0,NA,0,NA,0,NA,0,NA,0,NA,0,NA,3,0,NA,0,0,0,1,1,0,0,0,0,0,NA,0,NA,0,NA,NA,0,0,13.89,13.89,20.24,20.24,7.81,7.81,8.93,8.93,0,0,0,0,2832071,"QA"
"Qatar","QAT","","","NAT_TOTAL",2020-02-05,0,NA,0,NA,0,NA,0,NA,0,NA,0,NA,0,NA,3,0,NA,0,0,0,1,1,0,0,0,0,0,NA,0,NA,0,NA,NA,0,0,13.89,13.89,20.24,20.24,7.81,7.81,8.93,8.93,0,0,0,0,2832071,"QA"
"Qatar","QAT","","","NAT_TOTAL",2020-02-06,0,NA,0,NA,0,NA,0,NA,0,NA,0,NA,0,NA,3,0,NA,0,0,0,1,1,0,0,0,0,0,NA,0,NA,0,NA,NA,0,0,13.89,13.89,20.24,20.24,7.81,7.81,8.93,8.93,0,0,0,0,2832071,"QA"
"Qatar","QAT","","","NAT_TOTAL",2020-02-07,0,NA,0,NA,0,NA,0,NA,0,NA,0,NA,0,NA,3,0,NA,0,0,0,1,1,0,0,0,0,0,NA,0,NA,0,NA,NA,0,0,13.89,13.89,20.24,20.24,7.81,7.81,8.93,8.93,0,0,0,0,2832071,"QA"
"Qatar","QAT","","","NAT_TOTAL",2020-02-08,0,NA,0,NA,0,NA,0,NA,0,NA,0,NA,0,NA,3,0,NA,0,0,0,1,1,0,0,0,0,0,NA,0,NA,0,NA,NA,0,0,13.89,13.89,20.24,20.24,7.81,7.81,8.93,8.93,0,0,0,0,2832071,"QA"
"Qatar","QAT","","","NAT_TOTAL",2020-02-09,0,NA,0,NA,0,NA,0,NA,0,NA,0,NA,0,NA,3,0,NA,0,0,0,1,1,0,0,0,0,0,NA,0,NA,0,NA,NA,0,0,13.89,13.89,20.24,20.24,7.81,7.81,8.93,8.93,0,0,0,0,2832071,"QA"
"Qatar","QAT","","","NAT_TOTAL",2020-02-10,0,NA,0,NA,0,NA,0,NA,0,NA,0,NA,0,NA,3,0,NA,0,0,0,1,1,0,0,0,0,0,NA,0,NA,0,NA,NA,0,0,13.89,13.89,20.24,20.24,7.81,7.81,8.93,8.93,0,0,0,0,2832071,"QA"
"Qatar","QAT","","","NAT_TOTAL",2020-02-11,0,NA,0,NA,0,NA,0,NA,0,NA,0,NA,0,NA,3,0,NA,0,0,0,1,1,0,0,0,0,0,NA,0,NA,0,NA,NA,0,0,13.89,13.89,20.24,20.24,7.81,7.81,8.93,8.93,0,0,0,0,2832071,"QA"
"Qatar","QAT","","","NAT_TOTAL",2020-02-12,0,NA,0,NA,0,NA,0,NA,0,NA,0,NA,0,NA,3,0,NA,0,0,0,1,1,0,0,0,0,0,NA,0,NA,0,NA,NA,0,0,13.89,13.89,20.24,20.24,7.81,7.81,8.93,8.93,0,0,0,0,2832071,"QA"
"Qatar","QAT","","","NAT_TOTAL",2020-02-13,0,NA,0,NA,0,NA,0,NA,0,NA,0,NA,0,NA,3,0,NA,0,0,0,1,1,0,0,0,0,0,NA,0,NA,0,NA,NA,0,0,13.89,13.89,20.24,20.24,7.81,7.81,8.93,8.93,0,0,0,0,2832071,"QA"
"Qatar","QAT","","","NAT_TOTAL",2020-02-14,0,NA,0,NA,0,NA,0,NA,0,NA,0,NA,0,NA,3,0,NA,0,0,0,1,1,0,0,0,0,0,NA,0,NA,0,NA,NA,0,0,13.89,13.89,20.24,20.24,7.81,7.81,8.93,8.93,0,0,0,0,2832071,"QA"
"Qatar","QAT","","","NAT_TOTAL",2020-02-15,0,NA,0,NA,0,NA,0,NA,0,NA,0,NA,0,NA,3,0,NA,0,0,0,1,1,0,0,0,0,0,NA,0,NA,0,NA,NA,0,0,13.89,13.89,20.24,20.24,7.81,7.81,8.93,8.93,0,0,0,0,2832071,"QA"
"Qatar","QAT","","","NAT_TOTAL",2020-02-16,0,NA,0,NA,0,NA,0,NA,0,NA,0,NA,0,NA,3,0,NA,0,0,0,1,1,0,0,0,0,0,NA,0,NA,0,NA,NA,0,0,13.89,13.89,20.24,20.24,7.81,7.81,8.93,8.93,0,0,0,0,2832071,"QA"
"Qatar","QAT","","","NAT_TOTAL",2020-02-17,0,NA,0,NA,0,NA,0,NA,0,NA,0,NA,0,NA,3,0,NA,0,0,0,1,1,0,0,0,0,0,NA,0,NA,0,NA,NA,0,0,13.89,13.89,20.24,20.24,7.81,7.81,8.93,8.93,0,0,0,0,2832071,"QA"
"Qatar","QAT","","","NAT_TOTAL",2020-02-18,0,NA,0,NA,0,NA,0,NA,0,NA,0,NA,0,NA,3,0,NA,0,0,0,1,1,0,0,0,0,0,NA,0,NA,0,NA,NA,0,0,13.89,13.89,20.24,20.24,7.81,7.81,8.93,8.93,0,0,0,0,2832071,"QA"
"Qatar","QAT","","","NAT_TOTAL",2020-02-19,0,NA,0,NA,0,NA,0,NA,0,NA,0,NA,0,NA,3,0,NA,0,0,0,1,1,0,0,0,0,0,NA,0,NA,0,NA,NA,0,0,13.89,13.89,20.24,20.24,7.81,7.81,8.93,8.93,0,0,0,0,2832071,"QA"
"Qatar","QAT","","","NAT_TOTAL",2020-02-20,0,NA,0,NA,0,NA,0,NA,0,NA,0,NA,0,NA,3,0,NA,0,0,0,1,1,0,0,0,0,0,NA,0,NA,0,NA,NA,0,0,13.89,13.89,20.24,20.24,7.81,7.81,8.93,8.93,0,0,0,0,2832071,"QA"
"Qatar","QAT","","","NAT_TOTAL",2020-02-21,0,NA,0,NA,0,NA,0,NA,0,NA,0,NA,0,NA,3,0,NA,0,0,0,1,1,0,0,0,0,0,NA,0,NA,0,NA,NA,0,0,13.89,13.89,20.24,20.24,7.81,7.81,8.93,8.93,0,0,0,0,2832071,"QA"
"Qatar","QAT","","","NAT_TOTAL",2020-02-22,0,NA,0,NA,0,NA,0,NA,0,NA,0,NA,0,NA,3,0,NA,0,0,0,1,1,0,0,0,0,0,NA,0,NA,0,NA,NA,0,0,13.89,13.89,20.24,20.24,7.81,7.81,8.93,8.93,0,0,0,0,2832071,"QA"
"Qatar","QAT","","","NAT_TOTAL",2020-02-23,0,NA,0,NA,0,NA,0,NA,0,NA,0,NA,0,NA,3,0,NA,0,0,0,1,1,0,0,0,0,0,NA,0,NA,0,NA,NA,0,0,13.89,13.89,20.24,20.24,7.81,7.81,8.93,8.93,0,0,0,0,2832071,"QA"
"Qatar","QAT","","","NAT_TOTAL",2020-02-24,0,NA,0,NA,0,NA,0,NA,0,NA,0,NA,0,NA,3,0,NA,0,0,0,1,1,0,0,0,0,0,NA,0,NA,0,NA,NA,0,0,13.89,13.89,20.24,20.24,7.81,7.81,8.93,8.93,0,0,0,0,2832071,"QA"
"Qatar","QAT","","","NAT_TOTAL",2020-02-25,0,NA,0,NA,0,NA,0,NA,0,NA,0,NA,0,NA,3,0,NA,0,0,0,1,1,0,0,0,0,0,NA,0,NA,0,NA,NA,0,0,13.89,13.89,20.24,20.24,7.81,7.81,8.93,8.93,0,0,0,0,2832071,"QA"
"Qatar","QAT","","","NAT_TOTAL",2020-02-26,0,NA,0,NA,0,NA,0,NA,0,NA,0,NA,0,NA,3,0,NA,0,0,0,1,1,0,0,0,0,0,NA,0,NA,0,NA,NA,0,0,13.89,13.89,20.24,20.24,7.81,7.81,8.93,8.93,0,0,0,0,2832071,"QA"
"Qatar","QAT","","","NAT_TOTAL",2020-02-27,0,NA,0,NA,0,NA,0,NA,0,NA,0,NA,0,NA,3,0,NA,0,0,0,1,1,1,0,0,0,0,NA,0,NA,0,NA,NA,0,0,13.89,13.89,20.24,20.24,9.9,9.9,11.31,11.31,0,0,0,0,2832071,"QA"
"Qatar","QAT","","","NAT_TOTAL",2020-02-28,0,NA,0,NA,0,NA,0,NA,0,NA,0,NA,0,NA,3,0,NA,0,0,0,1,1,1,0,0,0,0,NA,0,NA,0,NA,NA,0,0,13.89,13.89,20.24,20.24,9.9,9.9,11.31,11.31,0,0,0,0,2832071,"QA"
"Qatar","QAT","","","NAT_TOTAL",2020-02-29,0,NA,0,NA,0,NA,0,NA,0,NA,0,NA,0,NA,3,0,NA,0,0,0,1,1,1,0,0,0,0,NA,0,NA,0,NA,NA,1,0,13.89,13.89,20.24,20.24,9.9,9.9,11.31,11.31,0,0,1,0,2832071,"QA"
"Qatar","QAT","","","NAT_TOTAL",2020-03-01,0,NA,0,NA,0,NA,0,NA,0,NA,0,NA,0,NA,3,0,NA,0,0,0,1,1,1,0,0,0,0,NA,0,NA,0,NA,NA,3,0,13.89,13.89,20.24,20.24,9.9,9.9,11.31,11.31,0,0,2,0,2832071,"QA"
"Qatar","QAT","","","NAT_TOTAL",2020-03-02,0,NA,0,NA,0,NA,0,NA,0,NA,0,NA,0,NA,3,0,NA,0,0,0,1,1,1,0,0,0,0,NA,0,NA,0,NA,NA,3,0,13.89,13.89,20.24,20.24,9.9,9.9,11.31,11.31,0,0,0,0,2832071,"QA"
"Qatar","QAT","","","NAT_TOTAL",2020-03-03,0,NA,0,NA,0,NA,0,NA,0,NA,0,NA,0,NA,3,0,NA,0,0,0,1,1,1,0,0,0,0,NA,0,NA,0,NA,NA,7,0,13.89,13.89,20.24,20.24,9.9,9.9,11.31,11.31,0,0,4,0,2832071,"QA"
"Qatar","QAT","","","NAT_TOTAL",2020-03-04,0,NA,0,NA,0,NA,0,NA,0,NA,0,NA,0,NA,3,0,NA,0,0,0,1,1,1,0,0,0,0,NA,0,NA,0,NA,NA,8,0,13.89,13.89,20.24,20.24,9.9,9.9,11.31,11.31,0,0,1,0,2832071,"QA"
"Qatar","QAT","","","NAT_TOTAL",2020-03-05,0,NA,0,NA,0,NA,0,NA,0,NA,0,NA,0,NA,3,0,NA,0,0,0,1,1,1,0,0,0,0,NA,0,NA,0,NA,NA,8,0,13.89,13.89,20.24,20.24,9.9,9.9,11.31,11.31,0,0,0,0,2832071,"QA"
"Qatar","QAT","","","NAT_TOTAL",2020-03-06,0,NA,0,NA,0,NA,0,NA,0,NA,0,NA,0,NA,3,0,NA,0,0,0,1,1,1,0,0,0,0,NA,0,NA,0,NA,NA,8,0,13.89,13.89,20.24,20.24,9.9,9.9,11.31,11.31,0,0,0,0,2832071,"QA"
"Qatar","QAT","","","NAT_TOTAL",2020-03-07,0,NA,0,NA,0,NA,0,NA,0,NA,0,NA,0,NA,3,0,NA,0,0,0,1,1,1,0,0,0,0,NA,0,NA,0,NA,NA,8,0,13.89,13.89,20.24,20.24,9.9,9.9,11.31,11.31,0,0,0,0,2832071,"QA"
"Qatar","QAT","","","NAT_TOTAL",2020-03-08,0,NA,0,NA,0,NA,0,NA,0,NA,0,NA,0,NA,3,0,NA,0,0,0,1,1,1,2,0,0,0,NA,0,NA,0,NA,NA,15,0,13.89,13.89,20.24,20.24,16.15,16.15,18.45,18.45,0,0,7,0,2832071,"QA"
"Qatar","QAT","","","NAT_TOTAL",2020-03-09,0,NA,0,NA,0,NA,0,NA,0,NA,0,NA,0,NA,3,0,NA,0,0,0,1,1,1,2,0,0,0,NA,0,NA,0,NA,NA,18,0,13.89,13.89,20.24,20.24,16.15,16.15,18.45,18.45,0,0,3,0,2832071,"QA"
"Qatar","QAT","","","NAT_TOTAL",2020-03-10,3,1,0,NA,0,NA,0,NA,0,NA,0,NA,0,NA,3,0,NA,0,0,0,1,1,1,2,0,0,0,NA,0,NA,0,NA,NA,24,0,25,25,34.52,34.52,22.4,22.4,25.6,25.6,0,0,6,0,2832071,"QA"
"Qatar","QAT","","","NAT_TOTAL",2020-03-11,3,1,0,NA,0,NA,0,NA,0,NA,0,NA,0,NA,3,0,NA,0,0,0,1,1,1,2,0,0,0,NA,0,NA,0,NA,NA,262,0,25,25,34.52,34.52,22.4,22.4,25.6,25.6,0,0,238,0,2832071,"QA"
"Qatar","QAT","","","NAT_TOTAL",2020-03-12,3,1,0,NA,1,1,0,NA,0,NA,0,NA,0,NA,3,0,NA,0,0,0,1,1,1,2,0,0,0,NA,0,NA,0,NA,NA,262,0,30.56,30.56,44.05,44.05,25.52,25.52,29.17,29.17,0,0,0,0,2832071,"QA"
"Qatar","QAT","","","NAT_TOTAL",2020-03-13,3,1,0,NA,1,1,0,NA,0,NA,0,NA,0,NA,3,0,NA,0,0,0,1,1,1,2,0,0,0,NA,0,NA,0,NA,NA,320,0,30.56,30.56,44.05,44.05,25.52,25.52,29.17,29.17,0,0,58,0,2832071,"QA"
"Qatar","QAT","","","NAT_TOTAL",2020-03-14,3,1,0,NA,1,1,0,NA,0,NA,0,NA,0,NA,3,0,NA,0,0,0,1,1,1,2,0,0,0,NA,0,NA,0,NA,NA,337,0,30.56,30.56,44.05,44.05,25.52,25.52,29.17,29.17,0,0,17,0,2832071,"QA"
"Qatar","QAT","","","NAT_TOTAL",2020-03-15,3,1,0,NA,1,1,0,NA,2,1,0,NA,0,NA,3,0,NA,0,0,0,1,1,1,2,0,0,0,NA,0,NA,0,NA,NA,401,0,41.67,41.67,58.33,58.33,31.77,31.77,36.31,36.31,0,0,64,0,2832071,"QA"
"Qatar","QAT","","","NAT_TOTAL",2020-03-16,3,1,0,NA,1,1,0,NA,2,1,0,NA,0,NA,3,0,NA,0,2.06e+10,0,1,1,1,2,0,0,0,NA,0,NA,0,NA,NA,439,0,41.67,41.67,58.33,58.33,31.77,31.77,36.31,36.31,0,0,38,0,2832071,"QA"
"Qatar","QAT","","","NAT_TOTAL",2020-03-17,3,1,2,1,1,1,0,NA,2,1,1,1,2,0,3,0,NA,0,0,0,1,1,1,2,0,0,0,NA,0,NA,1,1,NA,439,0,61.11,61.11,78.57,78.57,44.79,44.79,51.19,51.19,0,0,0,0,2832071,"QA"
"Qatar","QAT","","","NAT_TOTAL",2020-03-18,3,1,2,1,1,1,0,NA,2,1,1,1,2,0,4,0,NA,0,0,0,1,1,1,2,0,0,0,NA,0,NA,1,1,NA,452,0,63.89,63.89,82.14,82.14,46.35,46.35,52.98,52.98,0,0,13,0,2832071,"QA"
"Qatar","QAT","","","NAT_TOTAL",2020-03-19,3,1,2,1,1,1,0,NA,2,1,1,1,2,0,4,0,NA,0,0,0,1,1,1,2,0,0,0,NA,0,NA,1,1,NA,460,0,63.89,63.89,82.14,82.14,46.35,46.35,52.98,52.98,0,0,8,0,2832071,"QA"
"Qatar","QAT","","","NAT_TOTAL",2020-03-20,3,1,2,1,1,1,0,NA,2,1,1,1,2,0,4,0,NA,0,0,0,1,1,1,2,0,0,0,NA,0,NA,1,1,NA,470,0,63.89,63.89,82.14,82.14,46.35,46.35,52.98,52.98,0,0,10,0,2832071,"QA"
"Qatar","QAT","","","NAT_TOTAL",2020-03-21,3,1,2,1,1,1,0,NA,2,1,1,1,2,0,4,0,NA,0,0,0,1,1,1,2,0,0,0,NA,0,NA,1,1,NA,481,0,63.89,63.89,82.14,82.14,46.35,46.35,52.98,52.98,0,0,11,0,2832071,"QA"
"Qatar","QAT","","","NAT_TOTAL",2020-03-22,3,1,2,1,2,1,4,1,2,1,1,1,2,0,4,0,NA,0,0,0,1,1,1,2,0,0,0,NA,0,NA,1,1,NA,494,0,80.56,80.56,86.9,86.9,55.73,55.73,63.69,63.69,0,0,13,0,2832071,"QA"
"Qatar","QAT","","","NAT_TOTAL",2020-03-23,3,1,2,1,2,1,4,1,2,1,1,1,2,0,4,0,NA,0,0,0,1,1,1,2,0,0,0,NA,0,NA,1,1,NA,501,0,80.56,80.56,86.9,86.9,55.73,55.73,63.69,63.69,0,0,7,0,2832071,"QA"
"Qatar","QAT","","","NAT_TOTAL",2020-03-24,3,1,2,1,2,1,4,1,2,1,1,1,2,0,4,0,NA,0,0,0,1,1,1,2,0,0,0,NA,0,NA,1,1,NA,526,0,80.56,80.56,86.9,86.9,55.73,55.73,63.69,63.69,0,0,25,0,2832071,"QA"
"Qatar","QAT","","","NAT_TOTAL",2020-03-25,3,1,2,1,2,1,4,1,2,1,1,1,2,0,4,0,NA,0,0,0,1,1,1,2,0,0,0,NA,0,NA,1,1,NA,537,0,80.56,80.56,86.9,86.9,55.73,55.73,63.69,63.69,0,0,11,0,2832071,"QA"
"Qatar","QAT","","","NAT_TOTAL",2020-03-26,3,1,2,1,2,1,4,1,2,1,1,1,2,0,4,0,NA,0,0,0,1,1,1,2,0,0,0,NA,0,NA,1,1,NA,549,0,80.56,80.56,86.9,86.9,55.73,55.73,63.69,63.69,0,0,12,0,2832071,"QA"
"Qatar","QAT","","","NAT_TOTAL",2020-03-27,3,1,2,1,2,1,4,1,2,1,1,1,2,0,4,0,NA,0,0,0,1,1,1,2,0,0,0,NA,0,NA,1,1,NA,562,0,80.56,80.56,86.9,86.9,55.73,55.73,63.69,63.69,0,0,13,0,2832071,"QA"
"Qatar","QAT","","","NAT_TOTAL",2020-03-28,3,1,2,1,2,1,4,1,2,1,1,1,2,0,4,2,0,0,0,0,2,1,1,2,0,0,0,NA,0,NA,1,1,NA,590,1,86.11,86.11,91.67,91.67,63.54,63.54,67.26,67.26,37.5,37.5,28,1,2832071,"QA"
"Qatar","QAT","","","NAT_TOTAL",2020-03-29,3,1,2,1,2,1,4,1,2,1,1,1,2,0,4,2,0,0,0,0,2,1,1,2,0,0,0,NA,0,NA,1,1,NA,634,1,86.11,86.11,91.67,91.67,63.54,63.54,67.26,67.26,37.5,37.5,44,0,2832071,"QA"
"Qatar","QAT","","","NAT_TOTAL",2020-03-30,3,1,2,1,2,1,4,1,2,1,1,1,2,0,4,2,0,0,0,0,2,1,1,2,0,0,0,NA,0,NA,1,1,NA,693,1,86.11,86.11,91.67,91.67,63.54,63.54,67.26,67.26,37.5,37.5,59,0,2832071,"QA"
"Qatar","QAT","","","NAT_TOTAL",2020-03-31,3,1,2,1,2,1,4,1,2,1,1,1,2,0,4,2,0,0,0,0,2,1,1,2,0,0,0,NA,0,NA,1,1,NA,781,2,86.11,86.11,91.67,91.67,63.54,63.54,67.26,67.26,37.5,37.5,88,1,2832071,"QA"
"Qatar","QAT","","","NAT_TOTAL",2020-04-01,3,1,2,1,2,1,4,1,2,1,1,1,2,0,4,2,0,0,8.24e+08,0,2,1,1,2,0,0,0,NA,0,NA,1,1,NA,835,2,86.11,86.11,91.67,91.67,63.54,63.54,67.26,67.26,37.5,37.5,54,0,2832071,"QA"
"Qatar","QAT","","","NAT_TOTAL",2020-04-02,3,1,2,1,2,1,4,1,2,1,1,1,2,0,4,2,0,0,0,0,2,1,1,2,0,0,0,NA,0,NA,1,1,NA,949,3,86.11,86.11,91.67,91.67,63.54,63.54,67.26,67.26,37.5,37.5,114,1,2832071,"QA"
"Qatar","QAT","","","NAT_TOTAL",2020-04-03,3,1,2,1,2,1,4,1,2,1,1,1,2,0,4,2,0,0,0,0,2,1,1,2,0,0,0,NA,0,NA,1,1,NA,1075,3,86.11,86.11,91.67,91.67,63.54,63.54,67.26,67.26,37.5,37.5,126,0,2832071,"QA"
"Qatar","QAT","","","NAT_TOTAL",2020-04-04,3,1,2,1,2,1,4,1,2,1,1,1,2,0,4,2,0,0,0,0,2,1,1,2,0,0,0,NA,0,NA,1,1,NA,1325,3,86.11,86.11,91.67,91.67,63.54,63.54,67.26,67.26,37.5,37.5,250,0,2832071,"QA"
"Qatar","QAT","","","NAT_TOTAL",2020-04-05,3,1,2,1,2,1,4,1,2,1,1,1,2,0,4,2,0,0,0,0,2,1,1,2,0,0,0,NA,0,NA,1,1,NA,1604,4,86.11,86.11,91.67,91.67,63.54,63.54,67.26,67.26,37.5,37.5,279,1,2832071,"QA"
"Qatar","QAT","","","NAT_TOTAL",2020-04-06,3,1,2,1,2,1,4,1,2,1,1,1,2,0,4,2,0,0,0,0,2,1,1,2,0,0,0,NA,0,NA,1,1,NA,1832,4,86.11,86.11,91.67,91.67,63.54,63.54,67.26,67.26,37.5,37.5,228,0,2832071,"QA"
"Qatar","QAT","","","NAT_TOTAL",2020-04-07,3,1,2,1,2,1,4,1,2,1,1,1,2,0,4,2,0,0,0,0,2,1,1,2,0,0,0,NA,0,NA,1,1,NA,2057,6,86.11,86.11,91.67,91.67,63.54,63.54,67.26,67.26,37.5,37.5,225,2,2832071,"QA"
"Qatar","QAT","","","NAT_TOTAL",2020-04-08,3,1,2,1,2,1,4,1,2,1,1,1,2,0,4,2,0,0,0,0,2,1,1,2,0,0,0,NA,0,NA,1,1,NA,2210,6,86.11,86.11,91.67,91.67,63.54,63.54,67.26,67.26,37.5,37.5,153,0,2832071,"QA"
"Qatar","QAT","","","NAT_TOTAL",2020-04-09,3,1,2,1,2,1,4,1,2,1,1,1,2,0,4,2,0,0,0,0,2,1,1,2,0,0,0,NA,0,NA,1,1,NA,2376,6,86.11,86.11,91.67,91.67,63.54,63.54,67.26,67.26,37.5,37.5,166,0,2832071,"QA"
"Qatar","QAT","","","NAT_TOTAL",2020-04-10,3,1,2,1,2,1,4,1,2,1,1,1,2,0,4,2,0,0,0,0,2,1,1,2,0,0,0,NA,0,NA,1,1,NA,2512,6,86.11,86.11,91.67,91.67,63.54,63.54,67.26,67.26,37.5,37.5,136,0,2832071,"QA"
"Qatar","QAT","","","NAT_TOTAL",2020-04-11,3,1,2,1,2,1,4,1,2,1,1,1,2,0,4,2,0,0,0,0,2,1,1,2,0,0,0,NA,0,NA,1,1,NA,2728,6,86.11,86.11,91.67,91.67,63.54,63.54,67.26,67.26,37.5,37.5,216,0,2832071,"QA"
"Qatar","QAT","","","NAT_TOTAL",2020-04-12,3,1,2,1,2,1,4,1,2,1,1,1,2,0,4,2,0,0,0,0,2,1,1,2,0,0,0,NA,0,NA,1,1,NA,2979,7,86.11,86.11,91.67,91.67,63.54,63.54,67.26,67.26,37.5,37.5,251,1,2832071,"QA"
"Qatar","QAT","","","NAT_TOTAL",2020-04-13,3,1,2,1,2,1,4,1,2,1,1,1,2,0,4,2,0,0,0,0,2,1,1,2,0,0,0,NA,0,NA,1,1,NA,3231,7,86.11,86.11,91.67,91.67,63.54,63.54,67.26,67.26,37.5,37.5,252,0,2832071,"QA"
"Qatar","QAT","","","NAT_TOTAL",2020-04-14,3,1,2,1,2,1,4,1,2,1,1,1,2,0,4,2,0,0,0,0,2,1,1,2,0,0,0,NA,0,NA,1,1,NA,3428,7,86.11,86.11,91.67,91.67,63.54,63.54,67.26,67.26,37.5,37.5,197,0,2832071,"QA"
"Qatar","QAT","","","NAT_TOTAL",2020-04-15,3,1,2,1,2,1,4,1,2,1,1,1,2,0,4,2,0,0,0,0,2,1,1,2,0,0,0,NA,0,NA,1,1,NA,3711,7,86.11,86.11,91.67,91.67,63.54,63.54,67.26,67.26,37.5,37.5,283,0,2832071,"QA"
"Qatar","QAT","","","NAT_TOTAL",2020-04-16,3,1,2,1,2,1,4,1,2,1,1,1,2,0,4,2,0,0,0,0,2,1,1,2,0,0,0,NA,0,NA,1,1,NA,4103,7,86.11,86.11,91.67,91.67,63.54,63.54,67.26,67.26,37.5,37.5,392,0,2832071,"QA"
"Qatar","QAT","","","NAT_TOTAL",2020-04-17,3,1,2,1,2,1,4,1,2,1,1,1,2,0,4,2,0,0,0,0,2,1,1,2,0,0,0,NA,0,NA,1,1,NA,4663,7,86.11,86.11,91.67,91.67,63.54,63.54,67.26,67.26,37.5,37.5,560,0,2832071,"QA"
"Qatar","QAT","","","NAT_TOTAL",2020-04-18,3,1,2,1,2,1,4,1,2,1,1,1,2,0,4,2,0,0,0,0,2,1,1,2,0,0,0,NA,0,NA,1,1,NA,5008,8,86.11,86.11,91.67,91.67,63.54,63.54,67.26,67.26,37.5,37.5,345,1,2832071,"QA"
"Qatar","QAT","","","NAT_TOTAL",2020-04-19,3,1,2,1,2,1,4,1,2,1,1,1,2,0,4,2,0,0,0,0,2,1,1,2,0,0,0,NA,0,NA,1,1,NA,5448,8,86.11,86.11,91.67,91.67,63.54,63.54,67.26,67.26,37.5,37.5,440,0,2832071,"QA"
"Qatar","QAT","","","NAT_TOTAL",2020-04-20,3,1,2,1,2,1,4,1,2,1,1,1,2,0,4,2,0,0,0,0,2,1,1,2,0,0,0,NA,0,NA,1,1,NA,6015,9,86.11,86.11,91.67,91.67,63.54,63.54,67.26,67.26,37.5,37.5,567,1,2832071,"QA"
"Qatar","QAT","","","NAT_TOTAL",2020-04-21,3,1,2,1,2,1,4,1,2,1,1,1,2,0,4,2,0,0,0,424000,2,1,1,2,0,0,0,NA,0,NA,1,1,NA,6533,9,86.11,86.11,91.67,91.67,63.54,63.54,67.26,67.26,37.5,37.5,518,0,2832071,"QA"
"Qatar","QAT","","","NAT_TOTAL",2020-04-22,3,1,2,1,2,1,4,1,2,1,1,1,1,1,4,2,0,0,0,0,2,1,1,2,0,0,0,NA,0,NA,1,1,NA,7141,10,83.33,83.33,91.67,91.67,61.98,61.98,65.48,65.48,37.5,37.5,608,1,2832071,"QA"
"Qatar","QAT","","","NAT_TOTAL",2020-04-23,3,1,2,1,2,1,4,1,2,1,1,1,1,1,4,2,0,0,0,0,2,1,1,2,0,0,0,NA,0,NA,1,1,NA,7764,10,83.33,83.33,91.67,91.67,61.98,61.98,65.48,65.48,37.5,37.5,623,0,2832071,"QA"
"Qatar","QAT","","","NAT_TOTAL",2020-04-24,3,1,2,1,2,1,4,1,2,1,1,1,1,1,4,2,0,0,0,0,2,1,1,2,0,0,0,NA,0,NA,1,1,NA,8525,10,83.33,83.33,91.67,91.67,61.98,61.98,65.48,65.48,37.5,37.5,761,0,2832071,"QA"
"Qatar","QAT","","","NAT_TOTAL",2020-04-25,3,1,2,1,2,1,4,1,2,1,1,1,1,1,4,2,0,0,0,0,2,1,1,2,0,0,0,NA,0,NA,1,1,NA,9358,10,83.33,83.33,91.67,91.67,61.98,61.98,65.48,65.48,37.5,37.5,833,0,2832071,"QA"
"Qatar","QAT","","","NAT_TOTAL",2020-04-26,3,1,2,1,2,1,4,1,2,1,1,1,1,1,4,2,0,0,0,0,2,1,1,2,0,0,2,1,0,NA,1,1,NA,10287,10,83.33,83.33,91.67,91.67,65.1,65.1,69.05,69.05,37.5,37.5,929,0,2832071,"QA"
"Qatar","QAT","","","NAT_TOTAL",2020-04-27,3,1,2,1,2,1,4,1,2,1,1,1,1,1,4,2,0,0,0,0,2,1,1,2,0,0,2,1,0,NA,1,1,NA,11244,10,83.33,83.33,91.67,91.67,65.1,65.1,69.05,69.05,37.5,37.5,957,0,2832071,"QA"
"Qatar","QAT","","","NAT_TOTAL",2020-04-28,3,1,2,1,2,1,4,1,2,1,1,1,1,1,4,2,0,0,0,0,2,1,1,2,0,0,2,1,0,NA,1,1,NA,11921,10,83.33,83.33,91.67,91.67,65.1,65.1,69.05,69.05,37.5,37.5,677,0,2832071,"QA"
"Qatar","QAT","","","NAT_TOTAL",2020-04-29,3,1,2,1,2,1,4,1,2,1,1,1,1,1,4,2,0,0,0,0,2,1,1,2,0,0,2,1,0,NA,1,1,NA,12564,10,83.33,83.33,91.67,91.67,65.1,65.1,69.05,69.05,37.5,37.5,643,0,2832071,"QA"
"Qatar","QAT","","","NAT_TOTAL",2020-04-30,3,1,2,1,2,1,4,1,2,1,1,1,1,1,4,2,0,0,0,0,2,1,1,2,0,0,2,1,0,NA,1,1,NA,13409,10,83.33,83.33,91.67,91.67,65.1,65.1,69.05,69.05,37.5,37.5,845,0,2832071,"QA"
"Qatar","QAT","","","NAT_TOTAL",2020-05-01,3,1,2,1,2,1,4,1,2,1,1,1,1,1,4,2,0,0,0,0,2,1,1,2,0,0,2,1,0,NA,1,1,NA,14096,12,83.33,83.33,91.67,91.67,65.1,65.1,69.05,69.05,37.5,37.5,687,2,2832071,"QA"
"Qatar","QAT","","","NAT_TOTAL",2020-05-02,3,1,2,1,2,1,4,1,2,1,1,1,1,1,4,2,0,0,0,0,2,1,1,2,0,0,2,1,0,NA,1,1,NA,14872,12,83.33,83.33,91.67,91.67,65.1,65.1,69.05,69.05,37.5,37.5,776,0,2832071,"QA"
"Qatar","QAT","","","NAT_TOTAL",2020-05-03,3,1,2,1,2,1,4,1,2,1,1,1,1,1,4,2,0,0,0,0,2,1,1,2,0,0,2,1,0,NA,1,1,NA,15551,12,83.33,83.33,91.67,91.67,65.1,65.1,69.05,69.05,37.5,37.5,679,0,2832071,"QA"
"Qatar","QAT","","","NAT_TOTAL",2020-05-04,3,1,2,1,2,1,4,1,2,1,1,1,1,1,4,2,0,0,0,0,2,1,1,2,0,0,2,1,0,NA,1,1,NA,16191,12,83.33,83.33,91.67,91.67,65.1,65.1,69.05,69.05,37.5,37.5,640,0,2832071,"QA"
"Qatar","QAT","","","NAT_TOTAL",2020-05-05,3,1,2,1,2,1,4,1,2,1,1,1,1,1,4,2,0,0,0,0,2,1,1,2,0,0,2,1,0,NA,1,1,NA,17142,12,83.33,83.33,91.67,91.67,65.1,65.1,69.05,69.05,37.5,37.5,951,0,2832071,"QA"
"Qatar","QAT","","","NAT_TOTAL",2020-05-06,3,1,2,1,2,1,4,1,2,1,1,1,1,1,4,2,0,0,0,0,2,1,1,2,0,0,2,1,0,NA,1,1,NA,17972,12,83.33,83.33,91.67,91.67,65.1,65.1,69.05,69.05,37.5,37.5,830,0,2832071,"QA"
"Qatar","QAT","","","NAT_TOTAL",2020-05-07,3,1,2,1,2,1,4,1,2,1,1,1,1,1,4,2,0,0,0,0,2,1,1,2,0,0,2,1,0,NA,1,1,NA,18890,12,83.33,83.33,91.67,91.67,65.1,65.1,69.05,69.05,37.5,37.5,918,0,2832071,"QA"
"Qatar","QAT","","","NAT_TOTAL",2020-05-08,3,1,2,1,2,1,4,1,2,1,1,1,1,1,4,2,0,0,0,0,2,1,1,2,0,0,2,1,0,NA,1,1,NA,20201,12,83.33,83.33,91.67,91.67,65.1,65.1,69.05,69.05,37.5,37.5,1311,0,2832071,"QA"
"Qatar","QAT","","","NAT_TOTAL",2020-05-09,3,1,2,1,2,1,4,1,2,1,1,1,1,1,4,2,0,0,0,0,2,1,1,2,0,0,2,1,0,NA,1,1,NA,21331,13,83.33,83.33,91.67,91.67,65.1,65.1,69.05,69.05,37.5,37.5,1130,1,2832071,"QA"
"Qatar","QAT","","","NAT_TOTAL",2020-05-10,3,1,2,1,2,1,4,1,2,1,1,1,1,1,4,2,0,0,0,0,2,1,1,2,0,0,2,1,0,NA,1,1,NA,22520,14,83.33,83.33,91.67,91.67,65.1,65.1,69.05,69.05,37.5,37.5,1189,1,2832071,"QA"
"Qatar","QAT","","","NAT_TOTAL",2020-05-11,3,1,2,1,2,1,4,1,2,1,1,1,1,1,4,2,0,0,0,0,2,1,1,2,0,0,2,1,0,NA,1,1,NA,23623,14,83.33,83.33,91.67,91.67,65.1,65.1,69.05,69.05,37.5,37.5,1103,0,2832071,"QA"
"Qatar","QAT","","","NAT_TOTAL",2020-05-12,3,1,2,1,2,1,4,1,2,1,1,1,1,1,4,2,0,0,0,0,2,1,1,2,0,0,2,1,0,NA,1,1,NA,25149,14,83.33,83.33,91.67,91.67,65.1,65.1,69.05,69.05,37.5,37.5,1526,0,2832071,"QA"
"Qatar","QAT","","","NAT_TOTAL",2020-05-13,3,1,2,1,2,1,4,1,2,1,1,1,1,1,4,2,0,0,0,0,2,1,3,2,0,0,2,1,0,NA,1,1,NA,26539,14,83.33,83.33,91.67,91.67,69.27,69.27,73.81,73.81,37.5,37.5,1390,0,2832071,"QA"
"Qatar","QAT","","","NAT_TOTAL",2020-05-14,3,1,2,1,2,1,4,1,2,1,1,1,1,1,4,2,0,0,0,0,2,1,3,2,0,0,2,1,0,NA,1,1,NA,28272,14,83.33,83.33,91.67,91.67,69.27,69.27,73.81,73.81,37.5,37.5,1733,0,2832071,"QA"
"Qatar","QAT","","","NAT_TOTAL",2020-05-15,3,1,2,1,2,1,4,1,2,1,1,1,1,1,4,2,0,0,0,0,2,1,3,2,0,0,2,1,0,NA,1,1,NA,29425,14,83.33,83.33,91.67,91.67,69.27,69.27,73.81,73.81,37.5,37.5,1153,0,2832071,"QA"
"Qatar","QAT","","","NAT_TOTAL",2020-05-16,3,1,2,1,2,1,4,1,2,1,1,1,1,1,4,2,0,0,0,0,2,1,3,2,0,0,2,1,0,NA,1,1,NA,30972,15,83.33,83.33,91.67,91.67,69.27,69.27,73.81,73.81,37.5,37.5,1547,1,2832071,"QA"
"Qatar","QAT","","","NAT_TOTAL",2020-05-17,3,1,2,1,2,1,4,1,2,1,1,1,1,1,4,2,0,0,0,0,2,1,3,2,0,0,4,1,0,NA,1,1,NA,32604,15,83.33,83.33,91.67,91.67,72.4,72.4,77.38,77.38,37.5,37.5,1632,0,2832071,"QA"
"Qatar","QAT","","","NAT_TOTAL",2020-05-18,3,1,2,1,2,1,4,1,2,1,1,1,1,1,4,2,0,0,0,0,2,1,3,2,0,0,4,1,0,NA,1,1,NA,33969,15,83.33,83.33,91.67,91.67,72.4,72.4,77.38,77.38,37.5,37.5,1365,0,2832071,"QA"
"Qatar","QAT","","","NAT_TOTAL",2020-05-19,3,1,2,1,2,1,4,1,2,1,1,1,1,1,4,2,0,0,0,0,2,1,3,2,0,0,4,1,0,NA,1,1,NA,35606,15,83.33,83.33,91.67,91.67,72.4,72.4,77.38,77.38,37.5,37.5,1637,0,2832071,"QA"
"Qatar","QAT","","","NAT_TOTAL",2020-05-20,3,1,2,1,2,1,4,1,2,1,1,1,1,1,4,2,0,0,0,0,2,1,3,2,0,0,4,1,0,NA,1,1,NA,37097,16,83.33,83.33,91.67,91.67,72.4,72.4,77.38,77.38,37.5,37.5,1491,1,2832071,"QA"
"Qatar","QAT","","","NAT_TOTAL",2020-05-21,3,1,2,1,2,1,4,1,2,1,1,1,1,1,4,2,0,0,0,0,2,1,3,2,0,0,4,1,0,NA,1,1,NA,38651,17,83.33,83.33,91.67,91.67,72.4,72.4,77.38,77.38,37.5,37.5,1554,1,2832071,"QA"
"Qatar","QAT","","","NAT_TOTAL",2020-05-22,3,1,2,1,2,1,4,1,2,1,1,1,1,1,4,2,0,0,0,0,2,1,3,2,0,0,4,1,0,NA,1,1,NA,40481,19,83.33,83.33,91.67,91.67,72.4,72.4,77.38,77.38,37.5,37.5,1830,2,2832071,"QA"
"Qatar","QAT","","","NAT_TOTAL",2020-05-23,3,1,2,1,2,1,4,1,2,1,1,1,1,1,4,2,0,0,0,0,2,1,3,2,0,0,4,1,0,NA,1,1,NA,42213,21,83.33,83.33,91.67,91.67,72.4,72.4,77.38,77.38,37.5,37.5,1732,2,2832071,"QA"
"Qatar","QAT","","","NAT_TOTAL",2020-05-24,3,1,2,1,2,1,4,1,2,1,1,1,1,1,4,2,0,0,0,0,2,1,3,2,0,0,4,1,0,NA,1,1,NA,43714,23,83.33,83.33,91.67,91.67,72.4,72.4,77.38,77.38,37.5,37.5,1501,2,2832071,"QA"
"Qatar","QAT","","","NAT_TOTAL",2020-05-25,3,1,2,1,2,1,4,1,2,1,1,1,1,1,4,2,0,0,0,0,2,1,3,2,0,0,4,1,0,NA,1,1,NA,45465,26,83.33,83.33,91.67,91.67,72.4,72.4,77.38,77.38,37.5,37.5,1751,3,2832071,"QA"
"Qatar","QAT","","","NAT_TOTAL",2020-05-26,3,1,2,1,2,1,4,1,2,1,1,1,1,1,4,2,0,0,0,0,2,1,3,2,0,0,4,1,0,NA,1,1,NA,47207,28,83.33,83.33,91.67,91.67,72.4,72.4,77.38,77.38,37.5,37.5,1742,2,2832071,"QA"
"Qatar","QAT","","","NAT_TOTAL",2020-05-27,3,1,2,1,2,1,4,1,2,1,1,1,1,1,4,2,0,0,0,0,2,1,3,2,0,0,4,1,0,NA,1,1,NA,48947,30,83.33,83.33,91.67,91.67,72.4,72.4,77.38,77.38,37.5,37.5,1740,2,2832071,"QA"
"Qatar","QAT","","","NAT_TOTAL",2020-05-28,3,1,2,1,2,1,4,1,2,1,1,1,1,1,4,2,0,0,0,0,2,1,3,2,0,0,4,1,0,NA,1,1,NA,50914,33,83.33,83.33,91.67,91.67,72.4,72.4,77.38,77.38,37.5,37.5,1967,3,2832071,"QA"
"Qatar","QAT","","","NAT_TOTAL",2020-05-29,3,1,2,1,2,1,4,1,2,1,1,1,1,1,4,2,0,0,0,0,2,1,3,2,0,0,4,1,0,NA,1,1,NA,52907,36,83.33,83.33,91.67,91.67,72.4,72.4,77.38,77.38,37.5,37.5,1993,3,2832071,"QA"
"Qatar","QAT","","","NAT_TOTAL",2020-05-30,3,1,2,1,2,1,4,1,2,1,1,1,1,1,4,2,0,0,0,0,2,1,3,2,0,0,4,1,0,NA,1,1,NA,55262,36,83.33,83.33,91.67,91.67,72.4,72.4,77.38,77.38,37.5,37.5,2355,0,2832071,"QA"
"Qatar","QAT","","","NAT_TOTAL",2020-05-31,3,1,2,1,2,1,4,1,2,1,1,1,1,1,4,2,0,0,0,0,2,1,3,2,0,0,4,1,0,NA,1,1,NA,56910,38,83.33,83.33,91.67,91.67,72.4,72.4,77.38,77.38,37.5,37.5,1648,2,2832071,"QA"
"Qatar","QAT","","","NAT_TOTAL",2020-06-01,3,1,2,1,2,1,4,1,2,1,1,1,1,1,4,2,0,0,0,0,2,1,3,2,0,0,4,1,0,NA,1,1,NA,58433,40,83.33,83.33,91.67,91.67,72.4,72.4,77.38,77.38,37.5,37.5,1523,2,2832071,"QA"
"Qatar","QAT","","","NAT_TOTAL",2020-06-02,3,1,2,1,2,1,4,1,2,1,1,1,1,1,4,2,0,0,0,0,2,1,3,2,0,0,4,1,0,NA,1,1,NA,60259,43,83.33,83.33,91.67,91.67,72.4,72.4,77.38,77.38,37.5,37.5,1826,3,2832071,"QA"
"Qatar","QAT","","","NAT_TOTAL",2020-06-03,3,1,2,1,2,1,4,1,2,1,1,1,1,1,4,2,0,0,0,0,2,1,3,2,0,0,4,1,0,NA,1,1,NA,62160,45,83.33,83.33,91.67,91.67,72.4,72.4,77.38,77.38,37.5,37.5,1901,2,2832071,"QA"
"Qatar","QAT","","","NAT_TOTAL",2020-06-04,3,1,2,1,2,1,4,1,2,1,1,1,1,1,4,2,0,0,0,0,2,1,3,2,0,0,2,1,0,NA,1,1,NA,63741,45,83.33,83.33,91.67,91.67,69.27,69.27,73.81,73.81,37.5,37.5,1581,0,2832071,"QA"
"Qatar","QAT","","","NAT_TOTAL",2020-06-05,3,1,2,1,2,1,4,1,2,1,1,1,1,1,4,2,0,0,0,0,2,1,3,2,0,0,2,1,0,NA,1,1,NA,65495,49,83.33,83.33,91.67,91.67,69.27,69.27,73.81,73.81,37.5,37.5,1754,4,2832071,"QA"
"Qatar","QAT","","","NAT_TOTAL",2020-06-06,3,1,2,1,2,1,4,1,2,1,1,1,1,1,4,2,0,0,0,0,2,1,3,2,0,0,2,1,0,NA,1,1,NA,67195,51,83.33,83.33,91.67,91.67,69.27,69.27,73.81,73.81,37.5,37.5,1700,2,2832071,"QA"
"Qatar","QAT","","","NAT_TOTAL",2020-06-07,3,1,2,1,2,1,4,1,2,1,1,1,1,1,4,2,0,0,0,0,2,1,3,2,0,0,2,1,0,NA,1,1,NA,68790,54,83.33,83.33,91.67,91.67,69.27,69.27,73.81,73.81,37.5,37.5,1595,3,2832071,"QA"
"Qatar","QAT","","","NAT_TOTAL",2020-06-08,3,1,2,1,2,1,4,1,2,1,1,1,1,1,4,2,0,0,0,0,2,1,3,2,0,0,2,1,0,NA,1,1,NA,70158,57,83.33,83.33,91.67,91.67,69.27,69.27,73.81,73.81,37.5,37.5,1368,3,2832071,"QA"
"Qatar","QAT","","","NAT_TOTAL",2020-06-09,3,1,2,1,2,1,4,1,2,1,1,1,1,1,4,2,0,0,0,0,2,1,3,2,0,0,2,1,0,NA,1,1,NA,71879,62,83.33,83.33,91.67,91.67,69.27,69.27,73.81,73.81,37.5,37.5,1721,5,2832071,"QA"
"Qatar","QAT","","","NAT_TOTAL",2020-06-10,3,1,2,1,2,1,4,1,2,1,1,1,1,1,4,2,0,0,0,0,2,1,3,2,0,0,2,1,0,NA,1,1,NA,73595,66,83.33,83.33,91.67,91.67,69.27,69.27,73.81,73.81,37.5,37.5,1716,4,2832071,"QA"
"Qatar","QAT","","","NAT_TOTAL",2020-06-11,3,1,2,1,2,1,4,1,2,1,1,1,1,1,4,2,0,0,0,0,2,1,3,2,0,0,2,1,0,NA,1,1,NA,75071,69,83.33,83.33,91.67,91.67,69.27,69.27,73.81,73.81,37.5,37.5,1476,3,2832071,"QA"
"Qatar","QAT","","","NAT_TOTAL",2020-06-12,3,1,2,1,2,1,4,1,2,1,1,1,1,1,4,2,0,0,0,0,2,1,3,2,0,0,2,1,0,NA,1,1,NA,76588,70,83.33,83.33,91.67,91.67,69.27,69.27,73.81,73.81,37.5,37.5,1517,1,2832071,"QA"
"Qatar","QAT","","","NAT_TOTAL",2020-06-13,3,1,2,1,2,1,4,1,2,1,1,1,1,1,4,2,0,0,0,0,2,1,3,2,0,0,2,1,0,NA,1,1,NA,78416,70,83.33,83.33,91.67,91.67,69.27,69.27,73.81,73.81,37.5,37.5,1828,0,2832071,"QA"
"Qatar","QAT","","","NAT_TOTAL",2020-06-14,3,1,2,1,2,1,4,1,2,1,1,1,1,1,4,2,0,0,0,0,2,1,3,2,0,0,2,1,0,NA,1,1,NA,79602,73,83.33,83.33,91.67,91.67,69.27,69.27,73.81,73.81,37.5,37.5,1186,3,2832071,"QA"
"Qatar","QAT","","","NAT_TOTAL",2020-06-15,3,1,2,1,2,1,4,1,2,1,1,1,1,1,3,2,0,0,0,0,2,1,3,2,0,0,2,1,0,NA,1,1,NA,80876,76,80.56,80.56,88.1,88.1,67.71,67.71,72.02,72.02,37.5,37.5,1274,3,2832071,"QA"
"Qatar","QAT","","","NAT_TOTAL",2020-06-16,3,1,2,1,2,1,4,1,2,1,1,1,1,1,3,2,0,0,0,0,2,1,3,2,0,0,2,1,0,NA,1,1,NA,82077,80,80.56,80.56,88.1,88.1,67.71,67.71,72.02,72.02,37.5,37.5,1201,4,2832071,"QA"
"Qatar","QAT","","","NAT_TOTAL",2020-06-17,3,1,2,1,2,1,4,1,2,1,1,1,1,1,3,2,0,0,0,0,2,1,3,2,0,0,2,1,0,NA,1,1,NA,83174,82,80.56,80.56,88.1,88.1,67.71,67.71,72.02,72.02,37.5,37.5,1097,2,2832071,"QA"
"Qatar","QAT","","","NAT_TOTAL",2020-06-18,3,1,2,1,2,1,4,1,2,1,1,1,1,1,3,2,0,0,0,0,2,1,3,2,0,0,2,1,0,NA,1,1,NA,84441,86,80.56,80.56,88.1,88.1,67.71,67.71,72.02,72.02,37.5,37.5,1267,4,2832071,"QA"
"Qatar","QAT","","","NAT_TOTAL",2020-06-19,3,1,2,1,2,1,4,1,2,1,1,1,1,1,3,2,0,0,0,0,2,1,3,2,0,0,2,1,0,NA,1,1,NA,85462,93,80.56,80.56,88.1,88.1,67.71,67.71,72.02,72.02,37.5,37.5,1021,7,2832071,"QA"
"Qatar","QAT","","","NAT_TOTAL",2020-06-20,3,1,2,1,2,1,4,1,2,1,1,1,1,1,3,2,0,0,0,0,2,1,3,2,0,0,2,1,0,NA,1,1,NA,86488,94,80.56,80.56,88.1,88.1,67.71,67.71,72.02,72.02,37.5,37.5,1026,1,2832071,"QA"
"Qatar","QAT","","","NAT_TOTAL",2020-06-21,3,1,2,1,2,1,4,1,2,1,1,1,1,1,3,2,0,0,0,0,2,1,3,2,0,0,2,1,0,NA,1,1,NA,87369,98,80.56,80.56,88.1,88.1,67.71,67.71,72.02,72.02,37.5,37.5,881,4,2832071,"QA"
"Qatar","QAT","","","NAT_TOTAL",2020-06-22,3,1,2,1,2,1,4,1,2,1,1,1,1,1,3,2,0,0,0,0,2,1,3,2,0,0,2,1,0,NA,1,1,NA,88403,99,80.56,80.56,88.1,88.1,67.71,67.71,72.02,72.02,37.5,37.5,1034,1,2832071,"QA"
"Qatar","QAT","","","NAT_TOTAL",2020-06-23,3,1,2,1,2,1,4,1,2,1,1,1,1,1,3,2,0,0,0,0,2,1,3,2,0,0,2,1,0,NA,1,1,NA,89579,99,80.56,80.56,88.1,88.1,67.71,67.71,72.02,72.02,37.5,37.5,1176,0,2832071,"QA"
"Qatar","QAT","","","NAT_TOTAL",2020-06-24,3,1,2,1,2,1,4,1,2,1,1,1,1,1,3,2,0,0,0,0,2,1,3,2,0,0,2,1,0,NA,1,1,NA,90778,104,80.56,80.56,88.1,88.1,67.71,67.71,72.02,72.02,37.5,37.5,1199,5,2832071,"QA"
"Qatar","QAT","","","NAT_TOTAL",2020-06-25,3,1,2,1,2,1,4,1,2,1,1,1,1,1,3,2,0,0,0,0,2,1,3,2,0,0,2,1,0,NA,1,1,NA,91838,106,80.56,80.56,88.1,88.1,67.71,67.71,72.02,72.02,37.5,37.5,1060,2,2832071,"QA"
"Qatar","QAT","","","NAT_TOTAL",2020-06-26,3,1,2,1,2,1,4,1,2,1,1,1,1,1,3,2,0,0,0,0,2,1,3,2,0,0,2,1,0,NA,1,1,NA,92784,109,80.56,80.56,88.1,88.1,67.71,67.71,72.02,72.02,37.5,37.5,946,3,2832071,"QA"
"Qatar","QAT","","","NAT_TOTAL",2020-06-27,3,1,2,1,2,1,4,1,2,1,1,1,1,1,3,2,0,0,0,0,2,1,3,2,0,0,2,1,0,NA,1,1,NA,93663,110,80.56,80.56,88.1,88.1,67.71,67.71,72.02,72.02,37.5,37.5,879,1,2832071,"QA"
"Qatar","QAT","","","NAT_TOTAL",2020-06-28,3,1,2,1,2,1,4,1,2,1,1,1,1,1,3,2,0,0,0,0,2,1,3,2,0,0,2,1,0,NA,1,1,NA,94413,110,80.56,80.56,88.1,88.1,67.71,67.71,72.02,72.02,37.5,37.5,750,0,2832071,"QA"
"Qatar","QAT","","","NAT_TOTAL",2020-06-29,3,1,2,1,2,1,4,1,2,1,1,1,1,1,3,2,0,0,0,0,2,1,3,2,0,0,2,1,0,NA,1,1,NA,95106,113,80.56,80.56,88.1,88.1,67.71,67.71,72.02,72.02,37.5,37.5,693,3,2832071,"QA"
"Qatar","QAT","","","NAT_TOTAL",2020-06-30,3,1,2,1,2,1,4,1,2,1,1,1,1,1,3,2,0,0,0,0,2,1,3,2,0,0,2,1,0,NA,1,1,NA,96088,113,80.56,80.56,88.1,88.1,67.71,67.71,72.02,72.02,37.5,37.5,982,0,2832071,"QA"
"Qatar","QAT","","","NAT_TOTAL",2020-07-01,3,1,2,1,2,1,4,1,2,1,1,1,1,1,3,2,0,0,0,0,2,1,3,2,0,0,2,1,0,NA,1,1,NA,97003,115,80.56,80.56,88.1,88.1,67.71,67.71,72.02,72.02,37.5,37.5,915,2,2832071,"QA"
"Qatar","QAT","","","NAT_TOTAL",2020-07-02,3,1,2,1,2,1,4,1,2,1,1,1,1,1,3,2,0,0,0,0,2,1,3,2,0,0,2,1,0,NA,1,1,NA,97897,118,80.56,80.56,88.1,88.1,67.71,67.71,72.02,72.02,37.5,37.5,894,3,2832071,"QA"
"Qatar","QAT","","","NAT_TOTAL",2020-07-03,3,1,2,1,2,1,4,1,2,1,1,1,1,1,3,2,0,0,0,0,2,1,3,2,0,0,2,1,0,NA,1,1,NA,98653,121,80.56,80.56,88.1,88.1,67.71,67.71,72.02,72.02,37.5,37.5,756,3,2832071,"QA"
"Qatar","QAT","","","NAT_TOTAL",2020-07-04,3,1,2,1,2,1,4,1,2,1,1,1,1,1,3,2,0,0,0,0,2,1,3,2,0,0,2,1,0,NA,1,1,NA,99183,123,80.56,80.56,88.1,88.1,67.71,67.71,72.02,72.02,37.5,37.5,530,2,2832071,"QA"
"Qatar","QAT","","","NAT_TOTAL",2020-07-05,3,1,2,1,2,1,4,1,2,1,1,1,1,1,3,2,0,0,0,0,2,1,3,2,0,0,2,1,0,NA,1,1,NA,99799,128,80.56,80.56,88.1,88.1,67.71,67.71,72.02,72.02,37.5,37.5,616,5,2832071,"QA"
"Qatar","QAT","","","NAT_TOTAL",2020-07-06,3,1,2,1,2,1,4,1,2,1,1,1,1,1,3,2,0,0,0,0,2,1,3,2,0,0,2,1,0,NA,1,1,NA,100345,133,80.56,80.56,88.1,88.1,67.71,67.71,72.02,72.02,37.5,37.5,546,5,2832071,"QA"
"Qatar","QAT","","","NAT_TOTAL",2020-07-07,3,1,2,1,2,1,4,1,2,1,1,1,1,1,3,2,0,0,0,0,2,1,3,2,0,0,2,1,0,NA,1,1,NA,100945,134,80.56,80.56,88.1,88.1,67.71,67.71,72.02,72.02,37.5,37.5,600,1,2832071,"QA"
"Qatar","QAT","","","NAT_TOTAL",2020-07-08,3,1,2,1,2,1,4,1,2,1,1,1,1,1,3,2,0,0,0,0,2,1,3,2,0,0,2,1,0,NA,1,1,NA,101553,138,80.56,80.56,88.1,88.1,67.71,67.71,72.02,72.02,37.5,37.5,608,4,2832071,"QA"
"Qatar","QAT","","","NAT_TOTAL",2020-07-09,3,1,2,1,2,1,4,1,2,1,1,1,1,1,3,2,0,0,0,0,2,1,3,2,0,0,2,1,0,NA,1,1,NA,102110,142,80.56,80.56,88.1,88.1,67.71,67.71,72.02,72.02,37.5,37.5,557,4,2832071,"QA"
"Qatar","QAT","","","NAT_TOTAL",2020-07-10,3,1,2,1,2,1,4,1,2,1,1,1,1,1,3,2,0,0,0,0,2,1,3,2,0,0,2,1,0,NA,1,1,NA,102630,146,80.56,80.56,88.1,88.1,67.71,67.71,72.02,72.02,37.5,37.5,520,4,2832071,"QA"
"Qatar","QAT","","","NAT_TOTAL",2020-07-11,3,1,2,1,2,1,4,1,2,1,1,1,1,1,3,2,0,0,0,0,2,1,3,2,0,0,2,1,0,NA,1,1,NA,103128,146,80.56,80.56,88.1,88.1,67.71,67.71,72.02,72.02,37.5,37.5,498,0,2832071,"QA"
"Qatar","QAT","","","NAT_TOTAL",2020-07-12,3,1,2,1,2,1,4,1,2,1,1,1,1,1,3,2,0,0,0,0,2,1,3,2,0,0,2,1,0,NA,1,1,NA,103598,147,80.56,80.56,88.1,88.1,67.71,67.71,72.02,72.02,37.5,37.5,470,1,2832071,"QA"
"Qatar","QAT","","","NAT_TOTAL",2020-07-13,3,1,2,1,2,1,4,1,2,1,1,1,1,1,3,2,0,0,0,0,2,1,3,2,0,0,2,1,0,NA,1,1,NA,104016,149,80.56,80.56,88.1,88.1,67.71,67.71,72.02,72.02,37.5,37.5,418,2,2832071,"QA"
"Qatar","QAT","","","NAT_TOTAL",2020-07-14,3,1,2,1,2,1,4,1,2,1,1,1,1,1,3,2,0,0,0,0,2,1,3,2,0,0,2,1,0,NA,1,1,NA,104533,150,80.56,80.56,88.1,88.1,67.71,67.71,72.02,72.02,37.5,37.5,517,1,2832071,"QA"
"Qatar","QAT","","","NAT_TOTAL",2020-07-15,3,1,2,1,2,1,4,1,2,1,1,1,1,1,3,2,0,0,0,0,2,1,3,2,0,0,2,1,0,NA,1,1,NA,104983,151,80.56,80.56,88.1,88.1,67.71,67.71,72.02,72.02,37.5,37.5,450,1,2832071,"QA"
"Qatar","QAT","","","NAT_TOTAL",2020-07-16,3,1,2,1,2,1,4,1,2,1,1,1,1,1,3,2,0,0,0,0,2,1,3,2,0,0,2,1,0,NA,1,1,NA,105477,152,80.56,80.56,88.1,88.1,67.71,67.71,72.02,72.02,37.5,37.5,494,1,2832071,"QA"
"Qatar","QAT","","","NAT_TOTAL",2020-07-17,3,1,2,1,2,1,4,1,2,1,1,1,1,1,3,2,0,0,0,0,2,1,3,2,0,0,2,1,0,NA,1,1,NA,105898,153,80.56,80.56,88.1,88.1,67.71,67.71,72.02,72.02,37.5,37.5,421,1,2832071,"QA"
"Qatar","QAT","","","NAT_TOTAL",2020-07-18,3,1,2,1,2,1,4,1,2,1,1,1,1,1,3,2,0,0,0,0,2,1,3,2,0,0,2,1,0,NA,1,1,NA,106308,154,80.56,80.56,88.1,88.1,67.71,67.71,72.02,72.02,37.5,37.5,410,1,2832071,"QA"
"Qatar","QAT","","","NAT_TOTAL",2020-07-19,3,1,2,1,2,1,4,1,2,1,1,1,1,1,3,2,0,0,0,0,2,1,3,2,0,0,2,1,0,NA,1,1,NA,106648,157,80.56,80.56,88.1,88.1,67.71,67.71,72.02,72.02,37.5,37.5,340,3,2832071,"QA"
"Qatar","QAT","","","NAT_TOTAL",2020-07-20,3,1,2,1,2,1,4,1,2,1,1,1,1,1,3,2,0,0,0,0,2,1,3,2,0,0,2,1,0,NA,1,1,NA,107037,159,80.56,80.56,88.1,88.1,67.71,67.71,72.02,72.02,37.5,37.5,389,2,2832071,"QA"
"Qatar","QAT","","","NAT_TOTAL",2020-07-21,3,1,2,1,2,1,4,1,2,1,1,1,1,1,3,2,0,0,0,0,2,1,3,2,0,0,2,1,0,NA,1,1,NA,107430,160,80.56,80.56,88.1,88.1,67.71,67.71,72.02,72.02,37.5,37.5,393,1,2832071,"QA"
"Qatar","QAT","","","NAT_TOTAL",2020-07-22,3,1,2,1,2,1,4,1,2,1,1,1,1,1,3,2,0,0,0,0,2,1,3,2,0,0,2,1,0,NA,1,1,NA,107871,163,80.56,80.56,88.1,88.1,67.71,67.71,72.02,72.02,37.5,37.5,441,3,2832071,"QA"
"Qatar","QAT","","","NAT_TOTAL",2020-07-23,3,1,2,1,2,1,4,1,2,1,1,1,1,1,3,2,0,0,0,0,2,1,3,2,0,0,2,1,0,NA,1,1,NA,108244,164,80.56,80.56,88.1,88.1,67.71,67.71,72.02,72.02,37.5,37.5,373,1,2832071,"QA"
"Qatar","QAT","","","NAT_TOTAL",2020-07-24,3,1,2,1,2,1,4,1,2,1,1,1,1,1,3,2,0,1,0,0,2,1,3,2,0,0,2,1,0,NA,1,1,NA,108638,164,80.56,80.56,88.1,88.1,70.83,70.83,72.02,72.02,62.5,62.5,394,0,2832071,"QA"
"Qatar","QAT","","","NAT_TOTAL",2020-07-25,3,1,2,1,2,1,4,1,2,1,1,1,1,1,3,2,0,1,0,0,2,1,3,2,0,0,2,1,0,NA,1,1,NA,109036,164,80.56,80.56,88.1,88.1,70.83,70.83,72.02,72.02,62.5,62.5,398,0,2832071,"QA"
"Qatar","QAT","","","NAT_TOTAL",2020-07-26,3,1,2,1,2,1,4,1,2,1,1,1,1,1,3,2,0,1,0,0,2,1,3,2,0,0,2,1,0,NA,1,1,NA,109305,165,80.56,80.56,88.1,88.1,70.83,70.83,72.02,72.02,62.5,62.5,269,1,2832071,"QA"
"Qatar","QAT","","","NAT_TOTAL",2020-07-27,3,1,2,1,2,1,4,1,2,1,1,1,1,1,3,2,0,1,0,0,2,1,3,2,0,0,2,1,0,NA,1,1,NA,109597,165,80.56,80.56,88.1,88.1,70.83,70.83,72.02,72.02,62.5,62.5,292,0,2832071,"QA"
"Qatar","QAT","","","NAT_TOTAL",2020-07-28,3,1,2,1,2,1,3,1,2,1,1,1,1,1,3,2,0,1,0,0,2,1,3,2,0,0,2,1,0,NA,1,1,NA,109880,167,77.78,77.78,88.1,88.1,69.27,69.27,70.24,70.24,62.5,62.5,283,2,2832071,"QA"
"Qatar","QAT","","","NAT_TOTAL",2020-07-29,3,1,2,1,2,1,3,1,2,1,1,1,1,1,3,2,0,1,0,0,2,1,3,2,0,0,2,1,0,NA,1,1,NA,110153,169,77.78,77.78,88.1,88.1,69.27,69.27,70.24,70.24,62.5,62.5,273,2,2832071,"QA"
"Qatar","QAT","","","NAT_TOTAL",2020-07-30,3,1,2,1,2,1,3,1,2,1,1,1,1,1,3,2,0,1,0,0,2,1,3,2,0,0,2,1,0,NA,1,1,NA,110460,171,77.78,77.78,88.1,88.1,69.27,69.27,70.24,70.24,62.5,62.5,307,2,2832071,"QA"
"Qatar","QAT","","","NAT_TOTAL",2020-07-31,3,1,2,1,2,1,3,1,2,1,1,1,1,1,3,2,0,1,0,0,2,1,3,2,0,0,2,1,0,NA,1,1,NA,110695,174,77.78,77.78,88.1,88.1,69.27,69.27,70.24,70.24,62.5,62.5,235,3,2832071,"QA"
"Qatar","QAT","","","NAT_TOTAL",2020-08-01,3,1,2,1,2,1,3,1,2,1,1,1,1,1,3,2,0,1,0,0,2,1,3,2,0,0,2,1,0,NA,1,1,NA,110911,174,77.78,77.78,88.1,88.1,69.27,69.27,70.24,70.24,62.5,62.5,216,0,2832071,"QA"
"Qatar","QAT","","","NAT_TOTAL",2020-08-02,3,1,2,1,2,1,3,1,2,1,1,1,1,1,3,2,0,1,0,0,2,1,3,2,0,0,2,1,0,NA,1,1,NA,111107,177,77.78,77.78,88.1,88.1,69.27,69.27,70.24,70.24,62.5,62.5,196,3,2832071,"QA"
"Qatar","QAT","","","NAT_TOTAL",2020-08-03,3,1,2,1,2,1,3,1,2,1,1,1,1,1,3,2,0,1,0,0,2,1,3,2,0,0,2,1,0,NA,1,1,NA,111322,177,77.78,77.78,88.1,88.1,69.27,69.27,70.24,70.24,62.5,62.5,215,0,2832071,"QA"
"Qatar","QAT","","","NAT_TOTAL",2020-08-04,3,1,2,1,2,1,3,1,2,1,1,1,1,1,3,2,0,1,0,0,2,1,3,2,0,0,2,1,0,NA,1,1,NA,111538,177,77.78,77.78,88.1,88.1,69.27,69.27,70.24,70.24,62.5,62.5,216,0,2832071,"QA"
"Qatar","QAT","","","NAT_TOTAL",2020-08-05,3,1,2,1,2,1,3,1,2,1,1,1,1,1,3,2,0,1,0,0,2,1,3,2,0,0,2,1,0,NA,1,1,NA,111805,178,77.78,77.78,88.1,88.1,69.27,69.27,70.24,70.24,62.5,62.5,267,1,2832071,"QA"
"Qatar","QAT","","","NAT_TOTAL",2020-08-06,3,1,2,1,2,1,3,1,2,1,1,1,1,1,3,2,0,1,0,0,2,1,3,2,0,0,2,1,0,NA,1,1,NA,112092,178,77.78,77.78,88.1,88.1,69.27,69.27,70.24,70.24,62.5,62.5,287,0,2832071,"QA"
"Qatar","QAT","","","NAT_TOTAL",2020-08-07,3,1,2,1,2,1,3,1,2,1,1,1,1,1,3,2,0,1,0,0,2,1,3,2,0,0,2,1,0,NA,1,1,NA,112383,180,77.78,77.78,88.1,88.1,69.27,69.27,70.24,70.24,62.5,62.5,291,2,2832071,"QA"
"Qatar","QAT","","","NAT_TOTAL",2020-08-08,3,1,2,1,2,1,3,1,2,1,1,1,1,1,3,2,0,1,0,0,2,1,3,2,0,0,2,1,0,NA,1,1,NA,112650,182,77.78,77.78,88.1,88.1,69.27,69.27,70.24,70.24,62.5,62.5,267,2,2832071,"QA"
"Qatar","QAT","","","NAT_TOTAL",2020-08-09,3,1,2,1,2,1,3,1,2,1,1,1,1,1,3,2,0,1,0,0,2,1,3,2,0,0,2,1,0,NA,1,1,NA,112947,184,77.78,77.78,88.1,88.1,69.27,69.27,70.24,70.24,62.5,62.5,297,2,2832071,"QA"
"Qatar","QAT","","","NAT_TOTAL",2020-08-10,3,1,2,1,2,1,3,1,2,1,1,1,1,1,3,2,0,1,0,0,2,1,3,2,0,0,2,1,0,NA,1,1,NA,113262,188,77.78,77.78,88.1,88.1,69.27,69.27,70.24,70.24,62.5,62.5,315,4,2832071,"QA"
"Qatar","QAT","","","NAT_TOTAL",2020-08-11,3,1,2,1,2,1,3,1,2,1,1,1,1,1,3,2,0,1,0,0,2,1,3,2,0,0,2,1,0,NA,1,1,NA,113646,188,77.78,77.78,88.1,88.1,69.27,69.27,70.24,70.24,62.5,62.5,384,0,2832071,"QA"
"Qatar","QAT","","","NAT_TOTAL",2020-08-12,3,1,2,1,2,1,3,1,2,1,1,1,1,1,3,2,0,1,0,0,2,1,3,2,0,0,2,1,0,NA,1,1,NA,113938,190,77.78,77.78,88.1,88.1,69.27,69.27,70.24,70.24,62.5,62.5,292,2,2832071,"QA"
"Qatar","QAT","","","NAT_TOTAL",2020-08-13,3,1,2,1,2,1,3,1,2,1,1,1,1,1,3,2,0,1,0,0,2,1,3,2,0,0,2,1,0,NA,1,1,NA,114281,190,77.78,77.78,88.1,88.1,69.27,69.27,70.24,70.24,62.5,62.5,343,0,2832071,"QA"
"Qatar","QAT","","","NAT_TOTAL",2020-08-14,3,1,2,1,2,1,3,1,2,1,1,1,1,1,3,2,0,1,0,0,2,1,3,2,0,0,2,1,0,NA,1,1,NA,114532,190,77.78,77.78,88.1,88.1,69.27,69.27,70.24,70.24,62.5,62.5,251,0,2832071,"QA"
"Qatar","QAT","","","NAT_TOTAL",2020-08-15,3,1,2,1,2,1,3,1,2,1,1,1,1,1,3,2,0,1,0,0,2,1,3,2,0,0,2,1,0,NA,1,1,NA,114809,192,77.78,77.78,88.1,88.1,69.27,69.27,70.24,70.24,62.5,62.5,277,2,2832071,"QA"
"Qatar","QAT","","","NAT_TOTAL",2020-08-16,3,1,2,1,2,1,3,1,2,1,1,1,1,1,3,2,0,1,0,0,2,1,3,2,0,0,2,1,0,NA,1,1,NA,115080,193,77.78,77.78,88.1,88.1,69.27,69.27,70.24,70.24,62.5,62.5,271,1,2832071,"QA"
"Qatar","QAT","","","NAT_TOTAL",2020-08-17,3,1,2,1,2,1,3,1,2,1,1,1,1,1,3,2,0,1,0,0,2,1,3,2,0,0,2,1,0,NA,1,1,NA,115368,193,77.78,77.78,88.1,88.1,69.27,69.27,70.24,70.24,62.5,62.5,288,0,2832071,"QA"
"Qatar","QAT","","","NAT_TOTAL",2020-08-18,3,1,2,1,2,1,3,1,2,1,1,1,1,1,3,2,0,1,0,0,2,1,3,2,0,0,2,1,0,NA,1,1,NA,115661,193,77.78,77.78,88.1,88.1,69.27,69.27,70.24,70.24,62.5,62.5,293,0,2832071,"QA"
"Qatar","QAT","","","NAT_TOTAL",2020-08-19,3,1,2,1,2,1,3,1,2,1,1,1,1,1,3,2,0,1,0,0,2,1,3,2,0,0,2,1,0,NA,1,1,NA,115956,193,77.78,77.78,88.1,88.1,69.27,69.27,70.24,70.24,62.5,62.5,295,0,2832071,"QA"
"Qatar","QAT","","","NAT_TOTAL",2020-08-20,3,1,2,1,2,1,3,1,2,1,1,1,1,1,3,2,0,1,0,0,2,1,3,2,0,0,2,1,0,NA,1,1,NA,116224,193,77.78,77.78,88.1,88.1,69.27,69.27,70.24,70.24,62.5,62.5,268,0,2832071,"QA"
"Qatar","QAT","","","NAT_TOTAL",2020-08-21,3,1,2,1,2,1,3,1,2,1,1,1,1,1,3,2,0,1,0,0,2,1,3,2,0,0,2,1,0,NA,1,1,NA,116481,193,77.78,77.78,88.1,88.1,69.27,69.27,70.24,70.24,62.5,62.5,257,0,2832071,"QA"
"Qatar","QAT","","","NAT_TOTAL",2020-08-22,3,1,2,1,2,1,3,1,2,1,1,1,1,1,3,2,0,1,0,0,2,1,3,2,0,0,2,1,0,NA,1,1,NA,116765,193,77.78,77.78,88.1,88.1,69.27,69.27,70.24,70.24,62.5,62.5,284,0,2832071,"QA"
"Qatar","QAT","","","NAT_TOTAL",2020-08-23,3,1,2,1,2,1,3,1,2,1,1,1,1,1,3,2,0,1,0,0,2,1,3,2,0,0,2,1,0,NA,1,1,NA,117008,193,77.78,77.78,88.1,88.1,69.27,69.27,70.24,70.24,62.5,62.5,243,0,2832071,"QA"
"Qatar","QAT","","","NAT_TOTAL",2020-08-24,3,1,2,1,2,1,3,1,2,1,1,1,1,1,3,2,0,1,0,0,2,1,3,2,0,0,2,1,0,NA,1,1,NA,117266,194,77.78,77.78,88.1,88.1,69.27,69.27,70.24,70.24,62.5,62.5,258,1,2832071,"QA"
"Qatar","QAT","","","NAT_TOTAL",2020-08-25,3,1,2,1,2,1,3,1,2,1,1,1,1,1,3,2,0,1,0,0,2,1,3,2,0,0,2,1,0,NA,1,1,NA,117498,194,77.78,77.78,88.1,88.1,69.27,69.27,70.24,70.24,62.5,62.5,232,0,2832071,"QA"
"Qatar","QAT","","","NAT_TOTAL",2020-08-26,3,1,2,1,2,1,3,1,2,1,1,1,1,1,3,2,0,1,0,0,2,1,3,2,0,0,2,1,0,NA,1,1,NA,117742,194,77.78,77.78,88.1,88.1,69.27,69.27,70.24,70.24,62.5,62.5,244,0,2832071,"QA"
"Qatar","QAT","","","NAT_TOTAL",2020-08-27,3,1,2,1,2,1,3,1,2,1,1,1,1,1,3,2,0,1,0,0,2,1,3,2,0,0,2,1,0,NA,1,1,NA,117988,195,77.78,77.78,88.1,88.1,69.27,69.27,70.24,70.24,62.5,62.5,246,1,2832071,"QA"
"Qatar","QAT","","","NAT_TOTAL",2020-08-28,3,1,2,1,2,1,3,1,2,1,1,1,1,1,3,2,0,1,0,0,2,1,3,2,0,0,2,1,0,NA,1,1,NA,118196,196,77.78,77.78,88.1,88.1,69.27,69.27,70.24,70.24,62.5,62.5,208,1,2832071,"QA"
"Qatar","QAT","","","NAT_TOTAL",2020-08-29,3,1,2,1,2,1,3,1,2,1,1,1,1,1,3,2,0,1,0,0,2,1,3,2,0,0,2,1,0,NA,1,1,NA,118407,196,77.78,77.78,88.1,88.1,69.27,69.27,70.24,70.24,62.5,62.5,211,0,2832071,"QA"
"Qatar","QAT","","","NAT_TOTAL",2020-08-30,3,1,2,1,2,1,3,1,2,1,1,1,1,1,3,2,0,1,0,0,2,1,3,2,0,0,2,1,0,NA,1,1,NA,118575,197,77.78,77.78,88.1,88.1,69.27,69.27,70.24,70.24,62.5,62.5,168,1,2832071,"QA"
"Qatar","QAT","","","NAT_TOTAL",2020-08-31,3,1,2,1,2,1,3,1,2,1,1,1,1,1,3,2,0,1,0,0,2,1,3,2,0,0,2,1,0,NA,1,1,NA,118778,197,77.78,77.78,88.1,88.1,69.27,69.27,70.24,70.24,62.5,62.5,203,0,2832071,"QA"
"Qatar","QAT","","","NAT_TOTAL",2020-09-01,2,1,1,1,2,1,3,1,1,1,1,1,1,1,3,2,0,1,0,0,2,1,3,2,0,0,2,1,0,NA,1,1,NA,118994,198,64.81,64.81,76.19,76.19,61.98,61.98,61.9,61.9,62.5,62.5,216,1,2832071,"QA"
"Qatar","QAT","","","NAT_TOTAL",2020-09-02,2,1,1,1,2,1,3,1,1,1,1,1,1,1,3,2,0,1,0,0,2,1,3,2,0,0,2,1,0,NA,1,1,NA,119206,199,64.81,64.81,76.19,76.19,61.98,61.98,61.9,61.9,62.5,62.5,212,1,2832071,"QA"
"Qatar","QAT","","","NAT_TOTAL",2020-09-03,2,1,1,1,2,1,3,1,1,1,1,1,1,1,3,2,0,1,0,0,2,1,3,2,0,0,2,1,0,NA,1,1,NA,119420,201,64.81,64.81,76.19,76.19,61.98,61.98,61.9,61.9,62.5,62.5,214,2,2832071,"QA"
"Qatar","QAT","","","NAT_TOTAL",2020-09-04,2,1,1,1,2,1,3,1,1,1,1,1,1,1,3,2,0,1,0,0,2,1,3,2,0,0,2,1,0,NA,1,1,NA,119637,201,64.81,64.81,76.19,76.19,61.98,61.98,61.9,61.9,62.5,62.5,217,0,2832071,"QA"
"Qatar","QAT","","","NAT_TOTAL",2020-09-05,2,1,1,1,2,1,3,1,1,1,1,1,1,1,3,2,0,1,0,0,2,1,3,2,0,0,2,1,0,NA,1,1,NA,119864,202,64.81,64.81,76.19,76.19,61.98,61.98,61.9,61.9,62.5,62.5,227,1,2832071,"QA"
"Qatar","QAT","","","NAT_TOTAL",2020-09-06,2,1,1,1,2,1,3,1,1,1,1,1,1,1,3,2,0,1,0,0,2,1,3,2,0,0,2,1,0,NA,1,1,NA,120095,203,64.81,64.81,76.19,76.19,61.98,61.98,61.9,61.9,62.5,62.5,231,1,2832071,"QA"
"Qatar","QAT","","","NAT_TOTAL",2020-09-07,2,1,1,1,2,1,3,1,1,1,1,1,1,1,3,2,0,1,0,0,2,1,3,2,0,0,2,1,0,NA,1,1,NA,120348,205,64.81,64.81,76.19,76.19,61.98,61.98,61.9,61.9,62.5,62.5,253,2,2832071,"QA"
"Qatar","QAT","","","NAT_TOTAL",2020-09-08,2,1,1,1,2,1,3,1,1,1,1,1,1,1,3,2,0,1,0,0,2,1,3,2,0,0,2,1,0,NA,1,1,NA,120579,205,64.81,64.81,76.19,76.19,61.98,61.98,61.9,61.9,62.5,62.5,231,0,2832071,"QA"
"Qatar","QAT","","","NAT_TOTAL",2020-09-09,2,1,1,1,2,1,3,1,1,1,1,1,1,1,3,2,0,1,0,0,2,1,3,2,0,0,2,1,0,NA,1,1,NA,120846,205,64.81,64.81,76.19,76.19,61.98,61.98,61.9,61.9,62.5,62.5,267,0,2832071,"QA"
"Qatar","QAT","","","NAT_TOTAL",2020-09-10,2,1,1,1,2,1,3,1,1,1,1,1,1,1,3,2,0,1,0,0,2,1,3,2,0,0,2,1,0,NA,1,1,NA,121052,205,64.81,64.81,76.19,76.19,61.98,61.98,61.9,61.9,62.5,62.5,206,0,2832071,"QA"
"Qatar","QAT","","","NAT_TOTAL",2020-09-11,2,1,1,1,2,1,3,1,1,1,1,1,1,1,3,2,0,1,0,0,2,1,3,2,0,0,2,1,0,NA,1,1,NA,121287,205,64.81,64.81,76.19,76.19,61.98,61.98,61.9,61.9,62.5,62.5,235,0,2832071,"QA"
"Qatar","QAT","","","NAT_TOTAL",2020-09-12,2,1,1,1,2,1,3,1,1,1,1,1,1,1,3,2,0,1,0,0,2,1,3,2,0,0,2,1,0,NA,1,1,NA,121523,205,64.81,64.81,76.19,76.19,61.98,61.98,61.9,61.9,62.5,62.5,236,0,2832071,"QA"
"Qatar","QAT","","","NAT_TOTAL",2020-09-13,2,1,1,1,2,1,3,1,1,1,1,1,1,1,3,2,0,1,0,0,2,1,3,2,0,0,2,1,0,NA,1,1,NA,121740,205,64.81,64.81,76.19,76.19,61.98,61.98,61.9,61.9,62.5,62.5,217,0,2832071,"QA"
"Qatar","QAT","","","NAT_TOTAL",2020-09-14,2,1,1,1,2,1,3,1,1,1,1,1,1,1,3,2,0,1,0,0,2,1,3,2,0,0,2,1,0,NA,1,1,NA,121975,207,64.81,64.81,76.19,76.19,61.98,61.98,61.9,61.9,62.5,62.5,235,2,2832071,"QA"
"Qatar","QAT","","","NAT_TOTAL",2020-09-15,2,1,1,1,2,1,3,1,1,1,1,1,1,1,3,2,0,1,0,0,2,1,3,2,0,0,2,1,0,NA,1,1,NA,122214,208,64.81,64.81,76.19,76.19,61.98,61.98,61.9,61.9,62.5,62.5,239,1,2832071,"QA"
"Qatar","QAT","","","NAT_TOTAL",2020-09-16,2,1,1,1,2,1,3,1,1,1,1,1,1,1,3,2,0,1,0,0,2,1,3,2,0,0,2,1,0,NA,1,1,NA,122449,208,64.81,64.81,76.19,76.19,61.98,61.98,61.9,61.9,62.5,62.5,235,0,2832071,"QA"
"Qatar","QAT","","","NAT_TOTAL",2020-09-17,2,1,1,1,2,1,3,1,1,1,1,1,1,1,3,2,0,1,0,0,2,1,3,2,0,0,2,1,0,NA,1,1,NA,122693,208,64.81,64.81,76.19,76.19,61.98,61.98,61.9,61.9,62.5,62.5,244,0,2832071,"QA"
"Qatar","QAT","","","NAT_TOTAL",2020-09-18,2,1,1,1,2,1,3,1,1,1,1,1,1,1,3,2,0,1,0,0,2,1,3,2,0,0,2,1,0,NA,1,1,NA,122917,209,64.81,64.81,76.19,76.19,61.98,61.98,61.9,61.9,62.5,62.5,224,1,2832071,"QA"
"Qatar","QAT","","","NAT_TOTAL",2020-09-19,2,1,1,1,2,1,3,1,1,1,1,1,1,1,3,2,0,1,0,0,2,1,3,2,0,0,2,1,0,NA,1,1,NA,123146,209,64.81,64.81,76.19,76.19,61.98,61.98,61.9,61.9,62.5,62.5,229,0,2832071,"QA"
"Qatar","QAT","","","NAT_TOTAL",2020-09-20,2,1,1,1,2,1,3,1,1,1,1,1,1,1,3,2,0,1,0,0,2,1,3,2,0,0,2,1,0,NA,1,1,NA,123376,210,64.81,64.81,76.19,76.19,61.98,61.98,61.9,61.9,62.5,62.5,230,1,2832071,"QA"
"Qatar","QAT","","","NAT_TOTAL",2020-09-21,2,1,1,1,2,1,3,1,1,1,1,1,1,1,3,2,0,1,0,0,2,1,3,2,0,0,2,1,0,NA,1,1,NA,123604,211,64.81,64.81,76.19,76.19,61.98,61.98,61.9,61.9,62.5,62.5,228,1,2832071,"QA"
"Qatar","QAT","","","NAT_TOTAL",2020-09-22,2,1,1,1,2,1,3,1,1,1,1,1,1,1,3,2,0,1,0,0,2,1,3,2,0,0,2,1,0,NA,1,1,NA,123917,211,64.81,64.81,76.19,76.19,61.98,61.98,61.9,61.9,62.5,62.5,313,0,2832071,"QA"
"Qatar","QAT","","","NAT_TOTAL",2020-09-23,2,1,1,1,2,1,3,1,1,1,1,1,1,1,3,2,0,1,0,0,2,1,3,2,0,0,2,1,0,NA,1,1,NA,124175,212,64.81,64.81,76.19,76.19,61.98,61.98,61.9,61.9,62.5,62.5,258,1,2832071,"QA"
"Qatar","QAT","","","NAT_TOTAL",2020-09-24,2,1,1,1,2,1,3,1,1,1,1,1,1,1,3,2,0,1,0,0,2,1,3,2,0,0,2,1,0,NA,1,1,NA,124425,212,64.81,64.81,76.19,76.19,61.98,61.98,61.9,61.9,62.5,62.5,250,0,2832071,"QA"
"Qatar","QAT","","","NAT_TOTAL",2020-09-25,2,1,1,1,2,1,3,1,1,1,1,1,1,1,3,2,0,1,0,0,2,1,3,2,0,0,2,1,0,NA,1,1,NA,124650,212,64.81,64.81,76.19,76.19,61.98,61.98,61.9,61.9,62.5,62.5,225,0,2832071,"QA"
"Qatar","QAT","","","NAT_TOTAL",2020-09-26,2,1,1,1,2,1,3,1,1,1,1,1,1,1,3,2,0,1,0,0,2,1,3,2,0,0,2,1,0,NA,1,1,NA,124850,214,64.81,64.81,76.19,76.19,61.98,61.98,61.9,61.9,62.5,62.5,200,2,2832071,"QA"
"Qatar","QAT","","","NAT_TOTAL",2020-09-27,2,1,1,1,2,1,3,1,1,1,1,1,1,1,3,2,0,1,0,0,2,1,3,2,0,0,2,1,0,NA,1,1,NA,125084,214,64.81,64.81,76.19,76.19,61.98,61.98,61.9,61.9,62.5,62.5,234,0,2832071,"QA"
"Qatar","QAT","","","NAT_TOTAL",2020-09-28,2,1,1,1,2,1,3,1,1,1,1,1,1,1,3,2,0,1,0,0,2,1,3,2,0,0,2,1,0,NA,1,1,NA,125311,214,64.81,64.81,76.19,76.19,61.98,61.98,61.9,61.9,62.5,62.5,227,0,2832071,"QA"
"Qatar","QAT","","","NAT_TOTAL",2020-09-29,2,1,1,1,2,1,3,1,1,1,1,1,1,1,3,2,0,1,0,0,2,1,3,2,0,0,2,1,0,NA,1,1,NA,125533,214,64.81,64.81,76.19,76.19,61.98,61.98,61.9,61.9,62.5,62.5,222,0,2832071,"QA"
"Qatar","QAT","","","NAT_TOTAL",2020-09-30,2,1,1,1,2,1,3,1,1,1,1,1,1,1,3,2,0,1,0,0,2,1,3,2,0,0,2,1,0,NA,1,1,NA,125760,214,64.81,64.81,76.19,76.19,61.98,61.98,61.9,61.9,62.5,62.5,227,0,2832071,"QA"
"Qatar","QAT","","","NAT_TOTAL",2020-10-01,2,1,1,1,2,1,3,1,1,1,1,1,1,1,3,2,0,1,0,0,2,1,3,2,0,0,2,1,0,NA,1,1,NA,125959,214,64.81,64.81,76.19,76.19,61.98,61.98,61.9,61.9,62.5,62.5,199,0,2832071,"QA"
"Qatar","QAT","","","NAT_TOTAL",2020-10-02,2,1,1,1,2,1,3,1,1,1,1,1,1,1,3,2,0,1,0,0,2,1,3,2,0,0,2,1,0,NA,1,1,NA,126164,215,64.81,64.81,76.19,76.19,61.98,61.98,61.9,61.9,62.5,62.5,205,1,2832071,"QA"
"Qatar","QAT","","","NAT_TOTAL",2020-10-03,2,1,1,1,2,1,3,1,1,1,1,1,1,1,3,2,0,1,0,0,2,1,3,2,0,0,2,1,0,NA,1,1,NA,126339,216,64.81,64.81,76.19,76.19,61.98,61.98,61.9,61.9,62.5,62.5,175,1,2832071,"QA"
"Qatar","QAT","","","NAT_TOTAL",2020-10-04,2,1,1,1,2,1,3,1,1,1,1,1,1,1,3,2,0,1,0,0,2,1,3,2,0,0,2,1,0,NA,1,1,NA,126498,216,64.81,64.81,76.19,76.19,61.98,61.98,61.9,61.9,62.5,62.5,159,0,2832071,"QA"
"Qatar","QAT","","","NAT_TOTAL",2020-10-05,2,1,1,1,2,1,3,1,1,1,1,1,1,1,3,2,0,1,0,0,2,1,3,2,0,0,2,1,0,NA,1,1,NA,126692,216,64.81,64.81,76.19,76.19,61.98,61.98,61.9,61.9,62.5,62.5,194,0,2832071,"QA"
"Qatar","QAT","","","NAT_TOTAL",2020-10-06,2,1,1,1,2,1,3,1,1,1,1,1,1,1,3,2,0,1,0,0,2,1,3,2,0,0,2,1,0,NA,1,1,NA,126943,216,64.81,64.81,76.19,76.19,61.98,61.98,61.9,61.9,62.5,62.5,251,0,2832071,"QA"
"Qatar","QAT","","","NAT_TOTAL",2020-10-07,2,1,1,1,2,1,3,1,1,1,1,1,1,1,3,2,0,1,0,0,2,1,3,2,0,0,2,1,0,NA,1,1,NA,127181,218,64.81,64.81,76.19,76.19,61.98,61.98,61.9,61.9,62.5,62.5,238,2,2832071,"QA"
"Qatar","QAT","","","NAT_TOTAL",2020-10-08,2,1,1,1,2,1,3,1,1,1,1,1,1,1,3,2,0,1,0,0,2,1,3,2,0,0,2,1,0,NA,1,1,NA,127394,218,64.81,64.81,76.19,76.19,61.98,61.98,61.9,61.9,62.5,62.5,213,0,2832071,"QA"
"Qatar","QAT","","","NAT_TOTAL",2020-10-09,2,1,1,1,2,1,3,1,1,1,1,1,1,1,3,2,0,1,0,0,2,1,3,2,0,0,2,1,0,NA,1,1,NA,127600,219,64.81,64.81,76.19,76.19,61.98,61.98,61.9,61.9,62.5,62.5,206,1,2832071,"QA"
"Qatar","QAT","","","NAT_TOTAL",2020-10-10,2,1,1,1,2,1,3,1,1,1,1,1,1,1,3,2,0,1,0,0,2,1,3,2,0,0,2,1,0,NA,1,1,NA,127778,219,64.81,64.81,76.19,76.19,61.98,61.98,61.9,61.9,62.5,62.5,178,0,2832071,"QA"
"Qatar","QAT","","","NAT_TOTAL",2020-10-11,2,1,1,1,2,1,3,1,1,1,1,1,1,1,3,2,0,1,0,0,2,1,3,2,0,0,2,1,0,NA,1,1,NA,127985,220,64.81,64.81,76.19,76.19,61.98,61.98,61.9,61.9,62.5,62.5,207,1,2832071,"QA"
"Qatar","QAT","","","NAT_TOTAL",2020-10-12,2,1,1,1,2,1,3,1,1,1,1,1,1,1,3,2,0,1,0,0,2,1,3,2,0,0,2,1,0,NA,1,1,NA,128191,220,64.81,64.81,76.19,76.19,61.98,61.98,61.9,61.9,62.5,62.5,206,0,2832071,"QA"
"Qatar","QAT","","","NAT_TOTAL",2020-10-13,2,1,1,1,2,1,3,1,1,1,1,1,1,1,3,2,0,1,0,0,2,1,3,2,0,0,2,1,0,NA,1,1,NA,128405,220,64.81,64.81,76.19,76.19,61.98,61.98,61.9,61.9,62.5,62.5,214,0,2832071,"QA"
"Qatar","QAT","","","NAT_TOTAL",2020-10-14,2,1,1,1,2,1,3,1,1,1,1,1,1,1,3,2,0,1,0,0,2,1,3,2,0,0,2,1,0,NA,1,1,NA,128603,220,64.81,64.81,76.19,76.19,61.98,61.98,61.9,61.9,62.5,62.5,198,0,2832071,"QA"
"Qatar","QAT","","","NAT_TOTAL",2020-10-15,2,1,1,1,2,1,3,1,1,1,1,1,1,1,3,2,0,1,0,0,2,1,3,2,0,0,2,1,0,NA,1,1,NA,128803,222,64.81,64.81,76.19,76.19,61.98,61.98,61.9,61.9,62.5,62.5,200,2,2832071,"QA"
"Qatar","QAT","","","NAT_TOTAL",2020-10-16,2,1,1,1,2,1,3,1,1,1,1,1,1,1,3,2,0,1,0,0,2,1,3,2,0,0,2,1,0,NA,1,1,NA,128992,222,64.81,64.81,76.19,76.19,61.98,61.98,61.9,61.9,62.5,62.5,189,0,2832071,"QA"
"Qatar","QAT","","","NAT_TOTAL",2020-10-17,2,1,1,1,2,1,3,1,1,1,1,1,1,1,3,2,0,1,0,0,2,1,3,2,0,0,2,1,0,NA,1,1,NA,129227,223,64.81,64.81,76.19,76.19,61.98,61.98,61.9,61.9,62.5,62.5,235,1,2832071,"QA"
"Qatar","QAT","","","NAT_TOTAL",2020-10-18,2,1,1,1,2,1,3,1,1,1,1,1,1,1,3,2,0,1,0,0,2,1,3,2,0,0,2,1,0,NA,1,1,NA,129431,224,64.81,64.81,76.19,76.19,61.98,61.98,61.9,61.9,62.5,62.5,204,1,2832071,"QA"
"Qatar","QAT","","","NAT_TOTAL",2020-10-19,2,1,1,1,2,1,3,1,1,1,1,1,1,1,3,2,0,1,0,0,2,1,3,2,0,0,2,1,0,NA,1,1,NA,129671,224,64.81,64.81,76.19,76.19,61.98,61.98,61.9,61.9,62.5,62.5,240,0,2832071,"QA"
"Qatar","QAT","","","NAT_TOTAL",2020-10-20,2,1,1,1,2,1,3,1,1,1,1,1,1,1,3,2,0,1,0,0,2,1,3,2,0,0,2,1,0,NA,1,1,NA,129944,224,64.81,64.81,76.19,76.19,61.98,61.98,61.9,61.9,62.5,62.5,273,0,2832071,"QA"
"Qatar","QAT","","","NAT_TOTAL",2020-10-21,2,1,1,1,2,1,3,1,1,1,1,1,1,1,3,2,0,1,0,0,2,1,3,2,0,0,2,1,0,NA,1,1,NA,130210,225,64.81,64.81,76.19,76.19,61.98,61.98,61.9,61.9,62.5,62.5,266,1,2832071,"QA"
"Qatar","QAT","","","NAT_TOTAL",2020-10-22,2,1,1,1,2,1,3,1,1,1,1,1,1,1,3,2,0,1,0,0,2,1,3,2,0,0,2,1,0,NA,1,1,NA,130462,228,64.81,64.81,76.19,76.19,61.98,61.98,61.9,61.9,62.5,62.5,252,3,2832071,"QA"
"Qatar","QAT","","","NAT_TOTAL",2020-10-23,2,1,1,1,2,1,3,1,1,1,1,1,1,1,3,2,0,1,0,0,2,1,3,2,0,0,2,1,0,NA,1,1,NA,130711,229,64.81,64.81,76.19,76.19,61.98,61.98,61.9,61.9,62.5,62.5,249,1,2832071,"QA"
"Qatar","QAT","","","NAT_TOTAL",2020-10-24,2,1,1,1,2,1,3,1,1,1,1,1,1,1,3,2,0,1,0,0,2,1,3,2,0,0,2,1,0,NA,1,1,NA,130965,229,64.81,64.81,76.19,76.19,61.98,61.98,61.9,61.9,62.5,62.5,254,0,2832071,"QA"
"Qatar","QAT","","","NAT_TOTAL",2020-10-25,2,1,1,1,2,1,3,1,1,1,1,1,1,1,3,2,0,1,0,0,2,1,3,2,0,0,2,1,0,NA,1,1,NA,131170,230,64.81,64.81,76.19,76.19,61.98,61.98,61.9,61.9,62.5,62.5,205,1,2832071,"QA"
"Qatar","QAT","","","NAT_TOTAL",2020-10-26,2,1,1,1,2,1,3,1,1,1,1,1,1,1,3,2,0,1,0,0,2,1,3,2,0,0,2,1,0,NA,1,1,NA,131432,230,64.81,64.81,76.19,76.19,61.98,61.98,61.9,61.9,62.5,62.5,262,0,2832071,"QA"
"Qatar","QAT","","","NAT_TOTAL",2020-10-27,2,1,1,1,2,1,3,1,1,1,1,1,1,1,3,2,0,1,0,0,2,1,3,2,0,0,2,1,0,NA,1,1,NA,131689,230,64.81,64.81,76.19,76.19,61.98,61.98,61.9,61.9,62.5,62.5,257,0,2832071,"QA"
"Qatar","QAT","","","NAT_TOTAL",2020-10-28,2,1,1,1,2,1,3,1,1,1,1,1,1,1,3,2,0,1,0,0,2,1,3,2,0,0,2,1,0,NA,1,1,NA,131939,230,64.81,64.81,76.19,76.19,61.98,61.98,61.9,61.9,62.5,62.5,250,0,2832071,"QA"
"Qatar","QAT","","","NAT_TOTAL",2020-10-29,2,1,1,1,2,1,3,1,1,1,1,1,1,1,3,2,0,1,0,0,2,1,3,2,0,0,2,1,0,NA,1,1,NA,132150,231,64.81,64.81,76.19,76.19,61.98,61.98,61.9,61.9,62.5,62.5,211,1,2832071,"QA"
"Qatar","QAT","","","NAT_TOTAL",2020-10-30,2,1,1,1,2,1,3,1,1,1,1,1,1,1,3,2,0,1,0,0,2,1,3,2,0,0,2,1,0,NA,1,1,NA,132343,232,64.81,64.81,76.19,76.19,61.98,61.98,61.9,61.9,62.5,62.5,193,1,2832071,"QA"
"Qatar","QAT","","","NAT_TOTAL",2020-10-31,2,1,1,1,2,1,3,1,1,1,1,1,1,1,3,2,0,1,0,0,2,1,3,2,0,0,2,1,0,NA,1,1,NA,132556,232,64.81,64.81,76.19,76.19,61.98,61.98,61.9,61.9,62.5,62.5,213,0,2832071,"QA"
"Qatar","QAT","","","NAT_TOTAL",2020-11-01,2,1,1,1,2,1,3,1,1,1,1,1,1,1,3,2,0,1,0,0,2,1,3,2,0,0,2,1,0,NA,1,1,NA,132720,232,64.81,64.81,76.19,76.19,61.98,61.98,61.9,61.9,62.5,62.5,164,0,2832071,"QA"
"Qatar","QAT","","","NAT_TOTAL",2020-11-02,2,1,1,1,2,1,3,1,1,1,1,1,1,1,3,2,0,1,0,0,2,1,3,2,0,0,2,1,0,NA,1,1,NA,132917,232,64.81,64.81,76.19,76.19,61.98,61.98,61.9,61.9,62.5,62.5,197,0,2832071,"QA"
"Qatar","QAT","","","NAT_TOTAL",2020-11-03,2,1,1,1,2,1,3,1,1,1,1,1,1,1,3,2,0,1,0,0,2,1,3,2,0,0,2,1,0,NA,1,1,NA,133143,232,64.81,64.81,76.19,76.19,61.98,61.98,61.9,61.9,62.5,62.5,226,0,2832071,"QA"
"Qatar","QAT","","","NAT_TOTAL",2020-11-04,2,1,1,1,2,1,3,1,1,1,1,1,1,1,3,2,0,1,0,0,2,1,3,2,0,0,2,1,0,NA,1,1,NA,133370,232,64.81,64.81,76.19,76.19,61.98,61.98,61.9,61.9,62.5,62.5,227,0,2832071,"QA"
"Qatar","QAT","","","NAT_TOTAL",2020-11-05,2,1,1,1,2,1,3,1,1,1,1,1,1,1,3,2,0,1,0,0,2,1,3,2,0,0,2,1,0,NA,1,1,NA,133619,232,64.81,64.81,76.19,76.19,61.98,61.98,61.9,61.9,62.5,62.5,249,0,2832071,"QA"
"Qatar","QAT","","","NAT_TOTAL",2020-11-06,2,1,1,1,2,1,3,1,1,1,1,1,1,1,3,2,0,1,0,0,2,1,3,2,0,0,2,1,0,NA,1,1,NA,133811,232,64.81,64.81,76.19,76.19,61.98,61.98,61.9,61.9,62.5,62.5,192,0,2832071,"QA"
"Qatar","QAT","","","NAT_TOTAL",2020-11-07,2,1,1,1,2,1,3,1,1,1,1,1,1,1,3,2,0,1,0,0,2,1,3,2,0,0,2,1,0,NA,1,1,NA,134013,232,64.81,64.81,76.19,76.19,61.98,61.98,61.9,61.9,62.5,62.5,202,0,2832071,"QA"
"Qatar","QAT","","","NAT_TOTAL",2020-11-08,2,1,1,1,2,1,3,1,1,1,1,1,1,1,3,2,0,1,0,0,2,1,3,2,0,0,2,1,0,NA,1,1,NA,134203,232,64.81,64.81,76.19,76.19,61.98,61.98,61.9,61.9,62.5,62.5,190,0,2832071,"QA"
"Qatar","QAT","","","NAT_TOTAL",2020-11-09,2,1,1,1,2,1,3,1,1,1,1,1,1,1,3,2,0,1,0,0,2,1,3,2,0,0,2,1,0,NA,1,1,NA,134433,232,64.81,64.81,76.19,76.19,61.98,61.98,61.9,61.9,62.5,62.5,230,0,2832071,"QA"
"Qatar","QAT","","","NAT_TOTAL",2020-11-10,2,1,1,1,2,1,3,1,1,1,1,1,1,1,3,2,0,1,0,0,2,1,3,2,0,0,2,1,0,NA,1,1,NA,134663,233,64.81,64.81,76.19,76.19,61.98,61.98,61.9,61.9,62.5,62.5,230,1,2832071,"QA"
"Qatar","QAT","","","NAT_TOTAL",2020-11-11,2,1,1,1,2,1,3,1,1,1,1,1,1,1,3,2,0,1,0,0,2,1,3,2,0,0,2,1,0,NA,1,1,NA,134887,233,64.81,64.81,76.19,76.19,61.98,61.98,61.9,61.9,62.5,62.5,224,0,2832071,"QA"
"Qatar","QAT","","","NAT_TOTAL",2020-11-12,2,1,1,1,2,1,3,1,1,1,1,1,1,1,3,2,0,1,0,0,2,1,3,2,0,0,2,1,0,NA,1,1,NA,135132,234,64.81,64.81,76.19,76.19,61.98,61.98,61.9,61.9,62.5,62.5,245,1,2832071,"QA"
"Qatar","QAT","","","NAT_TOTAL",2020-11-13,2,1,1,1,2,1,3,1,1,1,1,1,1,1,3,2,0,1,0,0,2,1,3,2,0,0,2,1,0,NA,1,1,NA,135367,234,64.81,64.81,76.19,76.19,61.98,61.98,61.9,61.9,62.5,62.5,235,0,2832071,"QA"
"Qatar","QAT","","","NAT_TOTAL",2020-11-14,2,1,1,1,2,1,3,1,1,1,1,1,1,1,3,2,0,1,0,0,2,1,3,2,0,0,2,1,0,NA,1,1,NA,135570,234,64.81,64.81,76.19,76.19,61.98,61.98,61.9,61.9,62.5,62.5,203,0,2832071,"QA"
"Qatar","QAT","","","NAT_TOTAL",2020-11-15,2,1,1,1,2,1,3,1,1,1,1,1,1,1,3,2,0,1,0,0,2,1,3,2,0,0,2,1,0,NA,1,1,NA,135785,234,64.81,64.81,76.19,76.19,61.98,61.98,61.9,61.9,62.5,62.5,215,0,2832071,"QA"
"Qatar","QAT","","","NAT_TOTAL",2020-11-16,2,1,1,1,2,1,3,1,1,1,1,1,1,1,3,2,0,1,0,0,2,1,3,2,0,0,2,1,0,NA,1,1,NA,136028,235,64.81,64.81,76.19,76.19,61.98,61.98,61.9,61.9,62.5,62.5,243,1,2832071,"QA"
"Qatar","QAT","","","NAT_TOTAL",2020-11-17,2,1,1,1,2,1,3,1,1,1,1,1,1,1,3,2,0,1,0,0,2,1,3,2,0,0,2,1,0,NA,1,1,NA,136222,235,64.81,64.81,76.19,76.19,61.98,61.98,61.9,61.9,62.5,62.5,194,0,2832071,"QA"
"Qatar","QAT","","","NAT_TOTAL",2020-11-18,2,1,1,1,2,1,3,1,1,1,1,1,1,1,3,2,0,1,0,0,2,1,3,2,0,0,2,1,0,NA,1,1,NA,136441,235,64.81,64.81,76.19,76.19,61.98,61.98,61.9,61.9,62.5,62.5,219,0,2832071,"QA"
"Qatar","QAT","","","NAT_TOTAL",2020-11-19,2,1,1,1,2,1,3,1,1,1,1,1,1,1,3,2,0,1,0,0,2,1,3,2,0,0,2,1,0,NA,1,1,NA,136649,235,64.81,64.81,76.19,76.19,61.98,61.98,61.9,61.9,62.5,62.5,208,0,2832071,"QA"
"Qatar","QAT","","","NAT_TOTAL",2020-11-20,2,1,1,1,2,1,3,1,1,1,1,1,1,1,3,2,0,1,0,0,2,1,3,2,0,0,2,1,0,NA,1,1,NA,136888,235,64.81,64.81,76.19,76.19,61.98,61.98,61.9,61.9,62.5,62.5,239,0,2832071,"QA"
"Qatar","QAT","","","NAT_TOTAL",2020-11-21,2,1,1,1,2,1,3,1,1,1,1,1,1,1,3,2,0,1,0,0,2,1,3,2,0,0,2,1,0,NA,1,1,NA,137062,235,64.81,64.81,76.19,76.19,61.98,61.98,61.9,61.9,62.5,62.5,174,0,2832071,"QA"
"Qatar","QAT","","","NAT_TOTAL",2020-11-22,2,1,1,1,2,1,3,1,1,1,1,1,1,1,3,2,0,1,0,0,2,1,3,2,0,0,2,1,0,NA,1,1,NA,137229,236,64.81,64.81,76.19,76.19,61.98,61.98,61.9,61.9,62.5,62.5,167,1,2832071,"QA"
"Qatar","QAT","","","NAT_TOTAL",2020-11-23,2,1,1,1,2,1,3,1,1,1,1,1,1,1,3,2,0,1,0,0,2,1,3,2,0,0,2,1,0,NA,1,1,NA,137415,236,64.81,64.81,76.19,76.19,61.98,61.98,61.9,61.9,62.5,62.5,186,0,2832071,"QA"
"Qatar","QAT","","","NAT_TOTAL",2020-11-24,2,1,1,1,2,1,3,1,1,1,1,1,1,1,3,2,0,1,0,0,2,1,3,2,0,0,2,1,0,NA,1,1,NA,137642,236,64.81,64.81,76.19,76.19,61.98,61.98,61.9,61.9,62.5,62.5,227,0,2832071,"QA"
"Qatar","QAT","","","NAT_TOTAL",2020-11-25,2,1,1,1,2,1,3,1,1,1,1,1,1,1,3,2,0,1,0,0,2,1,3,2,0,0,2,1,0,NA,1,1,NA,137851,237,64.81,64.81,76.19,76.19,61.98,61.98,61.9,61.9,62.5,62.5,209,1,2832071,"QA"
"Qatar","QAT","","","NAT_TOTAL",2020-11-26,2,1,1,1,2,1,3,1,1,1,1,1,1,1,3,2,0,1,0,0,2,1,3,2,0,0,2,1,0,NA,1,1,NA,138066,237,64.81,64.81,76.19,76.19,61.98,61.98,61.9,61.9,62.5,62.5,215,0,2832071,"QA"
"Qatar","QAT","","","NAT_TOTAL",2020-11-27,2,1,1,1,2,1,3,1,1,1,1,1,1,1,3,2,0,1,0,0,2,1,3,2,0,0,2,1,0,NA,1,1,NA,138250,237,64.81,64.81,76.19,76.19,61.98,61.98,61.9,61.9,62.5,62.5,184,0,2832071,"QA"
"Qatar","QAT","","","NAT_TOTAL",2020-11-28,2,1,1,1,2,1,3,1,1,1,1,1,1,1,3,2,0,1,0,0,2,1,3,2,0,0,2,1,0,NA,1,1,NA,138477,237,64.81,64.81,76.19,76.19,61.98,61.98,61.9,61.9,62.5,62.5,227,0,2832071,"QA"
"Qatar","QAT","","","NAT_TOTAL",2020-11-29,2,1,1,1,2,1,3,1,1,1,1,1,1,1,3,2,0,1,0,0,2,1,3,2,0,0,2,1,0,NA,1,1,NA,138648,237,64.81,64.81,76.19,76.19,61.98,61.98,61.9,61.9,62.5,62.5,171,0,2832071,"QA"
"Qatar","QAT","","","NAT_TOTAL",2020-11-30,2,1,1,1,2,1,3,1,1,1,1,1,1,1,3,2,0,1,0,0,2,1,3,2,0,0,2,1,0,NA,1,1,NA,138833,237,64.81,64.81,76.19,76.19,61.98,61.98,61.9,61.9,62.5,62.5,185,0,2832071,"QA"
"Qatar","QAT","","","NAT_TOTAL",2020-12-01,2,1,1,1,2,1,3,1,1,1,1,1,1,1,3,2,0,1,0,0,2,1,3,2,0,0,2,1,0,NA,1,1,NA,139001,238,64.81,64.81,76.19,76.19,61.98,61.98,61.9,61.9,62.5,62.5,168,1,2832071,"QA"
"Qatar","QAT","","","NAT_TOTAL",2020-12-02,2,1,1,1,2,1,3,1,1,1,1,1,1,1,3,2,0,1,0,0,2,1,3,2,0,0,2,1,0,NA,1,1,NA,139256,239,64.81,64.81,76.19,76.19,61.98,61.98,61.9,61.9,62.5,62.5,255,1,2832071,"QA"
"Qatar","QAT","","","NAT_TOTAL",2020-12-03,2,1,1,1,2,1,3,1,1,1,1,1,1,1,3,2,0,1,0,0,2,1,3,2,0,0,2,1,0,NA,1,1,NA,139477,239,64.81,64.81,76.19,76.19,61.98,61.98,61.9,61.9,62.5,62.5,221,0,2832071,"QA"
"Qatar","QAT","","","NAT_TOTAL",2020-12-04,2,1,1,1,2,1,3,1,1,1,1,1,1,1,3,2,0,1,0,0,2,1,3,2,0,0,2,1,0,NA,1,1,NA,139643,239,64.81,64.81,76.19,76.19,61.98,61.98,61.9,61.9,62.5,62.5,166,0,2832071,"QA"
"Qatar","QAT","","","NAT_TOTAL",2020-12-05,2,1,1,1,2,1,3,1,1,1,1,1,1,1,3,2,0,1,0,0,2,1,3,2,0,0,2,1,0,NA,1,1,NA,139783,239,64.81,64.81,76.19,76.19,61.98,61.98,61.9,61.9,62.5,62.5,140,0,2832071,"QA"
"Qatar","QAT","","","NAT_TOTAL",2020-12-06,2,1,1,1,2,1,3,1,1,1,1,1,1,1,3,2,0,1,0,0,2,1,3,2,0,0,2,1,0,NA,1,1,NA,139908,239,64.81,64.81,76.19,76.19,61.98,61.98,61.9,61.9,62.5,62.5,125,0,2832071,"QA"
"Qatar","QAT","","","NAT_TOTAL",2020-12-07,2,1,1,1,2,1,3,1,1,1,1,1,1,1,3,2,0,1,0,0,2,1,3,2,0,0,2,1,0,NA,1,1,NA,140086,239,64.81,64.81,76.19,76.19,61.98,61.98,61.9,61.9,62.5,62.5,178,0,2832071,"QA"
"Qatar","QAT","","","NAT_TOTAL",2020-12-08,2,1,1,1,2,1,3,1,1,1,1,1,1,1,3,2,0,1,0,0,2,1,3,2,0,0,2,1,0,NA,1,1,NA,140203,239,64.81,64.81,76.19,76.19,61.98,61.98,61.9,61.9,62.5,62.5,117,0,2832071,"QA"
"Qatar","QAT","","","NAT_TOTAL",2020-12-09,2,1,1,1,2,1,3,1,1,1,1,1,1,1,3,2,0,1,0,0,2,1,3,2,0,0,2,1,0,NA,1,1,NA,140353,240,64.81,64.81,76.19,76.19,61.98,61.98,61.9,61.9,62.5,62.5,150,1,2832071,"QA"
"Qatar","QAT","","","NAT_TOTAL",2020-12-10,2,1,1,1,2,1,3,1,1,1,1,1,1,1,3,2,0,1,0,0,2,1,3,2,0,0,2,1,0,NA,1,1,NA,140516,240,64.81,64.81,76.19,76.19,61.98,61.98,61.9,61.9,62.5,62.5,163,0,2832071,"QA"
"Qatar","QAT","","","NAT_TOTAL",2020-12-11,2,1,1,1,2,1,3,1,1,1,1,1,1,1,3,2,0,1,0,0,2,1,3,2,0,0,2,1,0,NA,1,1,NA,140680,240,64.81,64.81,76.19,76.19,61.98,61.98,61.9,61.9,62.5,62.5,164,0,2832071,"QA"
"Qatar","QAT","","","NAT_TOTAL",2020-12-12,2,1,1,1,2,1,3,1,1,1,1,1,1,1,3,2,0,1,0,0,2,1,3,2,0,0,2,1,0,NA,1,1,NA,140827,240,64.81,64.81,76.19,76.19,61.98,61.98,61.9,61.9,62.5,62.5,147,0,2832071,"QA"
"Qatar","QAT","","","NAT_TOTAL",2020-12-13,2,1,1,1,2,1,3,1,1,1,1,1,1,1,3,2,0,1,0,0,2,1,3,2,0,0,2,1,0,NA,1,1,NA,140961,240,64.81,64.81,76.19,76.19,61.98,61.98,61.9,61.9,62.5,62.5,134,0,2832071,"QA"
"Qatar","QAT","","","NAT_TOTAL",2020-12-14,2,1,1,1,2,1,3,1,1,1,1,1,1,1,3,2,0,1,0,0,2,1,3,2,0,0,2,1,0,NA,1,1,NA,141121,241,64.81,64.81,76.19,76.19,61.98,61.98,61.9,61.9,62.5,62.5,160,1,2832071,"QA"
"Qatar","QAT","","","NAT_TOTAL",2020-12-15,2,1,1,1,2,1,3,1,1,1,1,1,1,1,3,2,0,1,0,0,2,1,3,2,0,0,2,1,0,NA,1,1,NA,141272,241,64.81,64.81,76.19,76.19,61.98,61.98,61.9,61.9,62.5,62.5,151,0,2832071,"QA"
"Qatar","QAT","","","NAT_TOTAL",2020-12-16,2,1,1,1,2,1,3,1,1,1,1,1,1,1,3,2,0,1,0,0,2,1,3,2,0,0,2,1,0,NA,1,1,NA,141417,242,64.81,64.81,76.19,76.19,61.98,61.98,61.9,61.9,62.5,62.5,145,1,2832071,"QA"
"Qatar","QAT","","","NAT_TOTAL",2020-12-17,2,1,1,1,2,1,3,1,1,1,1,1,1,1,3,2,0,1,0,0,2,1,3,2,0,0,2,1,0,NA,1,1,NA,141557,242,64.81,64.81,76.19,76.19,61.98,61.98,61.9,61.9,62.5,62.5,140,0,2832071,"QA"
"Qatar","QAT","","","NAT_TOTAL",2020-12-18,2,1,1,1,2,1,3,1,1,1,1,1,1,1,3,2,0,1,0,0,2,1,3,2,0,0,2,1,0,NA,1,1,NA,141716,242,64.81,64.81,76.19,76.19,61.98,61.98,61.9,61.9,62.5,62.5,159,0,2832071,"QA"
"Qatar","QAT","","","NAT_TOTAL",2020-12-19,2,1,1,1,2,1,3,1,1,1,1,1,1,1,3,2,0,1,0,0,2,1,3,2,0,0,2,1,0,NA,1,1,NA,141858,243,64.81,64.81,76.19,76.19,61.98,61.98,61.9,61.9,62.5,62.5,142,1,2832071,"QA"
"Qatar","QAT","","","NAT_TOTAL",2020-12-20,2,1,1,1,2,1,3,1,1,1,1,1,1,1,3,2,0,1,0,0,2,1,3,2,0,0,2,1,0,NA,1,1,NA,142001,243,64.81,64.81,76.19,76.19,61.98,61.98,61.9,61.9,62.5,62.5,143,0,2832071,"QA"
"Qatar","QAT","","","NAT_TOTAL",2020-12-21,2,1,1,1,2,1,3,1,1,1,1,1,1,1,3,2,0,1,0,0,2,1,3,2,0,0,2,1,0,NA,1,1,NA,142159,243,64.81,64.81,76.19,76.19,61.98,61.98,61.9,61.9,62.5,62.5,158,0,2832071,"QA"
"Qatar","QAT","","","NAT_TOTAL",2020-12-22,2,1,1,1,2,1,3,1,1,1,1,1,0,NA,2,2,0,1,0,0,2,1,3,2,0,0,2,1,0,NA,1,1,NA,142308,243,56.48,56.48,70.24,70.24,57.29,57.29,56.55,56.55,62.5,62.5,149,0,2832071,"QA"
"Qatar","QAT","","","NAT_TOTAL",2020-12-23,2,1,1,1,2,1,3,1,1,1,1,1,0,NA,2,2,0,1,0,0,2,1,3,2,0,0,2,1,3,1,1,1,NA,142448,243,56.48,56.48,70.24,70.24,61.04,61.04,60.83,60.83,62.5,62.5,140,0,2832071,"QA"
"Qatar","QAT","","","NAT_TOTAL",2020-12-24,2,1,1,1,2,1,3,1,1,1,1,1,0,NA,2,2,0,1,0,0,2,1,3,2,0,0,2,1,3,1,1,1,NA,142605,243,56.48,56.48,70.24,70.24,61.04,61.04,60.83,60.83,62.5,62.5,157,0,2832071,"QA"
"Qatar","QAT","","","NAT_TOTAL",2020-12-25,2,1,1,1,2,1,3,1,1,1,1,1,0,NA,2,2,0,1,0,0,2,1,3,2,0,0,2,1,3,1,1,1,NA,142734,244,56.48,56.48,70.24,70.24,61.04,61.04,60.83,60.83,62.5,62.5,129,1,2832071,"QA"
"Qatar","QAT","","","NAT_TOTAL",2020-12-26,2,1,1,1,2,1,3,1,1,1,1,1,0,NA,2,2,0,1,0,0,2,1,3,2,0,0,2,1,3,1,1,1,NA,142903,244,56.48,56.48,70.24,70.24,61.04,61.04,60.83,60.83,62.5,62.5,169,0,2832071,"QA"
"Qatar","QAT","","","NAT_TOTAL",2020-12-27,2,1,1,1,2,1,3,1,1,1,1,1,0,NA,2,2,0,1,0,0,2,1,3,2,0,0,2,1,3,1,1,1,NA,143062,244,56.48,56.48,70.24,70.24,61.04,61.04,60.83,60.83,62.5,62.5,159,0,2832071,"QA"
"Qatar","QAT","","","NAT_TOTAL",2020-12-28,2,1,1,1,2,1,3,1,1,1,1,1,0,NA,2,2,0,1,0,0,2,1,3,2,0,0,2,1,3,1,1,1,NA,143222,244,56.48,56.48,70.24,70.24,61.04,61.04,60.83,60.83,62.5,62.5,160,0,2832071,"QA"
"Qatar","QAT","","","NAT_TOTAL",2020-12-29,2,1,1,1,2,1,3,1,1,1,1,1,0,NA,2,2,0,1,0,0,2,1,3,2,0,0,2,1,3,1,1,1,NA,143428,245,56.48,56.48,70.24,70.24,61.04,61.04,60.83,60.83,62.5,62.5,206,1,2832071,"QA"
"Qatar","QAT","","","NAT_TOTAL",2020-12-30,2,1,1,1,2,1,3,1,1,1,1,1,0,NA,2,2,0,1,0,0,2,1,3,2,0,0,2,1,3,1,1,1,NA,143621,245,56.48,56.48,70.24,70.24,61.04,61.04,60.83,60.83,62.5,62.5,193,0,2832071,"QA"
"Qatar","QAT","","","NAT_TOTAL",2020-12-31,2,1,1,1,2,1,3,1,1,1,1,1,0,NA,2,2,0,1,0,0,2,1,3,2,0,0,2,1,3,1,1,1,NA,143834,245,56.48,56.48,70.24,70.24,61.04,61.04,60.83,60.83,62.5,62.5,213,0,2832071,"QA"
"Qatar","QAT","","","NAT_TOTAL",2021-01-01,2,1,1,1,2,1,3,1,1,1,1,1,0,NA,2,2,0,1,0,0,2,1,3,2,0,0,2,1,3,1,1,1,NA,144042,245,56.48,56.48,70.24,70.24,61.04,61.04,60.83,60.83,62.5,62.5,208,0,2832071,"QA"
"Qatar","QAT","","","NAT_TOTAL",2021-01-02,2,1,1,1,2,1,3,1,1,1,1,1,0,NA,2,2,0,1,0,0,2,1,3,2,0,0,2,1,3,1,1,1,NA,144240,245,56.48,56.48,70.24,70.24,61.04,61.04,60.83,60.83,62.5,62.5,198,0,2832071,"QA"
"Qatar","QAT","","","NAT_TOTAL",2021-01-03,2,1,1,1,2,1,3,1,1,1,1,1,0,NA,2,2,0,1,0,0,2,1,3,2,0,0,2,1,3,1,1,1,NA,144437,245,56.48,56.48,70.24,70.24,61.04,61.04,60.83,60.83,62.5,62.5,197,0,2832071,"QA"
"Qatar","QAT","","","NAT_TOTAL",2021-01-04,2,1,1,1,2,1,3,1,1,1,1,1,0,NA,2,2,0,1,0,0,2,1,3,2,0,0,2,1,3,1,1,1,NA,144644,245,56.48,56.48,70.24,70.24,61.04,61.04,60.83,60.83,62.5,62.5,207,0,2832071,"QA"
"Qatar","QAT","","","NAT_TOTAL",2021-01-05,2,1,1,1,2,1,3,1,1,1,1,1,0,NA,2,2,0,1,0,0,2,1,3,2,0,0,2,1,3,1,1,1,NA,144852,245,56.48,56.48,70.24,70.24,61.04,61.04,60.83,60.83,62.5,62.5,208,0,2832071,"QA"
"Qatar","QAT","","","NAT_TOTAL",2021-01-06,2,1,1,1,2,1,3,1,1,1,1,1,0,NA,2,2,0,1,0,0,2,1,3,2,0,0,2,1,3,1,1,1,NA,145061,245,56.48,56.48,70.24,70.24,61.04,61.04,60.83,60.83,62.5,62.5,209,0,2832071,"QA"
"Qatar","QAT","","","NAT_TOTAL",2021-01-07,2,1,1,1,2,1,3,1,1,1,1,1,0,NA,2,2,0,1,0,0,2,1,3,2,0,0,2,1,3,1,1,1,NA,145271,245,56.48,56.48,70.24,70.24,61.04,61.04,60.83,60.83,62.5,62.5,210,0,2832071,"QA"
"Qatar","QAT","","","NAT_TOTAL",2021-01-08,2,1,1,1,2,1,3,1,1,1,1,1,0,NA,2,2,0,1,0,0,2,1,3,2,0,0,2,1,3,1,1,1,NA,145466,246,56.48,56.48,70.24,70.24,61.04,61.04,60.83,60.83,62.5,62.5,195,1,2832071,"QA"
"Qatar","QAT","","","NAT_TOTAL",2021-01-09,2,1,1,1,2,1,3,1,1,1,1,1,0,NA,2,2,0,1,0,0,2,1,3,2,0,0,2,1,3,1,1,1,NA,145672,246,56.48,56.48,70.24,70.24,61.04,61.04,60.83,60.83,62.5,62.5,206,0,2832071,"QA"
"Qatar","QAT","","","NAT_TOTAL",2021-01-10,2,1,1,1,2,1,3,1,1,1,1,1,0,NA,2,2,0,1,0,0,2,1,3,2,0,0,2,1,3,1,1,1,NA,145865,246,56.48,56.48,70.24,70.24,61.04,61.04,60.83,60.83,62.5,62.5,193,0,2832071,"QA"
"Qatar","QAT","","","NAT_TOTAL",2021-01-11,2,1,1,1,2,1,3,1,1,1,1,1,0,NA,2,2,0,1,0,0,2,1,3,2,0,0,2,1,3,1,1,1,NA,146068,246,56.48,56.48,70.24,70.24,61.04,61.04,60.83,60.83,62.5,62.5,203,0,2832071,"QA"
"Qatar","QAT","","","NAT_TOTAL",2021-01-12,2,1,1,1,2,1,3,1,1,1,1,1,0,NA,2,2,0,1,0,0,2,1,3,2,0,0,2,1,3,1,1,1,NA,146279,246,56.48,56.48,70.24,70.24,61.04,61.04,60.83,60.83,62.5,62.5,211,0,2832071,"QA"
"Qatar","QAT","","","NAT_TOTAL",2021-01-13,2,1,1,1,2,1,3,1,1,1,1,1,0,NA,2,2,0,1,0,0,2,1,3,2,0,0,2,1,3,1,1,1,NA,146480,246,56.48,56.48,70.24,70.24,61.04,61.04,60.83,60.83,62.5,62.5,201,0,2832071,"QA"
"Qatar","QAT","","","NAT_TOTAL",2021-01-14,2,1,1,1,2,1,3,1,1,1,1,1,0,NA,2,2,0,1,0,0,2,1,3,2,0,0,2,1,3,1,1,1,NA,146689,246,56.48,56.48,70.24,70.24,61.04,61.04,60.83,60.83,62.5,62.5,209,0,2832071,"QA"
"Qatar","QAT","","","NAT_TOTAL",2021-01-15,2,1,1,1,2,1,3,1,1,1,1,1,0,NA,2,2,0,1,0,0,2,1,3,2,0,0,2,1,3,1,1,1,NA,146885,246,56.48,56.48,70.24,70.24,61.04,61.04,60.83,60.83,62.5,62.5,196,0,2832071,"QA"
"Qatar","QAT","","","NAT_TOTAL",2021-01-16,2,1,1,1,2,1,3,1,1,1,1,1,0,NA,2,2,0,1,0,0,2,1,3,2,0,0,2,1,3,1,1,1,NA,147089,246,56.48,56.48,70.24,70.24,61.04,61.04,60.83,60.83,62.5,62.5,204,0,2832071,"QA"
"Qatar","QAT","","","NAT_TOTAL",2021-01-17,2,1,1,1,2,1,3,1,1,1,1,1,0,NA,2,2,0,1,0,0,2,1,3,2,0,0,2,1,3,1,1,1,NA,147277,246,56.48,56.48,70.24,70.24,61.04,61.04,60.83,60.83,62.5,62.5,188,0,2832071,"QA"
"Qatar","QAT","","","NAT_TOTAL",2021-01-18,2,1,1,1,2,1,3,1,1,1,1,1,0,NA,2,2,0,1,0,0,2,1,3,2,0,0,2,1,3,1,1,1,NA,147504,248,56.48,56.48,70.24,70.24,61.04,61.04,60.83,60.83,62.5,62.5,227,2,2832071,"QA"
"Qatar","QAT","","","NAT_TOTAL",2021-01-19,2,1,1,1,2,1,3,1,1,1,1,1,0,NA,2,2,0,1,0,0,2,1,3,2,0,0,2,1,3,1,1,1,NA,147729,248,56.48,56.48,70.24,70.24,61.04,61.04,60.83,60.83,62.5,62.5,225,0,2832071,"QA"
"Qatar","QAT","","","NAT_TOTAL",2021-01-20,2,1,1,1,2,1,3,1,1,1,1,1,0,NA,2,2,0,1,0,0,2,1,3,2,0,0,2,1,3,1,1,1,NA,148000,248,56.48,56.48,70.24,70.24,61.04,61.04,60.83,60.83,62.5,62.5,271,0,2832071,"QA"
"Qatar","QAT","","","NAT_TOTAL",2021-01-21,2,1,1,1,2,1,3,1,1,1,1,1,0,NA,2,2,0,1,0,0,2,1,3,2,0,0,2,1,3,1,1,1,NA,148258,248,56.48,56.48,70.24,70.24,61.04,61.04,60.83,60.83,62.5,62.5,258,0,2832071,"QA"
"Qatar","QAT","","","NAT_TOTAL",2021-01-22,2,1,1,1,2,1,3,1,1,1,1,1,0,NA,2,2,0,1,0,0,2,1,3,2,0,0,2,1,3,1,1,1,NA,148521,248,56.48,56.48,70.24,70.24,61.04,61.04,60.83,60.83,62.5,62.5,263,0,2832071,"QA"
"Qatar","QAT","","","NAT_TOTAL",2021-01-23,2,1,1,1,2,1,3,1,1,1,1,1,0,NA,2,2,0,1,0,0,2,1,3,2,0,0,2,1,3,1,1,1,NA,148772,248,56.48,56.48,70.24,70.24,61.04,61.04,60.83,60.83,62.5,62.5,251,0,2832071,"QA"
"Qatar","QAT","","","NAT_TOTAL",2021-01-24,2,1,1,1,2,1,3,1,1,1,1,1,0,NA,2,2,0,1,0,0,2,1,3,2,0,0,2,1,3,1,1,1,NA,149019,248,56.48,56.48,70.24,70.24,61.04,61.04,60.83,60.83,62.5,62.5,247,0,2832071,"QA"
"Qatar","QAT","","","NAT_TOTAL",2021-01-25,2,1,1,1,2,1,3,1,1,1,1,1,0,NA,2,2,0,1,0,0,2,1,3,2,0,0,2,1,3,1,1,1,NA,149296,248,56.48,56.48,70.24,70.24,61.04,61.04,60.83,60.83,62.5,62.5,277,0,2832071,"QA"
"Qatar","QAT","","","NAT_TOTAL",2021-01-26,2,1,1,1,2,1,3,1,1,1,1,1,0,NA,2,2,0,1,0,0,2,1,3,2,0,0,2,1,3,1,1,1,NA,149595,248,56.48,56.48,70.24,70.24,61.04,61.04,60.83,60.83,62.5,62.5,299,0,2832071,"QA"
"Qatar","QAT","","","NAT_TOTAL",2021-01-27,2,1,1,1,2,1,3,1,1,1,1,1,0,NA,2,2,0,1,0,0,2,1,3,2,0,0,2,1,3,1,1,1,NA,149933,248,56.48,56.48,70.24,70.24,61.04,61.04,60.83,60.83,62.5,62.5,338,0,2832071,"QA"
"Qatar","QAT","","","NAT_TOTAL",2021-01-28,2,1,1,1,2,1,3,1,1,1,1,1,0,NA,2,2,0,1,0,0,2,1,3,2,0,0,2,1,3,1,1,1,NA,150280,248,56.48,56.48,70.24,70.24,61.04,61.04,60.83,60.83,62.5,62.5,347,0,2832071,"QA"
"Qatar","QAT","","","NAT_TOTAL",2021-01-29,2,1,1,1,2,1,3,1,1,1,1,1,0,NA,2,2,0,1,0,0,2,1,3,2,0,0,2,1,3,1,1,1,NA,150621,248,56.48,56.48,70.24,70.24,61.04,61.04,60.83,60.83,62.5,62.5,341,0,2832071,"QA"
"Qatar","QAT","","","NAT_TOTAL",2021-01-30,2,1,1,1,2,1,3,1,1,1,1,1,0,NA,2,2,0,1,0,0,2,1,3,2,0,0,2,1,3,1,1,1,NA,150984,248,56.48,56.48,70.24,70.24,61.04,61.04,60.83,60.83,62.5,62.5,363,0,2832071,"QA"
"Qatar","QAT","","","NAT_TOTAL",2021-01-31,2,1,1,1,2,1,3,1,1,1,1,1,0,NA,2,2,0,1,0,0,2,1,3,2,0,0,2,1,3,1,1,1,NA,151335,248,56.48,56.48,70.24,70.24,61.04,61.04,60.83,60.83,62.5,62.5,351,0,2832071,"QA"
"Qatar","QAT","","","NAT_TOTAL",2021-02-01,2,1,1,1,2,1,3,1,1,1,1,1,0,NA,2,2,0,1,0,0,2,1,3,2,0,0,2,1,3,1,1,1,NA,151720,249,56.48,56.48,70.24,70.24,61.04,61.04,60.83,60.83,62.5,62.5,385,1,2832071,"QA"
"Qatar","QAT","","","NAT_TOTAL",2021-02-02,2,1,1,1,2,1,3,1,1,1,1,1,0,NA,2,2,0,1,0,0,2,1,3,2,0,0,2,1,3,1,1,1,NA,152095,249,56.48,56.48,70.24,70.24,61.04,61.04,60.83,60.83,62.5,62.5,375,0,2832071,"QA"
"Qatar","QAT","","","NAT_TOTAL",2021-02-03,2,1,2,1,2,1,3,1,1,1,1,1,0,NA,2,2,0,1,0,0,2,1,3,2,0,0,4,1,3,1,1,1,NA,152491,249,60.19,60.19,73.81,73.81,66.25,66.25,66.79,66.79,62.5,62.5,396,0,2832071,"QA"
"Qatar","QAT","","","NAT_TOTAL",2021-02-04,2,1,2,1,2,1,3,1,1,1,1,1,0,NA,2,2,0,1,0,0,2,1,3,2,0,0,4,1,3,1,1,1,NA,152898,249,60.19,60.19,73.81,73.81,66.25,66.25,66.79,66.79,62.5,62.5,407,0,2832071,"QA"
"Qatar","QAT","","","NAT_TOTAL",2021-02-05,2,1,2,1,2,1,3,1,1,1,1,1,0,NA,2,2,0,1,0,0,2,1,3,2,0,0,4,1,3,1,1,1,NA,153296,250,60.19,60.19,73.81,73.81,66.25,66.25,66.79,66.79,62.5,62.5,398,1,2832071,"QA"
"Qatar","QAT","","","NAT_TOTAL",2021-02-06,2,1,2,1,2,1,3,1,1,1,1,1,0,NA,2,2,0,1,0,0,2,1,3,2,0,0,4,1,3,1,1,1,NA,153690,250,60.19,60.19,73.81,73.81,66.25,66.25,66.79,66.79,62.5,62.5,394,0,2832071,"QA"
"Qatar","QAT","","","NAT_TOTAL",2021-02-07,2,1,2,1,2,1,3,1,1,1,1,1,0,NA,2,2,0,1,0,0,2,1,3,2,0,0,4,1,3,1,1,1,NA,154098,250,60.19,60.19,73.81,73.81,66.25,66.25,66.79,66.79,62.5,62.5,408,0,2832071,"QA"
"Qatar","QAT","","","NAT_TOTAL",2021-02-08,2,1,2,1,2,1,3,1,1,1,1,1,0,NA,2,2,0,1,0,0,2,1,3,2,0,0,4,1,3,1,1,1,NA,154525,251,60.19,60.19,73.81,73.81,66.25,66.25,66.79,66.79,62.5,62.5,427,1,2832071,"QA"
"Qatar","QAT","","","NAT_TOTAL",2021-02-09,2,1,2,1,2,1,3,1,1,1,1,1,0,NA,2,2,0,1,0,0,2,1,3,2,0,0,4,1,3,1,1,1,NA,155002,253,60.19,60.19,73.81,73.81,66.25,66.25,66.79,66.79,62.5,62.5,477,2,2832071,"QA"
"Qatar","QAT","","","NAT_TOTAL",2021-02-10,2,1,2,1,2,1,3,1,2,1,1,1,0,NA,2,2,0,2,0,0,2,1,2,2,0,0,4,1,3,1,1,1,NA,155453,253,65.74,65.74,78.57,78.57,70.42,70.42,67.98,67.98,87.5,87.5,451,0,2832071,"QA"
"Qatar","QAT","","","NAT_TOTAL",2021-02-11,2,1,2,1,2,1,3,1,2,1,1,1,0,NA,2,2,0,2,0,0,2,1,2,2,0,0,4,1,3,1,1,1,NA,155901,254,65.74,65.74,78.57,78.57,70.42,70.42,67.98,67.98,87.5,87.5,448,1,2832071,"QA"
"Qatar","QAT","","","NAT_TOTAL",2021-02-12,2,1,2,1,2,1,3,1,2,1,1,1,0,NA,2,2,0,2,0,0,2,1,2,2,0,0,4,1,3,1,1,1,NA,156351,254,65.74,65.74,78.57,78.57,70.42,70.42,67.98,67.98,87.5,87.5,450,0,2832071,"QA"
"Qatar","QAT","","","NAT_TOTAL",2021-02-13,2,1,2,1,2,1,3,1,2,1,1,1,0,NA,2,2,0,2,0,0,2,1,2,2,0,0,4,1,3,1,1,1,NA,156804,255,65.74,65.74,78.57,78.57,70.42,70.42,67.98,67.98,87.5,87.5,453,1,2832071,"QA"
"Qatar","QAT","","","NAT_TOTAL",2021-02-14,2,1,2,1,2,1,3,1,2,1,1,1,0,NA,2,2,0,2,0,0,2,1,2,2,0,0,4,1,3,1,1,1,NA,157244,255,65.74,65.74,78.57,78.57,70.42,70.42,67.98,67.98,87.5,87.5,440,0,2832071,"QA"
"Qatar","QAT","","","NAT_TOTAL",2021-02-15,2,1,2,1,2,1,3,1,2,1,1,1,0,NA,2,2,0,2,0,0,2,1,2,2,0,0,4,1,3,1,1,1,NA,158132,255,65.74,65.74,78.57,78.57,70.42,70.42,67.98,67.98,87.5,87.5,888,0,2832071,"QA"
"Qatar","QAT","","","NAT_TOTAL",2021-02-16,2,1,2,1,2,1,3,1,2,1,1,1,0,NA,2,2,0,2,0,0,2,1,2,2,0,0,4,1,3,1,1,1,NA,158138,256,65.74,65.74,78.57,78.57,70.42,70.42,67.98,67.98,87.5,87.5,6,1,2832071,"QA"
"Qatar","QAT","","","NAT_TOTAL",2021-02-17,2,1,2,1,2,1,3,1,2,1,1,1,0,NA,2,2,0,2,0,0,2,1,2,2,0,0,4,1,3,1,1,1,NA,158591,256,65.74,65.74,78.57,78.57,70.42,70.42,67.98,67.98,87.5,87.5,453,0,2832071,"QA"
"Qatar","QAT","","","NAT_TOTAL",2021-02-18,2,1,2,1,2,1,3,1,2,1,1,1,0,NA,2,2,0,2,0,0,2,1,2,2,0,0,4,1,3,1,1,1,NA,159053,256,65.74,65.74,78.57,78.57,70.42,70.42,67.98,67.98,87.5,87.5,462,0,2832071,"QA"
"Qatar","QAT","","","NAT_TOTAL",2021-02-19,2,1,2,1,2,1,3,1,2,1,1,1,0,NA,2,2,0,2,0,0,2,1,2,2,0,0,4,1,3,1,1,1,NA,159518,256,65.74,65.74,78.57,78.57,70.42,70.42,67.98,67.98,87.5,87.5,465,0,2832071,"QA"
"Qatar","QAT","","","NAT_TOTAL",2021-02-20,2,1,2,1,2,1,3,1,2,1,1,1,0,NA,2,2,0,2,0,0,2,1,2,2,0,0,4,1,3,1,1,1,NA,159967,256,65.74,65.74,78.57,78.57,70.42,70.42,67.98,67.98,87.5,87.5,449,0,2832071,"QA"
"Qatar","QAT","","","NAT_TOTAL",2021-02-21,2,1,2,1,2,1,3,1,2,1,1,1,0,NA,2,2,0,2,0,0,2,1,2,2,0,0,4,1,3,1,1,1,NA,160426,256,65.74,65.74,78.57,78.57,70.42,70.42,67.98,67.98,87.5,87.5,459,0,2832071,"QA"
"Qatar","QAT","","","NAT_TOTAL",2021-02-22,2,1,2,1,2,1,3,1,2,1,1,1,0,NA,2,2,0,2,0,0,2,1,2,2,0,0,4,1,3,1,1,1,NA,160889,257,65.74,65.74,78.57,78.57,70.42,70.42,67.98,67.98,87.5,87.5,463,1,2832071,"QA"
"Qatar","QAT","","","NAT_TOTAL",2021-02-23,2,1,2,1,2,1,3,1,2,1,1,1,0,NA,2,2,0,2,0,0,2,1,2,2,0,0,4,1,3,1,1,1,NA,161344,257,65.74,65.74,78.57,78.57,70.42,70.42,67.98,67.98,87.5,87.5,455,0,2832071,"QA"
"Qatar","QAT","","","NAT_TOTAL",2021-02-24,2,1,2,1,2,1,3,1,1,1,1,1,0,NA,2,2,0,2,0,0,2,1,3,2,0,0,4,1,3,1,1,1,NA,161803,257,60.19,60.19,73.81,73.81,69.38,69.38,66.79,66.79,87.5,87.5,459,0,2832071,"QA"
"Qatar","QAT","","","NAT_TOTAL",2021-02-25,2,1,2,1,2,1,3,1,1,1,1,1,0,NA,2,2,0,2,0,0,2,1,3,2,0,0,4,1,3,1,1,1,NA,162268,257,60.19,60.19,73.81,73.81,69.38,69.38,66.79,66.79,87.5,87.5,465,0,2832071,"QA"
"Qatar","QAT","","","NAT_TOTAL",2021-02-26,2,1,2,1,2,1,3,1,1,1,1,1,0,NA,2,2,0,2,0,0,2,1,3,2,0,0,4,1,3,1,1,1,NA,162737,257,60.19,60.19,73.81,73.81,69.38,69.38,66.79,66.79,87.5,87.5,469,0,2832071,"QA"
"Qatar","QAT","","","NAT_TOTAL",2021-02-27,2,1,2,1,2,1,3,1,1,1,1,1,0,NA,2,2,0,2,0,0,2,1,3,2,0,0,4,1,3,1,1,1,NA,163197,257,60.19,60.19,73.81,73.81,69.38,69.38,66.79,66.79,87.5,87.5,460,0,2832071,"QA"
"Qatar","QAT","","","NAT_TOTAL",2021-02-28,2,1,2,1,2,1,3,1,1,1,1,1,0,NA,2,2,0,2,0,0,2,1,3,2,0,0,4,1,3,1,1,1,NA,163664,258,60.19,60.19,73.81,73.81,69.38,69.38,66.79,66.79,87.5,87.5,467,1,2832071,"QA"
"Qatar","QAT","","","NAT_TOTAL",2021-03-01,2,1,2,1,2,1,3,1,1,1,1,1,0,NA,2,2,0,2,0,0,2,1,3,2,0,0,4,1,3,1,1,1,NA,164137,259,60.19,60.19,73.81,73.81,69.38,69.38,66.79,66.79,87.5,87.5,473,1,2832071,"QA"
"Qatar","QAT","","","NAT_TOTAL",2021-03-02,2,1,2,1,2,1,3,1,1,1,1,1,0,NA,2,2,0,2,0,0,2,1,3,2,0,0,4,1,3,1,1,1,NA,164600,259,60.19,60.19,73.81,73.81,69.38,69.38,66.79,66.79,87.5,87.5,463,0,2832071,"QA"
"Qatar","QAT","","","NAT_TOTAL",2021-03-03,2,1,2,1,2,1,3,1,1,1,1,1,0,NA,2,2,0,2,0,0,2,1,3,2,0,0,4,1,3,1,1,1,NA,165071,260,60.19,60.19,73.81,73.81,69.38,69.38,66.79,66.79,87.5,87.5,471,1,2832071,"QA"
"Qatar","QAT","","","NAT_TOTAL",2021-03-04,2,1,2,1,2,1,3,1,1,1,1,1,0,NA,2,2,0,2,0,0,2,1,3,2,0,0,4,1,3,1,1,1,NA,165546,260,60.19,60.19,73.81,73.81,69.38,69.38,66.79,66.79,87.5,87.5,475,0,2832071,"QA"
"Qatar","QAT","","","NAT_TOTAL",2021-03-05,2,1,2,1,2,1,3,1,1,1,1,1,0,NA,2,2,0,2,0,0,2,1,3,2,0,0,4,1,3,1,1,1,NA,166015,261,60.19,60.19,73.81,73.81,69.38,69.38,66.79,66.79,87.5,87.5,469,1,2832071,"QA"
"Qatar","QAT","","","NAT_TOTAL",2021-03-06,2,1,2,1,2,1,3,1,1,1,1,1,0,NA,2,2,0,2,0,0,2,1,3,2,0,0,4,1,3,1,1,1,NA,166475,262,60.19,60.19,73.81,73.81,69.38,69.38,66.79,66.79,87.5,87.5,460,1,2832071,"QA"
"Qatar","QAT","","","NAT_TOTAL",2021-03-07,2,1,2,1,2,1,3,1,1,1,1,1,0,NA,2,2,0,2,0,0,2,1,3,2,0,0,4,1,3,1,1,1,NA,166949,262,60.19,60.19,73.81,73.81,69.38,69.38,66.79,66.79,87.5,87.5,474,0,2832071,"QA"
"Qatar","QAT","","","NAT_TOTAL",2021-03-08,2,1,2,1,2,1,3,1,1,1,1,1,0,NA,2,2,0,2,0,0,2,1,3,2,0,0,4,1,3,1,1,1,NA,167417,263,60.19,60.19,73.81,73.81,69.38,69.38,66.79,66.79,87.5,87.5,468,1,2832071,"QA"
"Qatar","QAT","","","NAT_TOTAL",2021-03-09,2,1,2,1,2,1,3,1,1,1,1,1,0,NA,2,2,0,2,0,0,2,1,3,2,0,0,4,1,3,1,1,1,NA,167888,264,60.19,60.19,73.81,73.81,69.38,69.38,66.79,66.79,87.5,87.5,471,1,2832071,"QA"
"Qatar","QAT","","","NAT_TOTAL",2021-03-10,2,1,2,1,2,1,3,1,1,1,1,1,0,NA,2,2,0,2,0,0,2,1,3,2,0,0,4,1,3,1,1,1,NA,168361,264,60.19,60.19,73.81,73.81,69.38,69.38,66.79,66.79,87.5,87.5,473,0,2832071,"QA"
"Qatar","QAT","","","NAT_TOTAL",2021-03-11,2,1,2,1,2,1,3,1,1,1,1,1,0,NA,2,2,0,2,0,0,2,1,3,2,0,0,4,1,3,1,1,1,NA,168829,264,60.19,60.19,73.81,73.81,69.38,69.38,66.79,66.79,87.5,87.5,468,0,2832071,"QA"
"Qatar","QAT","","","NAT_TOTAL",2021-03-12,2,1,2,1,2,1,3,1,1,1,1,1,0,NA,2,2,0,2,0,0,2,1,3,2,0,0,4,1,3,1,1,1,NA,169284,265,60.19,60.19,73.81,73.81,69.38,69.38,66.79,66.79,87.5,87.5,455,1,2832071,"QA"
"Qatar","QAT","","","NAT_TOTAL",2021-03-13,2,1,2,1,2,1,3,1,1,1,1,1,0,NA,2,2,0,2,0,0,2,1,3,2,0,0,4,1,3,1,1,1,NA,169767,265,60.19,60.19,73.81,73.81,69.38,69.38,66.79,66.79,87.5,87.5,483,0,2832071,"QA"
"Qatar","QAT","","","NAT_TOTAL",2021-03-14,2,1,2,1,2,1,3,1,1,1,1,1,0,NA,2,2,0,2,0,0,2,1,3,2,0,0,4,1,3,1,1,1,NA,170252,266,60.19,60.19,73.81,73.81,69.38,69.38,66.79,66.79,87.5,87.5,485,1,2832071,"QA"
"Qatar","QAT","","","NAT_TOTAL",2021-03-15,2,1,2,1,2,1,3,1,1,1,1,1,0,NA,2,2,0,1,0,0,2,1,3,2,0,0,4,1,3,1,1,1,NA,170733,267,60.19,60.19,73.81,73.81,66.25,66.25,66.79,66.79,62.5,62.5,481,1,2832071,"QA"
"Qatar","QAT","","","NAT_TOTAL",2021-03-16,2,1,2,1,2,1,3,1,1,1,1,1,0,NA,2,2,0,1,0,0,2,1,3,2,0,0,4,1,3,1,1,1,NA,171212,268,60.19,60.19,73.81,73.81,66.25,66.25,66.79,66.79,62.5,62.5,479,1,2832071,"QA"
"Qatar","QAT","","","NAT_TOTAL",2021-03-17,2,1,2,1,2,1,3,1,1,1,1,1,0,NA,2,2,0,1,0,0,2,1,3,2,0,0,4,1,3,1,1,1,NA,171701,270,60.19,60.19,73.81,73.81,66.25,66.25,66.79,66.79,62.5,62.5,489,2,2832071,"QA"
"Qatar","QAT","","","NAT_TOTAL",2021-03-18,2,1,2,1,2,1,3,1,1,1,1,1,0,NA,2,2,0,1,0,0,2,1,3,2,0,0,4,1,3,1,1,1,NA,172200,270,60.19,60.19,73.81,73.81,66.25,66.25,66.79,66.79,62.5,62.5,499,0,2832071,"QA"
"Qatar","QAT","","","NAT_TOTAL",2021-03-19,2,1,2,1,2,1,3,1,1,1,1,1,0,NA,2,2,0,1,0,0,2,1,3,2,0,0,4,1,3,1,1,1,NA,172697,271,60.19,60.19,73.81,73.81,66.25,66.25,66.79,66.79,62.5,62.5,497,1,2832071,"QA"
"Qatar","QAT","","","NAT_TOTAL",2021-03-20,2,1,2,1,2,1,3,1,1,1,1,1,0,NA,2,2,0,1,0,0,2,1,3,2,0,0,4,1,3,1,1,1,NA,173206,272,60.19,60.19,73.81,73.81,66.25,66.25,66.79,66.79,62.5,62.5,509,1,2832071,"QA"
"Qatar","QAT","","","NAT_TOTAL",2021-03-21,2,1,2,1,2,1,3,1,1,1,1,1,0,NA,2,2,0,1,0,0,2,1,3,2,0,0,4,1,3,1,1,1,NA,173709,273,60.19,60.19,73.81,73.81,66.25,66.25,66.79,66.79,62.5,62.5,503,1,2832071,"QA"
"Qatar","QAT","","","NAT_TOTAL",2021-03-22,2,1,2,1,2,1,3,1,1,1,1,1,0,NA,2,2,0,1,0,0,2,1,3,2,0,0,4,1,3,1,1,1,NA,174228,274,60.19,60.19,73.81,73.81,66.25,66.25,66.79,66.79,62.5,62.5,519,1,2832071,"QA"
"Qatar","QAT","","","NAT_TOTAL",2021-03-23,2,1,NA,NA,NA,NA,NA,NA,NA,NA,NA,NA,NA,NA,NA,2,1,1,0,0,NA,NA,NA,NA,NA,NA,NA,NA,NA,NA,NA,NA,NA,174762,275,NA,NA,NA,NA,NA,NA,NA,NA,75,75,534,1,2832071,"QA"
"Qatar","QAT","","","NAT_TOTAL",2021-03-24,2,1,NA,NA,NA,NA,NA,NA,NA,NA,NA,NA,NA,NA,NA,2,1,1,0,0,NA,NA,NA,NA,NA,NA,NA,NA,NA,NA,NA,NA,NA,175332,278,NA,NA,NA,NA,NA,NA,NA,NA,75,75,570,3,2832071,"QA"
"Qatar","QAT","","","NAT_TOTAL",2021-03-25,2,1,NA,NA,NA,NA,NA,NA,NA,NA,NA,NA,NA,NA,NA,2,1,1,0,0,NA,NA,NA,NA,NA,NA,NA,NA,NA,NA,NA,NA,NA,175919,281,NA,NA,NA,NA,NA,NA,NA,NA,75,75,587,3,2832071,"QA"
"Qatar","QAT","","","NAT_TOTAL",2021-03-26,2,1,2,1,2,1,4,1,2,1,1,1,1,1,2,2,1,1,0,0,2,1,3,2,0,0,4,1,NA,NA,2,1,NA,176521,282,74.07,74.07,80.95,80.95,73.96,73.96,73.81,73.81,75,75,602,1,2832071,"QA"
"Qatar","QAT","","","NAT_TOTAL",2021-03-27,2,1,2,1,2,1,4,1,2,1,1,1,1,1,2,2,1,1,0,0,2,1,3,2,0,0,4,1,NA,NA,2,1,NA,177135,284,74.07,74.07,80.95,80.95,73.96,73.96,73.81,73.81,75,75,614,2,2832071,"QA"
"Qatar","QAT","","","NAT_TOTAL",2021-03-28,2,1,2,1,2,1,4,1,2,1,1,1,1,1,2,2,1,1,0,0,2,1,3,2,0,0,4,1,NA,NA,2,1,NA,177774,284,74.07,74.07,80.95,80.95,73.96,73.96,73.81,73.81,75,75,639,0,2832071,"QA"
"Qatar","QAT","","","NAT_TOTAL",2021-03-29,2,1,2,1,2,1,4,1,2,1,1,1,1,1,2,2,1,1,0,0,2,1,3,2,0,0,4,1,NA,NA,2,1,NA,178464,286,74.07,74.07,80.95,80.95,73.96,73.96,73.81,73.81,75,75,690,2,2832071,"QA"
"Qatar","QAT","","","NAT_TOTAL",2021-03-30,2,1,2,1,2,1,4,1,2,1,1,1,1,1,2,2,1,1,0,0,2,1,3,2,0,0,4,1,4,1,2,1,NA,179184,289,74.07,74.07,80.95,80.95,78.96,78.96,79.52,79.52,75,75,720,3,2832071,"QA"
"Qatar","QAT","","","NAT_TOTAL",2021-03-31,2,1,2,1,2,1,4,1,2,1,1,1,1,1,2,2,1,1,0,0,2,1,3,2,0,0,4,1,4,1,2,1,NA,179964,291,74.07,74.07,80.95,80.95,78.96,78.96,79.52,79.52,75,75,780,2,2832071,"QA"
"Qatar","QAT","","","NAT_TOTAL",2021-04-01,2,1,2,1,2,1,4,1,2,1,1,1,1,1,2,2,1,1,0,0,2,1,3,2,0,0,4,1,4,1,2,1,NA,180804,295,74.07,74.07,80.95,80.95,78.96,78.96,79.52,79.52,75,75,840,4,2832071,"QA"
"Qatar","QAT","","","NAT_TOTAL",2021-04-02,2,1,2,1,2,1,4,1,2,1,1,1,1,1,2,2,1,1,0,0,2,1,3,2,0,0,4,1,4,1,2,1,NA,181678,298,74.07,74.07,80.95,80.95,78.96,78.96,79.52,79.52,75,75,874,3,2832071,"QA"
"Qatar","QAT","","","NAT_TOTAL",2021-04-03,2,1,2,1,2,1,4,1,2,1,1,1,1,1,2,2,1,1,0,0,2,1,3,2,0,0,4,1,4,1,2,1,NA,182548,301,74.07,74.07,80.95,80.95,78.96,78.96,79.52,79.52,75,75,870,3,2832071,"QA"
"Qatar","QAT","","","NAT_TOTAL",2021-04-04,3,1,2,1,2,1,4,1,2,1,1,1,1,1,2,2,1,1,0,0,2,1,3,2,0,0,4,1,4,1,2,1,NA,183424,303,77.78,77.78,84.52,84.52,81.04,81.04,81.9,81.9,75,75,876,2,2832071,"QA"
"Qatar","QAT","","","NAT_TOTAL",2021-04-05,3,1,2,1,2,1,4,1,2,1,1,1,1,1,2,2,1,1,0,0,2,1,3,2,0,0,4,1,4,1,2,1,NA,184334,306,77.78,77.78,84.52,84.52,81.04,81.04,81.9,81.9,75,75,910,3,2832071,"QA"
"Qatar","QAT","","","NAT_TOTAL",2021-04-06,NA,NA,NA,NA,NA,NA,NA,NA,NA,NA,NA,NA,NA,NA,NA,NA,NA,NA,NA,NA,NA,NA,NA,NA,NA,NA,NA,NA,NA,NA,NA,NA,NA,185261,312,NA,77.78,NA,84.52,NA,81.04,NA,81.9,NA,75,927,6,2832071,"QA"
"Qatar","QAT","","","NAT_TOTAL",2021-04-07,NA,NA,NA,NA,NA,NA,NA,NA,NA,NA,NA,NA,NA,NA,NA,NA,NA,NA,NA,NA,NA,NA,NA,NA,NA,NA,NA,NA,NA,NA,NA,NA,NA,NA,NA,NA,77.78,NA,84.52,NA,81.04,NA,81.9,NA,75,NA,NA,2832071,"QA"
