Timestamp,Country,ISO-3166-1-a2,Region,ISO-3166-2,Language,Reach,Cases,Recovered,Fatalities,RecentCases,RecentHospital,RecentCasesNursing,StillSick,Tested,Positive,Hospital,Severe,ICU,Surveyfirst,Surveyknown,Surveyforward,Dataset,Cookie,Campaign
2020/08/18,Spain,ES,,ESMRO,en,40,7,,,0,0,,,,,,,,,,,limesurvey-5185,mcx7qbgv5wkd9aofhk,
2020/08/18,Spain,ES,,ESMRO,en,51,7,,,0,0,,,,,,,,,,,limesurvey-5192,nyic6kw2jmkdw1hz8r,
2020/08/18,Spain,ES,,ESMRO,en,50,6,,,0,0,,,,,,,,,,,limesurvey-5195,sc2ldf898mke0j2oy4,
2020/08/18,Spain,ES,,ESMRC,en,20,2,,,0,0,,,,,,,,,,,limesurvey-5197,hlpgw68sddkd9267wh,
2020/08/18,Spain,ES,,ESMRC,en,20,2,,,0,0,,,,,,,,,,,limesurvey-5191,cgaguydbfokdef3k01,
2020/08/18,Spain,ES,,ESMRE,en,20,6,,,0,0,,,,,,,,,,,limesurvey-5194,dbzikkd5qikda2rajt,
2020/08/18,Spain,ES,,ESMRO,en,40,7,,,0,0,,,,,,,,,,,limesurvey-5186,mcx7qbgv5wkd9aofhk,
2020/08/18,Spain,ES,,ESMRC,en,20,2,,,0,0,,,,,,,,,,,limesurvey-5190,cgaguydbfokdef3k01,
2020/08/18,Spain,ES,,ESMRO,en,14,0,,,0,0,,,,,,,,,,,limesurvey-5198,uqq5a86tdgkdxnsp5d,
2020/08/18,Spain,ES,,ESMRE,en,50,1,,,0,0,,,,,,,,,,,limesurvey-5188,mkzgd1jji1ke0gybac,
2020/08/18,Spain,ES,,ESMRC,en,20,4,,,0,,,,,,,,,,,,limesurvey-5187,8klyh206fjke0gxxbi,
2020/08/18,Spain,ES,,ESMRO,en,50,6,,,0,0,,,,,,,,,,,limesurvey-5196,sc2ldf898mke0j2oy4,
2020/08/18,Spain,ES,,ESMRC,en,10,0,,,0,0,,,,,,,,,,,limesurvey-5189,b4zq4vxg8dkdbrmeae,
2020/08/19,Spain,ES,,ESMRE,en,25,1,,,0,0,,,,,,,,,,,limesurvey-5230,nftb1xf21ikdg25yt0,
2020/08/19,Spain,ES,,ESMRO,en,20,7,,,0,0,,,,,,,,,,,limesurvey-5219,rvnb3qt84kdbx4p6w,
2020/08/19,Spain,ES,,ESMRO,en,40,4,,,0,0,,,,,,,,,,,limesurvey-5231,8ob9ii1a9ekdahgw3a,
2020/08/19,Spain,ES,,ESMRC,en,10,0,,,0,0,,,,,,,,,,,limesurvey-5242,3i9shft1ngkddmhm4j,
2020/08/19,Spain,ES,,ESMAR,en,50,5,,,1,0,,,,,,,,,,,limesurvey-5265,psdwq2hxq4kd8yh21a,
2020/08/19,Spain,ES,,ESMRE,en,100,10,,,0,0,,,,,,,,,,,limesurvey-5246,gohko7deybke1fpqlz,
2020/08/19,Spain,ES,,ESMAR,en,50,2,,,0,0,,,,,,,,,,,limesurvey-5216,svm21x4y9tkdgc2n6e,
2020/08/19,Spain,ES,,ESMRC,en,20,2,,,0,0,,,,,,,,,,,limesurvey-5249,cgaguydbfokdef3k01,
2020/08/19,Spain,ES,,ESMAR,en,15,3,,,0,,,,,,,,,,,,limesurvey-5209,okunxhkhy4kdka6tz9,
2020/08/19,Spain,ES,,ESMRO,en,100,3,,,0,0,,,,,,,,,,,limesurvey-5248,f9iv69to24ke1ftisn,
2020/08/19,Spain,ES,,ESMRO,en,8,2,,,2,0,,,,,,,,,,,limesurvey-5199,grbekj1wlvkdg5h9o9,
2020/08/19,Spain,ES,,ESMRC,en,20,0,,,0,0,,,,,,,,,,,limesurvey-5245,nyxh0akuwake1evw31,
2020/08/19,Spain,ES,,ESMRO,en,20,7,,,0,0,,,,,,,,,,,limesurvey-5220,rvnb3qt84kdbx4p6w,
2020/08/19,Spain,ES,,ESMRO,en,20,7,,,0,0,,,,,,,,,,,limesurvey-5223,rvnb3qt84kdbx4p6w,
2020/08/19,Spain,ES,,ESMRC,en,32,2,,,0,0,,,,,,,,,,,limesurvey-5203,juzs1q15hnkd8z0thm,
2020/08/19,Spain,ES,,ESMRC,en,100,4,,,0,0,,,,,,,,,,,limesurvey-5241,gycqss22xhkdg1q0bz,
2020/08/19,Spain,ES,,ESMRO,en,20,7,,,0,0,,,,,,,,,,,limesurvey-5224,rvnb3qt84kdbx4p6w,
2020/08/19,Spain,ES,,ESMRC,en,50,3,,,0,0,,,,,,,,,,,limesurvey-5256,9eonl1zdt2kdg04qdo,
2020/08/19,Spain,ES,,ESMRO,en,20,4,,,0,0,,,,,,,,,,,limesurvey-5211,i35erfs771kdxh5uhr,
2020/08/19,Spain,ES,,ESMRE,en,10,2,,,0,0,,,,,,,,,,,limesurvey-5267,zj4ro69mu1kd8wo6sh,
2020/08/19,Spain,ES,,ESMRO,en,14,0,,,0,0,,,,,,,,,,,limesurvey-5259,tsuzy2hcaskd9efy0l,
2020/08/19,Spain,ES,,ESMRC,en,20,2,,,0,0,,,,,,,,,,,limesurvey-5252,cgaguydbfokdef3k01,
2020/08/19,Spain,ES,,ESMRO,en,40,4,,,0,0,,,,,,,,,,,limesurvey-5232,8ob9ii1a9ekdahgw3a,
2020/08/19,Spain,ES,,ESMRO,en,10,2,,,0,0,,,,,,,,,,,limesurvey-5237,i6ngl43neukdc2z6e9,
2020/08/19,Spain,ES,,ESMRE,en,500,5,,,0,0,,,,,,,,,,,limesurvey-5200,jvl9yucoigayigy899,
2020/08/19,Spain,ES,,ESMRE,en,10,2,,,0,0,,,,,,,,,,,limesurvey-5207,zj4ro69mu1kd8wo6sh,
2020/08/19,Spain,ES,,ESMRO,en,20,7,,,0,0,,,,,,,,,,,limesurvey-5228,rvnb3qt84kdbx4p6w,
2020/08/19,Spain,ES,,ESMAR,en,100,5,,,0,1,,,,,,,,,,,limesurvey-5213,pbuxyc6jdskd9dqidc,
2020/08/19,Spain,ES,,ESMRE,en,6,0,,,0,0,,,,,,,,,,,limesurvey-5205,ukozo3eu1ykdvg4boi,
2020/08/19,Spain,ES,,ESMRO,en,40,4,,,0,0,,,,,,,,,,,limesurvey-5236,8ob9ii1a9ekdahgw3a,
2020/08/19,Spain,ES,,ESMRC,en,20,2,,,0,0,,,,,,,,,,,limesurvey-5251,cgaguydbfokdef3k01,
2020/08/19,Spain,ES,,ESMRE,en,10,0,,,0,0,,,,,,,,,,,limesurvey-5243,7rulir6ez5ke1eu5yc,
2020/08/19,Spain,ES,,ESMRO,en,40,4,,,0,0,,,,,,,,,,,limesurvey-5234,8ob9ii1a9ekdahgw3a,
2020/08/19,Spain,ES,,ESMRC,en,35,10,,,6,1,,,,,,,,,,,limesurvey-5262,g50vqygcr4ke0c5xsu,
2020/08/19,Spain,ES,,ESMRO,en,9,0,,,0,0,,,,,,,,,,,limesurvey-5217,gfak4hdb97kdp0j4nj,
2020/08/19,Spain,ES,,ESMRC,en,20,0,,,0,0,,,,,,,,,,,limesurvey-5204,dqzat3fgn7kddkjnnt,
2020/08/19,Spain,ES,,ESMAR,en,5,0,,,,,,,,,,,,,,,limesurvey-5206,cupy9zrjrakd9z4sf3,
2020/08/19,Spain,ES,,ESMRC,en,25,0,,,0,0,,,,,,,,,,,limesurvey-5244,e6fiu4u5plke1euttg,
2020/08/19,Spain,ES,,ESMRO,en,3,0,,,0,0,,,,,,,,,,,limesurvey-5218,yk1uf0ugoekdfucxp6,
2020/08/19,Spain,ES,,ESMAR,en,9,1,,,0,0,,,,,,,,,,,limesurvey-5210,kcbpe13hujke11o7v3,
2020/08/19,Spain,ES,,ESMAR,en,50,8,,,,,,,,,,,,,,,limesurvey-5258,6tn1aupqqqke1ds2fk,
2020/08/19,Spain,ES,,ESMRC,en,20,2,,,0,0,,,,,,,,,,,limesurvey-5250,cgaguydbfokdef3k01,
2020/08/19,Spain,ES,,ESMRE,en,20,6,,,0,0,,,,,,,,,,,limesurvey-5264,dbzikkd5qikda2rajt,
2020/08/19,Spain,ES,,ESMRC,en,24,4,,,0,0,,,,,,,,,,,limesurvey-5215,y2xqg7350qkd9xaszn,
2020/08/19,Spain,ES,,ESMAR,en,50,1,,,0,0,,,,,,,,,,,limesurvey-5208,df32xmvjufkd9z00sr,
2020/08/19,Spain,ES,,ESMRO,en,25,5,,,0,0,,,,,,,,,,,limesurvey-5255,ltk3u17pztke1j8bcx,
2020/08/19,Spain,ES,,ESMAR,en,7,0,,,0,0,,,,,,,,,,,limesurvey-5269,jfkxdyeut5ke1v9v9e,
2020/08/19,Spain,ES,,ESMRO,en,51,7,,,0,0,,,,,,,,,,,limesurvey-5268,nyic6kw2jmkdw1hz8r,
2020/08/19,Spain,ES,,ESMRC,en,20,5,,,0,0,,,,,,,,,,,limesurvey-5202,ovjr1f2bqykd96tnhj,
2020/08/19,Spain,ES,,ESMRE,en,100,10,,,0,0,,,,,,,,,,,limesurvey-5247,gohko7deybke1fpqlz,
2020/08/19,Spain,ES,,ESMRO,en,12,0,,,0,0,,,,,,,,,,,limesurvey-5238,dgdspyy058kdbu96fh,
2020/08/19,Spain,ES,,ESMRO,en,20,2,,,0,0,,,,,,,,,,,limesurvey-5212,7573tj2lelkdar9m9t,
2020/08/19,Spain,ES,,ESMRO,en,20,7,,,0,0,,,,,,,,,,,limesurvey-5222,rvnb3qt84kdbx4p6w,
2020/08/19,Spain,ES,,ESMRO,en,20,7,,,0,0,,,,,,,,,,,limesurvey-5229,rvnb3qt84kdbx4p6w,
2020/08/19,Spain,ES,,ESMRO,en,20,7,,,0,0,,,,,,,,,,,limesurvey-5221,rvnb3qt84kdbx4p6w,
2020/08/19,Spain,ES,,ESMAR,en,10,1,,,0,0,,,,,,,,,,,limesurvey-5261,l78zpuieeukdbp5msh,
2020/08/19,Spain,ES,,ESMAR,en,100,6,,,2,0,,,,,,,,,,,limesurvey-5201,oxsxy7lz3lkdh390no,
2020/08/19,Spain,ES,,ESMAR,en,40,8,,,1,1,,,,,,,,,,,limesurvey-5266,2r5q4l6mc1ke1tfigk,
2020/08/20,Spain,ES,,ESMRO,en,12,3,,,0,0,,,,,,,,,,,limesurvey-5272,y513ycl4cke2m7x3o,
2020/08/20,Spain,ES,,ESMRE,en,500,2,,,0,0,,,,,,,,,,,limesurvey-5282,jvl9yucoigayigy899,
2020/08/20,Spain,ES,,ESMAR,en,43,5,,,5,0,,,,,,,,,,,limesurvey-5299,o77jub0n34kdxg2176,
2020/08/20,Spain,ES,,ESMRO,en,8,2,,,1,0,,,,,,,,,,,limesurvey-5279,grbekj1wlvkdg5h9o9,
2020/08/20,Spain,ES,,ESMRC,en,39,10,,,4,0,,,,,,,,,,,limesurvey-5302,2jubi09he4ke3bve1l,
2020/08/20,Spain,ES,,ESMRE,en,20,6,,,0,0,,,,,,,,,,,limesurvey-5278,dbzikkd5qikda2rajt,
2020/08/20,Spain,ES,,ESMAR,en,15,4,,,2,0,,,,,,,,,,,limesurvey-5300,91e7sk29hhkdhvegk4,
2020/08/20,Spain,ES,,ESMRO,en,14,0,,,0,0,,,,,,,,,,,limesurvey-5285,tsuzy2hcaskd9efy0l,
2020/08/20,Spain,ES,,ESMRE,en,32,3,,,0,0,,,,,,,,,,,limesurvey-5301,5yhmrwk6hfkdbxx1lr,
2020/08/20,Spain,ES,,ESMRO,en,30,3,,,0,0,,,,,,,,,,,limesurvey-5270,iidycrue4kke2lwmtz,
2020/08/20,Spain,ES,,ESMRO,en,10,2,,,0,0,,,,,,,,,,,limesurvey-5280,6z5qbohcxcke2sxg24,
2020/08/20,Spain,ES,,ESMRO,en,30,4,,,0,0,,,,,,,,,,,limesurvey-5292,qgrrpsrmdcke32kjjq,
2020/08/20,Spain,ES,,ESMRE,en,25,1,,,0,0,,,,,,,,,,,limesurvey-5275,nftb1xf21ikdg25yt0,
2020/08/20,Spain,ES,,ESMRO,en,12,0,,,0,0,,,,,,,,,,,limesurvey-5288,da5r4puzrxkdfui85k,
2020/08/20,Spain,ES,,ESMRO,en,3,0,,,0,0,,,,,,,,,,,limesurvey-5274,yk1uf0ugoekdfucxp6,
2020/08/20,Spain,ES,,ESMRC,en,39,10,,,4,0,,,,,,,,,,,limesurvey-5303,2jubi09he4ke3bve1l,
2020/08/20,Spain,ES,,ESMRO,en,40,4,,,0,0,,,,,,,,,,,limesurvey-5294,8ob9ii1a9ekdahgw3a,
2020/08/20,Spain,ES,,ESMAR,en,100,12,,,,,,,,,,,,,,,limesurvey-5289,6tn1aupqqqke1ds2fk,
2020/08/20,Spain,ES,,ESMRC,en,100,4,,,0,0,,,,,,,,,,,limesurvey-5286,gycqss22xhkdg1q0bz,
2020/08/20,Spain,ES,,ESMAR,en,100,5,,,1,0,,,,,,,,,,,limesurvey-5293,,
2020/08/20,Spain,ES,,ESMAR,en,50,5,,,1,0,,,,,,,,,,,limesurvey-5297,psdwq2hxq4kd8yh21a,
2020/08/20,Spain,ES,,ESMRE,en,500,2,,,0,0,,,,,,,,,,,limesurvey-5283,jvl9yucoigayigy899,
2020/08/20,Spain,ES,,ESMRC,en,100,4,,,0,0,,,,,,,,,,,limesurvey-5287,gycqss22xhkdg1q0bz,
2020/08/20,Spain,ES,,ESMRE,en,50,1,,,0,0,,,,,,,,,,,limesurvey-5284,mkzgd1jji1ke0gybac,
2020/08/20,Spain,ES,,ESMRE,en,20,6,,,0,0,,,,,,,,,,,limesurvey-5277,dbzikkd5qikda2rajt,
2020/08/20,Spain,ES,,ESMRE,en,6,0,,,0,0,,,,,,,,,,,limesurvey-5304,ukozo3eu1ykdvg4boi,
2020/08/20,Spain,ES,,ESMAR,en,50,2,,,0,0,,,,,,,,,,,limesurvey-5271,svm21x4y9tkdgc2n6e,
2020/08/20,Spain,ES,,ESMRO,en,40,4,,,0,0,,,,,,,,,,,limesurvey-5295,8ob9ii1a9ekdahgw3a,
2020/08/20,Spain,ES,,ESMAR,en,5,0,,,0,0,,,,,,,,,,,limesurvey-5296,cupy9zrjrakd9z4sf3,
2020/08/20,Spain,ES,,ESMAR,en,50,0,,,0,0,,,,,,,,,,,limesurvey-5291,df32xmvjufkd9z00sr,
2020/08/20,Spain,ES,,ESMRC,en,32,2,,,0,0,,,,,,,,,,,limesurvey-5290,81gaxrwwxzkdio0wgu,
2020/08/21,Spain,ES,,ESMRO,en,11,0,,,0,0,,,,,,,,,,,limesurvey-5328,gfak4hdb97kdp0j4nj,
2020/08/21,Spain,ES,,ESMRO,en,51,7,,,0,0,,,,,,,,,,,limesurvey-5319,nyic6kw2jmkdw1hz8r,
2020/08/21,Spain,ES,,ESMAR,en,35,8,,,1,2,,,,,,,,,,,limesurvey-5333,2r5q4l6mc1ke1tfigk,
2020/08/21,Spain,ES,,ESMRO,en,8,2,,,2,0,,,,,,,,,,,limesurvey-5320,grbekj1wlvkdg5h9o9,
2020/08/21,Spain,ES,,ESMAR,en,100,12,,,,,,,,,,,,,,,limesurvey-5330,6tn1aupqqqke1ds2fk,
2020/08/21,Spain,ES,,ESMRO,en,50,6,,,0,0,,,,,,,,,,,limesurvey-5341,g3ux524sd9ke07xam0,
2020/08/21,Spain,ES,,ESMRO,en,3,0,,,0,0,,,,,,,,,,,limesurvey-5321,yk1uf0ugoekdfucxp6,
2020/08/21,Spain,ES,,ESMRO,en,50,3,,,0,0,,,,,,,,,,,limesurvey-5322,4jbyuhdxmgke4g3kt9,
2020/08/21,Spain,ES,,ESMRO,en,14,0,,,0,0,,,,,,,,,,,limesurvey-5325,tsuzy2hcaskd9efy0l,
2020/08/21,Spain,ES,,ESMRO,en,11,0,,,0,0,,,,,,,,,,,limesurvey-5329,gfak4hdb97kdp0j4nj,
2020/08/21,Spain,ES,,ESMRO,en,10,0,,,0,0,,,,,,,,,,,limesurvey-5317,y4604dfrooke4elxfb,
2020/08/21,Spain,ES,,ESMAR,en,100,5,,,1,0,,,,,,,,,,,limesurvey-5324,oxsxy7lz3lkdh390no,
2020/08/21,Spain,ES,,ESMAR,en,50,2,,,0,0,,,,,,,,,,,limesurvey-5309,svm21x4y9tkdgc2n6e,
2020/08/21,Spain,ES,,ESMRE,en,9,3,,,0,0,,,,,,,,,,,limesurvey-5326,y513ycl4cke2m7x3o,
2020/08/21,Spain,ES,,ESMRE,en,200,28,,,3,0,,,,,,,,,,,limesurvey-5310,5ogx57vx49ke41o2hb,
2020/08/21,Spain,ES,,ESMRE,en,20,6,,,0,0,,,,,,,,,,,limesurvey-5316,dbzikkd5qikda2rajt,
2020/08/21,Spain,ES,,ESMRC,en,20,2,,,0,0,,,,,,,,,,,limesurvey-5337,hlpgw68sddkd9267wh,
2020/08/21,Spain,ES,,ESMAR,en,5,0,,,0,0,,,,,,,,,,,limesurvey-5314,cupy9zrjrakd9z4sf3,
2020/08/21,Spain,ES,,ESMRE,en,500,500,,,0,0,,,,,,,,,,,limesurvey-5332,jvl9yucoigayigy899,
2020/08/21,Spain,ES,,ESMRO,en,14,0,,,0,0,,,,,,,,,,,limesurvey-5334,uqq5a86tdgkdxnsp5d,
2020/08/21,Spain,ES,,ESMRE,en,10,2,,,0,0,,,,,,,,,,,limesurvey-5336,zj4ro69mu1kd8wo6sh,
2020/08/21,Spain,ES,,ESMRC,en,100,4,,,0,0,,,,,,,,,,,limesurvey-5313,gycqss22xhkdg1q0bz,
2020/08/21,Spain,ES,,ESMAR,en,100,5,,,0,1,,,,,,,,,,,limesurvey-5312,n57c9z45uqkdfyl13m,
2020/08/21,Spain,ES,,ESMRO,en,10,2,,,0,0,,,,,,,,,,,limesurvey-5311,i6ngl43neukdc2z6e9,
2020/08/21,Spain,ES,,ESMRC,en,32,2,,,0,0,,,,,,,,,,,limesurvey-5342,juzs1q15hnkd8z0thm,
2020/08/21,Spain,ES,,ESMRE,en,10,2,,,0,0,,,,,,,,,,,limesurvey-5335,zj4ro69mu1kd8wo6sh,
2020/08/21,Spain,ES,,ESMRE,en,500,500,,,0,0,,,,,,,,,,,limesurvey-5331,jvl9yucoigayigy899,
2020/08/21,Spain,ES,,ESMAR,en,9,0,,,0,0,,,,,,,,,,,limesurvey-5318,kcbpe13hujke11o7v3,
2020/08/21,Spain,ES,,ESMRO,en,50,6,,,0,0,,,,,,,,,,,limesurvey-5339,g3ux524sd9ke07xam0,
2020/08/21,Spain,ES,,ESMRC,en,35,9,,,5,1,,,,,,,,,,,limesurvey-5323,g50vqygcr4ke0c5xsu,
2020/08/21,Spain,ES,,ESMRE,en,10,10,,,0,0,,,,,,,,,,,limesurvey-5306,zj4ro69mu1kd8wo6sh,
2020/08/21,Spain,ES,,ESMRO,en,20,4,,,0,0,,,,,,,,,,,limesurvey-5327,i35erfs771kdxh5uhr,
2020/08/21,Spain,ES,,ESMRE,en,6,0,,,0,0,,,,,,,,,,,limesurvey-5307,ukozo3eu1ykdvg4boi,
2020/08/21,Spain,ES,,ESMRO,en,50,6,,,0,0,,,,,,,,,,,limesurvey-5340,g3ux524sd9ke07xam0,
2020/08/21,Spain,ES,,ESMRC,en,24,4,,,0,0,,,,,,,,,,,limesurvey-5338,y2xqg7350qkd9xaszn,
2020/08/22,Spain,ES,,ESMRO,en,8,2,,,0,0,,,,,,,,,,,limesurvey-5370,grbekj1wlvkdg5h9o9,
2020/08/22,Spain,ES,,ESMRO,en,19,1,,,0,0,,,,,,,,,,,limesurvey-5356,lctw8jar33kdkonfrp,
2020/08/22,Spain,ES,,ESMRO,en,30,5,,,0,0,,,,,,,,,,,limesurvey-5353,3ue3vq8bbrkdoi60u8,
2020/08/22,Spain,ES,,ESMRO,en,3,0,,,0,0,,,,,,,,,,,limesurvey-5352,yk1uf0ugoekdfucxp6,
2020/08/22,Spain,ES,,ESMRO,en,16,0,,,0,0,,,,,,,,,,,limesurvey-5355,da5r4puzrxkdfui85k,
2020/08/22,Spain,ES,,ESMRE,en,6,0,,,0,0,,,,,,,,,,,limesurvey-5344,ukozo3eu1ykdvg4boi,
2020/08/22,Spain,ES,,ESMAR,en,46,5,,,0,0,,,,,,,,,,,limesurvey-5347,o77jub0n34kdxg2176,
2020/08/22,Spain,ES,,ESMRO,en,51,7,,,0,0,,,,,,,,,,,limesurvey-5349,nyic6kw2jmkdw1hz8r,
2020/08/22,Spain,ES,,ESMAR,en,100,12,,,1,,,,,,,,,,,,limesurvey-5362,6tn1aupqqqke1ds2fk,
2020/08/22,Spain,ES,,ESMRE,en,50,1,,,0,0,,,,,,,,,,,limesurvey-5368,mkzgd1jji1ke0gybac,
2020/08/22,Spain,ES,,ESMRC,en,10,0,,,0,0,,,,,,,,,,,limesurvey-5357,,
2020/08/22,Spain,ES,,ESMRC,en,100,6,,,0,0,,,,,,,,,,,limesurvey-5345,gycqss22xhkdg1q0bz,
2020/08/22,Spain,ES,,ESMRO,en,52,7,,,0,0,,,,,,,,,,,limesurvey-5373,fwz4aoamzwke66jw2t,
2020/08/22,Spain,ES,,ESMAR,en,50,5,,,1,0,,,,,,,,,,,limesurvey-5354,psdwq2hxq4kd8yh21a,
2020/08/22,Spain,ES,,ESMRC,en,24,4,,,0,0,,,,,,,,,,,limesurvey-5365,y2xqg7350qkd9xaszn,
2020/08/22,Spain,ES,,ESMRE,en,20,6,,,0,0,,,,,,,,,,,limesurvey-5376,dbzikkd5qikda2rajt,
2020/08/22,Spain,ES,,ESMRO,en,52,7,,,0,0,,,,,,,,,,,limesurvey-5372,fwz4aoamzwke66jw2t,
2020/08/22,Spain,ES,,ESMRO,en,14,0,,,0,0,,,,,,,,,,,limesurvey-5351,tsuzy2hcaskd9efy0l,
2020/08/22,Spain,ES,,ESMRC,en,20,0,,,0,0,,,,,,,,,,,limesurvey-5369,dqzat3fgn7kddkjnnt,
2020/08/22,Spain,ES,,ESMAR,en,46,5,,,0,0,,,,,,,,,,,limesurvey-5346,o77jub0n34kdxg2176,
2020/08/22,Spain,ES,,ESMAR,en,5,0,,,0,0,,,,,,,,,,,limesurvey-5361,cupy9zrjrakd9z4sf3,
2020/08/22,Spain,ES,,ESMAR,en,12,5,,,2,0,,,,,,,,,,,limesurvey-5367,94awrrqcngkdn9kak0,
2020/08/22,Spain,ES,,ESMRC,en,10,0,,,0,0,,,,,,,,,,,limesurvey-5358,,
2020/08/22,Spain,ES,,ESMRC,en,24,4,,,0,0,,,,,,,,,,,limesurvey-5366,y2xqg7350qkd9xaszn,
2020/08/22,Spain,ES,,ESMRO,en,40,4,,,0,0,,,,,,,,,,,limesurvey-5371,8ob9ii1a9ekdahgw3a,
2020/08/22,Spain,ES,,ESMAR,en,15,4,,,,,,,,,,,,,,,limesurvey-5363,okunxhkhy4kdka6tz9,
2020/08/22,Spain,ES,,ESMRC,en,8,0,,,0,0,,,,,,,,,,,limesurvey-5364,b4zq4vxg8dkdbrmeae,
2020/08/22,Spain,ES,,ESMRO,en,10,2,,,0,0,,,,,,,,,,,limesurvey-5359,i6ngl43neukdc2z6e9,
2020/08/22,Spain,ES,,ESMRO,en,50,3,,,0,0,,,,,,,,,,,limesurvey-5348,4jbyuhdxmgke4g3kt9,
2020/08/22,Spain,ES,,ESMRE,en,20,6,,,0,0,,,,,,,,,,,limesurvey-5375,dbzikkd5qikda2rajt,
2020/08/22,Spain,ES,,ESMAR,en,100,6,,,2,0,,,,,,,,,,,limesurvey-5360,oxsxy7lz3lkdh390no,
2020/08/22,Spain,ES,,ESMRO,en,13,0,,,0,0,,,,,,,,,,,limesurvey-5350,fjiqzco90ckdgz53z0,
2020/08/23,Spain,ES,,ESMRO,en,50,6,,,0,0,,,,,,,,,,,limesurvey-5398,g3ux524sd9ke07xam0,
2020/08/23,Spain,ES,,ESMRO,en,100,5,,,0,0,,,,,,,,,,,limesurvey-5388,xjz79znl8okdcucuku,
2020/08/23,Spain,ES,,ESMRO,en,5,0,,,0,0,,,,,,,,,,,limesurvey-5382,e7r3fo07xuke6rkiz5,
2020/08/23,Spain,ES,,ESMRO,en,5,0,,,0,0,,,,,,,,,,,limesurvey-5383,e7r3fo07xuke6rkiz5,
2020/08/23,Spain,ES,,ESMAR,en,200,79,,,25,20,,,,,,,,,,,limesurvey-5378,z1ungrxckfke6qqtg2,
2020/08/23,Spain,ES,,ESMRE,en,6,0,,,0,0,,,,,,,,,,,limesurvey-5396,ukozo3eu1ykdvg4boi,
2020/08/23,Spain,ES,,ESMRE,en,50,2,,,0,0,,,,,,,,,,,limesurvey-5394,jvl9yucoigayigy899,
2020/08/23,Spain,ES,,ESMAR,en,100,5,,,0,0,,,,,,,,,,,limesurvey-5397,pbuxyc6jdskd9dqidc,
2020/08/23,Spain,ES,,ESMRE,en,7,0,,,0,0,,,,,,,,,,,limesurvey-5400,pigjn88cmskdg8jo38,
2020/08/23,Spain,ES,,ESMRC,en,100,70,,,10,7,,,,,,,,,,,limesurvey-5377,1n9ginubskke6qp35r,
2020/08/23,Spain,ES,,ESMRO,en,30,0,,,0,0,,,,,,,,,,,limesurvey-5379,z1ungrxckfke6qqtg2,
2020/08/23,Spain,ES,,ESMAR,en,60,20,,,5,10,,,,,,,,,,,limesurvey-5380,z1ungrxckfke6qqtg2,
2020/08/23,Spain,ES,,ESMRE,en,50,2,,,0,0,,,,,,,,,,,limesurvey-5392,jvl9yucoigayigy899,
2020/08/23,Spain,ES,,ESMRE,en,50,2,,,0,0,,,,,,,,,,,limesurvey-5391,jvl9yucoigayigy899,
2020/08/23,Spain,ES,,ESMRO,en,3,0,,,0,0,,,,,,,,,,,limesurvey-5386,yk1uf0ugoekdfucxp6,
2020/08/23,Spain,ES,,ESMRE,en,130,0,,,0,0,,,,,,,,,,,limesurvey-5381,z1ungrxckfke6qqtg2,
2020/08/23,Spain,ES,,ESMRO,en,10,2,,,0,0,,,,,,,,,,,limesurvey-5390,i6ngl43neukdc2z6e9,
2020/08/23,Spain,ES,,ESMRO,en,20,3,,,0,0,,,,,,,,,,,limesurvey-5384,snvg5jedwxke6rt9c8,
2020/08/23,Spain,ES,,ESMRO,en,100,5,,,0,0,,,,,,,,,,,limesurvey-5387,xjz79znl8okdcucuku,
2020/08/23,Spain,ES,,ESMAR,en,50,2,,,0,0,,,,,,,,,,,limesurvey-5395,svm21x4y9tkdgc2n6e,
2020/08/24,Spain,ES,,ESMAR,en,50,0,,,0,0,,,,,,,,,,,limesurvey-5426,df32xmvjufkd9z00sr,
2020/08/24,Spain,ES,,ESMAR,en,100,12,,,3,,,,,,,,,,,,limesurvey-5429,6tn1aupqqqke1ds2fk,
2020/08/24,Spain,ES,,ESMRC,en,20,0,,,0,,,,,,,,,,,,limesurvey-5420,dqzat3fgn7kddkjnnt,
2020/08/24,Spain,ES,,ESMRO,en,50,6,,,0,0,,,,,,,,,,,limesurvey-5439,g3ux524sd9ke07xam0,
2020/08/24,Spain,ES,,ESMRC,en,8,0,,,0,0,,,,,,,,,,,limesurvey-5427,j5jvqp64sekd8zoznl,
2020/08/24,Spain,ES,,ESMRO,en,13,0,,,0,0,,,,,,,,,,,limesurvey-5436,fjiqzco90ckdgz53z0,
2020/08/24,Spain,ES,,ESMRC,en,4,3,,,0,0,,,,,,,,,,,limesurvey-5425,gksc3jcsn2kdg54sgx,
2020/08/24,Spain,ES,,ESMAR,en,15,7,,,0,0,,,,,,,,,,,limesurvey-5432,g4fqfq2o0gkd8jprr1,
2020/08/24,Spain,ES,,ESMRO,en,10,2,,,0,0,,,,,,,,,,,limesurvey-5417,vap6x7tfwbke8najc5,
2020/08/24,Spain,ES,,ESMRO,en,3,0,,,0,0,,,,,,,,,,,limesurvey-5428,yk1uf0ugoekdfucxp6,
2020/08/24,Spain,ES,,ESMRE,en,50,1,,,0,0,,,,,,,,,,,limesurvey-5437,mkzgd1jji1ke0gybac,
2020/08/24,Spain,ES,,ESMRE,en,20,6,,,0,0,,,,,,,,,,,limesurvey-5416,dbzikkd5qikda2rajt,
2020/08/24,Spain,ES,,ESMAR,en,50,6,,,1,0,,,,,,,,,,,limesurvey-5421,psdwq2hxq4kd8yh21a,
2020/08/24,Spain,ES,,ESMRO,en,20,0,,,0,0,,,,,,,,,,,limesurvey-5422,dgdspyy058kdbu96fh,
2020/08/24,Spain,ES,,ESMAR,en,46,5,,,0,0,,,,,,,,,,,limesurvey-5410,n0gdz29n17ke8k5pky,
2020/08/24,Spain,ES,,ESMAR,en,20,2,,,0,0,,,,,,,,,,,limesurvey-5430,g4fqfq2o0gkd8jprr1,
2020/08/24,Spain,ES,,ESMAR,en,100,5,,,0,1,,,,,,,,,,,limesurvey-5433,pbuxyc6jdskd9dqidc,
2020/08/24,Spain,ES,,ESMAR,en,100,6,,,2,0,,,,,,,,,,,limesurvey-5405,oxsxy7lz3lkdh390no,
2020/08/24,Spain,ES,,ESMRC,en,100,5,,,0,0,,,,,,,,,,,limesurvey-5402,ji4fdw878xke89ney0,
2020/08/24,Spain,ES,,ESMRC,en,20,2,,,0,0,,,,,,,,,,,limesurvey-5414,hlpgw68sddkd9267wh,
2020/08/24,Spain,ES,,ESMRC,en,24,4,,,0,0,,,,,,,,,,,limesurvey-5434,y2xqg7350qkd9xaszn,
2020/08/24,Spain,ES,,ESMRC,en,5,0,,,0,0,,,,,,,,,,,limesurvey-5406,r7vkr19b1ukdklsm74,
2020/08/24,Spain,ES,,ESMRO,en,14,0,,,0,0,,,,,,,,,,,limesurvey-5407,tsuzy2hcaskd9efy0l,
2020/08/24,Spain,ES,,ESMRC,en,20,1,,,0,0,,,,,,,,,,,limesurvey-5412,0d1k8j5kg6kdbxhbxx,
2020/08/24,Spain,ES,,ESMRO,en,8,2,,,0,0,,,,,,,,,,,limesurvey-5431,grbekj1wlvkdg5h9o9,
2020/08/24,Spain,ES,,ESMRE,en,7,0,,,0,0,,,,,,,,,,,limesurvey-5424,pigjn88cmskdg8jo38,
2020/08/24,Spain,ES,,ESMAR,en,9,1,,,0,0,,,,,,,,,,,limesurvey-5419,kcbpe13hujke11o7v3,
2020/08/24,Spain,ES,,ESMRO,en,17,1,,,0,0,,,,,,,,,,,limesurvey-5435,lctw8jar33kdkonfrp,
2020/08/24,Spain,ES,,ESMAR,en,5,0,,,0,0,,,,,,,,,,,limesurvey-5418,cupy9zrjrakd9z4sf3,
2020/08/24,Spain,ES,,ESMRE,en,6,0,,,0,0,,,,,,,,,,,limesurvey-5401,ukozo3eu1ykdvg4boi,
2020/08/25,Spain,ES,,ESMRC,en,60,2,,,1,0,,,,,,,,,,,limesurvey-5466,9eonl1zdt2kdg04qdo,
2020/08/25,Spain,ES,,ESMRO,en,51,7,,,0,0,,,,,,,,,,,limesurvey-5482,fwz4aoamzwke66jw2t,
2020/08/25,Spain,ES,,ESMRE,en,20,6,,,0,0,,,,,,,,,,,limesurvey-5455,dbzikkd5qikda2rajt,
2020/08/25,Spain,ES,,ESMAR,en,25,0,,,0,0,,,,,,,,,,,limesurvey-5476,xsv2zcdr1ukea7u33j,
2020/08/25,Spain,ES,,ESMRC,en,60,2,,,1,0,,,,,,,,,,,limesurvey-5465,9eonl1zdt2kdg04qdo,
2020/08/25,Spain,ES,,ESMRC,en,60,2,,,1,0,,,,,,,,,,,limesurvey-5467,9eonl1zdt2kdg04qdo,
2020/08/25,Spain,ES,,ESMRC,en,60,2,,,1,0,,,,,,,,,,,limesurvey-5470,9eonl1zdt2kdg04qdo,
2020/08/25,Spain,ES,,ESMRE,en,25,1,,,0,0,,,,,,,,,,,limesurvey-5488,nftb1xf21ikdg25yt0,
2020/08/25,Spain,ES,,ESMRO,en,20,0,,,0,0,,,,,,,,,,,limesurvey-5487,go3f957fvpkdk7s06d,
2020/08/25,Spain,ES,,ESMRC,en,24,4,,,0,0,,,,,,,,,,,limesurvey-5473,y2xqg7350qkd9xaszn,
2020/08/25,Spain,ES,,ESMAR,en,50,0,,,0,0,,,,,,,,,,,limesurvey-5485,df32xmvjufkd9z00sr,
2020/08/25,Spain,ES,,ESMRE,en,9,3,,,0,0,,,,,,,,,,,limesurvey-5492,y513ycl4cke2m7x3o,
2020/08/25,Spain,ES,,ESMRO,en,13,0,,,0,0,,,,,,,,,,,limesurvey-5486,fjiqzco90ckdgz53z0,
2020/08/25,Spain,ES,,ESMRE,en,40,10,,,1,0,,,,,,,,,,,limesurvey-5445,oe7htbkasukdah8kiy,
2020/08/25,Spain,ES,,ESMRO,en,100,8,,,2,0,,,,,,,,,,,limesurvey-5457,xjz79znl8okdcucuku,
2020/08/25,Spain,ES,,ESMRC,en,60,2,,,1,0,,,,,,,,,,,limesurvey-5469,9eonl1zdt2kdg04qdo,
2020/08/25,Spain,ES,,ESMRO,en,40,4,,,0,0,,,,,,,,,,,limesurvey-5449,8ob9ii1a9ekdahgw3a,
2020/08/25,Spain,ES,,ESMRC,en,32,2,,,0,0,,,,,,,,,,,limesurvey-5474,81gaxrwwxzkdio0wgu,
2020/08/25,Spain,ES,,ESMAR,en,12,5,,,2,0,,,,,,,,,,,limesurvey-5483,91e7sk29hhkdhvegk4,
2020/08/25,Spain,ES,,ESMRC,en,24,4,,,0,0,,,,,,,,,,,limesurvey-5472,y2xqg7350qkd9xaszn,
2020/08/25,Spain,ES,,ESMRC,es,9,4,,,0,0,,,,,,,,,,,limesurvey-5442,qabv2utt0yke9ny6z1,
2020/08/25,Spain,ES,,ESMAR,en,46,5,,,0,0,,,,,,,,,,,limesurvey-5447,n0gdz29n17ke8k5pky,
2020/08/25,Spain,ES,,ESMRO,en,8,2,,,0,0,,,,,,,,,,,limesurvey-5463,grbekj1wlvkdg5h9o9,
2020/08/25,Spain,ES,,ESMRE,en,7,0,,,0,0,,,,,,,,,,,limesurvey-5450,pigjn88cmskdg8jo38,
2020/08/25,Spain,ES,,ESMRO,en,14,0,,,0,0,,,,,,,,,,,limesurvey-5460,tsuzy2hcaskd9efy0l,
2020/08/25,Spain,ES,,ESMRO,en,17,1,,,0,0,,,,,,,,,,,limesurvey-5475,lctw8jar33kdkonfrp,
2020/08/25,Spain,ES,,ESMRO,en,100,8,,,2,0,,,,,,,,,,,limesurvey-5459,xjz79znl8okdcucuku,
2020/08/25,Spain,ES,,ESMRC,en,5,0,,,0,0,,,,,,,,,,,limesurvey-5452,r7vkr19b1ukdklsm74,
2020/08/25,Spain,ES,,ESMAR,en,100,5,,,0,0,,,,,,,,,,,limesurvey-5471,n57c9z45uqkdfyl13m,
2020/08/25,Spain,ES,,ESMRO,en,41,0,,,0,0,,,,,,,,,,,limesurvey-5441,u5rm1re4ppke9i7h6f,
2020/08/25,Spain,ES,,ESMAR,en,46,5,,,0,0,,,,,,,,,,,limesurvey-5448,n0gdz29n17ke8k5pky,
2020/08/25,Spain,ES,,ESMRE,en,20,6,,,0,0,,,,,,,,,,,limesurvey-5454,dbzikkd5qikda2rajt,
2020/08/25,Spain,ES,,ESMAR,en,50,2,,,0,0,,,,,,,,,,,limesurvey-5444,svm21x4y9tkdgc2n6e,
2020/08/25,Spain,ES,,ESMAR,en,100,6,,,2,0,,,,,,,,,,,limesurvey-5464,am8x002rvqkdkiglt0,
2020/08/25,Spain,ES,,ESMRO,en,10,2,,,0,0,,,,,,,,,,,limesurvey-5451,i6ngl43neukdc2z6e9,
2020/08/25,Spain,ES,,ESMRC,en,10,3,,,0,1,,,,,,,,,,,limesurvey-5446,1afvnwuln8kdh4zxkr,
2020/08/25,Spain,ES,,ESMRE,en,6,0,,,0,0,,,,,,,,,,,limesurvey-5477,g3y41qhy0akea7v7ih,
2020/08/25,Spain,ES,,ESMRC,en,3,2,,,0,0,,,,,,,,,,,limesurvey-5479,5y9dw79m3qkdhlz8ma,
2020/08/25,Spain,ES,,ESMRO,en,100,8,,,2,0,,,,,,,,,,,limesurvey-5458,xjz79znl8okdcucuku,
2020/08/25,Spain,ES,,ESMAR,en,50,0,,,0,0,,,,,,,,,,,limesurvey-5484,df32xmvjufkd9z00sr,
2020/08/25,Spain,ES,,ESMRE,en,4,1,,,0,0,,,,,,,,,,,limesurvey-5461,d31f7nrd4wkea3c7y7,
2020/08/25,Spain,ES,,ESMAR,en,100,12,,,2,,,,,,,,,,,,limesurvey-5489,6tn1aupqqqke1ds2fk,
2020/08/25,Spain,ES,,ESMRC,en,8,0,,,0,0,,,,,,,,,,,limesurvey-5478,j5jvqp64sekd8zoznl,
2020/08/25,Spain,ES,,ESMAR,en,5,0,,,0,0,,,,,,,,,,,limesurvey-5462,cupy9zrjrakd9z4sf3,
2020/08/25,Spain,ES,,ESMRC,en,60,2,,,1,0,,,,,,,,,,,limesurvey-5468,9eonl1zdt2kdg04qdo,
2020/08/25,Spain,ES,,ESMRE,en,6,0,,,0,0,,,,,,,,,,,limesurvey-5490,ukozo3eu1ykdvg4boi,
2020/08/26,Spain,ES,,ESMRO,en,9,3,,,0,0,,,,,,,,,,,limesurvey-5525,y513ycl4cke2m7x3o,
2020/08/26,Spain,ES,,ESMRO,en,20,1,,,0,0,,,,,,,,,,,limesurvey-5527,geb609w8e2kebz6mvx,
2020/08/26,Spain,ES,,ESMRO,en,13,0,,,0,0,,,,,,,,,,,limesurvey-5516,fjiqzco90ckdgz53z0,
2020/08/26,Spain,ES,,ESMRE,en,10,2,,,0,0,,,,,,,,,,,limesurvey-5512,zj4ro69mu1kd8wo6sh,
2020/08/26,Spain,ES,,ESMRO,en,14,0,,,0,0,,,,,,,,,,,limesurvey-5503,tsuzy2hcaskd9efy0l,
2020/08/26,Spain,ES,,ESMRE,en,10,2,,,0,0,,,,,,,,,,,limesurvey-5513,zj4ro69mu1kd8wo6sh,
2020/08/26,Spain,ES,,ESMRC,en,20,2,,,0,0,,,,,,,,,,,limesurvey-5522,cgaguydbfokdef3k01,
2020/08/26,Spain,ES,,ESMRO,en,10,2,,,0,0,,,,,,,,,,,limesurvey-5498,i6ngl43neukdc2z6e9,
2020/08/26,Spain,ES,,ESMAR,en,50,1,,,1,0,,,,,,,,,,,limesurvey-5509,psdwq2hxq4kd8yh21a,
2020/08/26,Spain,ES,,ESMRE,en,7,0,,,0,0,,,,,,,,,,,limesurvey-5510,pigjn88cmskdg8jo38,
2020/08/26,Spain,ES,,ESMRO,en,14,0,,,0,0,,,,,,,,,,,limesurvey-5496,psdakdfcaokeb5h5au,
2020/08/26,Spain,ES,,ESMRO,en,100,9,,,2,0,,,,,,,,,,,limesurvey-5524,xjz79znl8okdcucuku,
2020/08/26,Spain,ES,,ESMRO,en,50,6,,,0,0,,,,,,,,,,,limesurvey-5502,7760o1jri3keblkkc2,
2020/08/26,Spain,ES,,ESMRO,en,8,2,,,0,0,,,,,,,,,,,limesurvey-5504,grbekj1wlvkdg5h9o9,
2020/08/26,Spain,ES,,ESMRE,en,50,1,,,0,0,,,,,,,,,,,limesurvey-5495,szn0bu0tonkeb23s4l,
2020/08/26,Spain,ES,,ESMRC,en,24,4,,,0,0,,,,,,,,,,,limesurvey-5506,y2xqg7350qkd9xaszn,
2020/08/26,Spain,ES,,ESMRC,en,5,0,,,0,0,,,,,,,,,,,limesurvey-5521,r7vkr19b1ukdklsm74,
2020/08/26,Spain,ES,,ESMRE,en,40,10,,,1,0,,,,,,,,,,,limesurvey-5517,oe7htbkasukdah8kiy,
2020/08/26,Spain,ES,,ESMRO,en,3,0,,,0,0,,,,,,,,,,,limesurvey-5494,yk1uf0ugoekdfucxp6,
2020/08/26,Spain,ES,,ESMRO,en,50,6,,,0,0,,,,,,,,,,,limesurvey-5500,7760o1jri3keblkkc2,
2020/08/26,Spain,ES,,ESMRC,en,5,0,,,0,0,,,,,,,,,,,limesurvey-5519,gksc3jcsn2kdg54sgx,
2020/08/26,Spain,ES,,ESMRO,en,20,0,,,0,0,,,,,,,,,,,limesurvey-5511,da5r4puzrxkdfui85k,
2020/08/26,Spain,ES,,ESMRE,en,20,6,,,0,0,,,,,,,,,,,limesurvey-5497,dbzikkd5qikda2rajt,
2020/08/26,Spain,ES,,ESMRO,en,17,1,,,0,0,,,,,,,,,,,limesurvey-5515,lctw8jar33kdkonfrp,
2020/08/26,Spain,ES,,ESMRC,en,20,2,,,0,0,,,,,,,,,,,limesurvey-5514,hlpgw68sddkd9267wh,
2020/08/26,Spain,ES,,ESMRO,en,51,7,,,0,0,,,,,,,,,,,limesurvey-5526,fwz4aoamzwke66jw2t,
2020/08/26,Spain,ES,,ESMRC,en,24,4,,,0,0,,,,,,,,,,,limesurvey-5507,y2xqg7350qkd9xaszn,
2020/08/26,Spain,ES,,ESMRO,en,100,9,,,2,0,,,,,,,,,,,limesurvey-5523,xjz79znl8okdcucuku,
2020/08/26,Spain,ES,,ESMAR,en,100,12,,,2,,,,,,,,,,,,limesurvey-5508,kzrer636r1keblyo53,
2020/08/26,Spain,ES,,ESMAR,en,5,0,,,0,0,,,,,,,,,,,limesurvey-5505,cupy9zrjrakd9z4sf3,
2020/08/26,Spain,ES,,ESMRC,en,5,0,,,0,0,,,,,,,,,,,limesurvey-5520,gksc3jcsn2kdg54sgx,
2020/08/26,Spain,ES,,ESMAR,en,46,5,,,0,0,,,,,,,,,,,limesurvey-5493,n0gdz29n17ke8k5pky,
2020/08/27,Spain,ES,,ESMRO,en,3,0,,,0,0,,,,,,,,,,,limesurvey-5533,yk1uf0ugoekdfucxp6,
2020/08/27,Spain,ES,,ESMRO,en,51,7,,,0,0,,,,,,,,,,,limesurvey-5547,fwz4aoamzwke66jw2t,
2020/08/27,Spain,ES,,ESMRO,en,8,2,,,0,0,,,,,,,,,,,limesurvey-5555,grbekj1wlvkdg5h9o9,
2020/08/27,Spain,ES,,ESMRC,en,40,11,,,2,0,,,,,,,,,,,limesurvey-5539,zo02jtzbhxkecy4c3f,
2020/08/27,Spain,ES,,ESMAR,en,25,7,,,2,0,,,,,,,,,,,limesurvey-5546,9oowr86lx2kd9l0yo5,
2020/08/27,Spain,ES,,ESMRC,en,24,4,,,0,0,,,,,,,,,,,limesurvey-5543,y2xqg7350qkd9xaszn,
2020/08/27,Spain,ES,,ESMRO,en,50,6,,,0,0,,,,,,,,,,,limesurvey-5553,4olksre8lqkedauc9v,
2020/08/27,Spain,ES,,ESMAR,en,100,5,,,0,0,,,,,,,,,,,limesurvey-5532,n57c9z45uqkdfyl13m,
2020/08/27,Spain,ES,,ESMRC,en,24,4,,,0,0,,,,,,,,,,,limesurvey-5544,y2xqg7350qkd9xaszn,
2020/08/27,Spain,ES,,ESMRE,en,7,0,,,0,0,,,,,,,,,,,limesurvey-5541,pigjn88cmskdg8jo38,
2020/08/27,Spain,ES,,ESMRC,en,5,0,,,0,0,,,,,,,,,,,limesurvey-5529,r7vkr19b1ukdklsm74,
2020/08/27,Spain,ES,,ESMRO,en,50,6,,,0,0,,,,,,,,,,,limesurvey-5554,4olksre8lqkedauc9v,
2020/08/27,Spain,ES,,ESMRC,en,150,7,,,2,0,,,,,,,,,,,limesurvey-5531,eyuw8393hikecl3qjn,
2020/08/27,Spain,ES,,ESMRO,en,5,0,,,1,0,,,,,,,,,,,limesurvey-5542,e7r3fo07xuke6rkiz5,
2020/08/27,Spain,ES,,ESMRO,en,15,2,,,1,0,,,,,,,,,,,limesurvey-5535,1gid4qykz3kdel98cr,
2020/08/27,Spain,ES,,ESMRO,en,10,2,,,0,0,,,,,,,,,,,limesurvey-5537,vap6x7tfwbke8najc5,
2020/08/27,Spain,ES,,ESMAR,en,50,2,,,0,0,,,,,,,,,,,limesurvey-5549,svm21x4y9tkdgc2n6e,
2020/08/27,Spain,ES,,ESMRE,en,10,0,,,0,0,,,,,,,,,,,limesurvey-5550,zj4ro69mu1kd8wo6sh,
2020/08/27,Spain,ES,,ESMAR,en,100,12,,,,,,,,,,,,,,,limesurvey-5548,kzrer636r1keblyo53,
2020/08/27,Spain,ES,,ESMAR,en,10,1,,,0,0,,,,,,,,,,,limesurvey-5534,l78zpuieeukdbp5msh,
2020/08/27,Spain,ES,,ESMRO,en,14,0,,,0,0,,,,,,,,,,,limesurvey-5545,tsuzy2hcaskd9efy0l,
2020/08/27,Spain,ES,,ESMAR,en,100,6,,,2,0,,,,,,,,,,,limesurvey-5552,oxsxy7lz3lkdh390no,
2020/08/27,Spain,ES,,ESMRE,en,10,0,,,0,0,,,,,,,,,,,limesurvey-5551,zj4ro69mu1kd8wo6sh,
2020/08/27,Spain,ES,,ESMRC,en,150,7,,,2,0,,,,,,,,,,,limesurvey-5530,eyuw8393hikecl3qjn,
2020/08/27,Spain,ES,,ESMRC,en,6,0,,,0,0,,,,,,,,,,,limesurvey-5528,ukozo3eu1ykdvg4boi,
2020/08/28,Spain,ES,,ESMRC,en,5,0,,,0,0,,,,,,,,,,,limesurvey-5571,mfbr0og4zlkeerj7sz,
2020/08/28,Spain,ES,,ESMRC,en,50,0,,,0,0,,,,,,,,,,,limesurvey-5558,jvl9yucoigayigy899,
2020/08/28,Spain,ES,,ESMRE,en,6,0,,,1,0,,,,,,,,,,,limesurvey-5570,ukozo3eu1ykdvg4boi,
2020/08/28,Spain,ES,,ESMRC,en,30,2,,,0,0,,,,,,,,,,,limesurvey-5560,sjonruip6jkee5r1g2,
2020/08/28,Spain,ES,,ESMRC,en,15,0,,,0,0,,,,,,,,,,,limesurvey-5563,6o6xv82memkeeeq4oo,
2020/08/28,Spain,ES,,ESMRE,en,7,0,,,0,0,,,,,,,,,,,limesurvey-5566,pigjn88cmskdg8jo38,
2020/08/28,Spain,ES,,ESMRE,en,20,6,,,0,0,,,,,,,,,,,limesurvey-5568,dbzikkd5qikda2rajt,
2020/08/28,Spain,ES,,ESMRC,en,150,5,,,0,0,,,,,,,,,,,limesurvey-5556,uboy30nelckedxkyvn,
2020/08/28,Spain,ES,,ESMRO,en,5,0,,,0,0,,,,,,,,,,,limesurvey-5572,mfbr0og4zlkeerj7sz,
2020/08/28,Spain,ES,,ESMRC,en,50,0,,,0,0,,,,,,,,,,,limesurvey-5557,jvl9yucoigayigy899,
2020/08/28,Spain,ES,,ESMAR,en,12,4,,,2,0,,,,,,,,,,,limesurvey-5567,91e7sk29hhkdhvegk4,
2020/08/28,Spain,ES,,ESMRC,en,15,0,,,0,0,,,,,,,,,,,limesurvey-5565,6o6xv82memkeeeq4oo,
2020/08/28,Spain,ES,,ESMRC,en,20,2,,,0,0,,,,,,,,,,,limesurvey-5561,hlpgw68sddkd9267wh,
2020/08/28,Spain,ES,,ESMRC,en,15,0,,,0,0,,,,,,,,,,,limesurvey-5564,6o6xv82memkeeeq4oo,
2020/08/28,Spain,ES,,ESMRC,en,5,0,,,0,0,,,,,,,,,,,limesurvey-5562,r7vkr19b1ukdklsm74,
2020/08/28,Spain,ES,,ESMRE,en,4,0,,,0,0,,,,,,,,,,,limesurvey-5559,mn2j6031h9kee465s2,
2020/08/29,Spain,ES,,ESMRO,en,12,3,,,0,0,,,,,,,,,,,limesurvey-5584,x5trs2j6thkd8p7bpf,
2020/08/29,Spain,ES,,ESMRE,en,20,6,,,0,0,,,,,,,,,,,limesurvey-5583,dbzikkd5qikda2rajt,
2020/08/29,Spain,ES,,ESMRC,en,200,0,,,0,0,,,,,,,,,,,limesurvey-5611,a3k2kl5kzbkeg57j8v,
2020/08/29,Spain,ES,,ESMRC,en,300,0,,,0,0,,,,,,,,,,,limesurvey-5599,a3k2kl5kzbkeg57j8v,
2020/08/29,Spain,ES,,ESMRC,en,4,0,,,0,0,,,,,,,,,,,limesurvey-5573,pub4batcjrkef1llbi,
2020/08/29,Spain,ES,,ESMRE,en,1000,0,,,0,0,,,,,,,,,,,limesurvey-5618,a3k2kl5kzbkeg57j8v,
2020/08/29,Spain,ES,,ESMRO,en,200,0,,,0,0,,,,,,,,,,,limesurvey-5619,a3k2kl5kzbkeg57j8v,
2020/08/29,Spain,ES,,ESMRC,en,300,0,,,0,0,,,,,,,,,,,limesurvey-5606,a3k2kl5kzbkeg57j8v,
2020/08/29,Spain,ES,,ESMRO,en,200,0,,,0,0,,,,,,,,,,,limesurvey-5620,a3k2kl5kzbkeg57j8v,
2020/08/29,Spain,ES,,ESMRE,en,6,0,,,1,0,,,,,,,,,,,limesurvey-5578,ukozo3eu1ykdvg4boi,
2020/08/29,Spain,ES,,ESMRC,en,50,20,,,0,0,,,,,,,,,,,limesurvey-5596,1paxf5zmmmkefs40gt,
2020/08/29,Spain,ES,,ESMRO,en,51,7,,,0,0,,,,,,,,,,,limesurvey-5589,fwz4aoamzwke66jw2t,
2020/08/29,Spain,ES,,ESMRO,en,20,6,,,0,0,,,,,,,,,,,limesurvey-5585,jmjsgkpxw2kd8rai20,
2020/08/29,Spain,ES,,ESMRE,en,1000,0,,,0,0,,,,,,,,,,,limesurvey-5615,a3k2kl5kzbkeg57j8v,
2020/08/29,Spain,ES,,ESMRC,en,300,0,,,0,0,,,,,,,,,,,limesurvey-5605,a3k2kl5kzbkeg57j8v,
2020/08/29,Spain,ES,,ESMRE,en,300,0,,,0,0,,,,,,,,,,,limesurvey-5613,a3k2kl5kzbkeg57j8v,
2020/08/29,Spain,ES,,ESMRC,en,24,4,,,0,0,,,,,,,,,,,limesurvey-5580,y2xqg7350qkd9xaszn,
2020/08/29,Spain,ES,,ESMRC,en,300,0,,,0,0,,,,,,,,,,,limesurvey-5608,a3k2kl5kzbkeg57j8v,
2020/08/29,Spain,ES,,ESMRC,en,190,0,,,0,0,,,,,,,,,,,limesurvey-5602,a3k2kl5kzbkeg57j8v,
2020/08/29,Spain,ES,,ESMRE,en,1000,0,,,0,0,,,,,,,,,,,limesurvey-5614,a3k2kl5kzbkeg57j8v,
2020/08/29,Spain,ES,,ESMRC,en,5,0,,,0,0,,,,,,,,,,,limesurvey-5586,r7vkr19b1ukdklsm74,
2020/08/29,Spain,ES,,ESMRE,en,1000,0,,,0,0,,,,,,,,,,,limesurvey-5616,a3k2kl5kzbkeg57j8v,
2020/08/29,Spain,ES,,ESMAR,en,5,0,,,0,0,,,,,,,,,,,limesurvey-5582,cupy9zrjrakd9z4sf3,
2020/08/29,Spain,ES,,ESMAR,en,50,6,,,0,0,,,,,,,,,,,limesurvey-5593,psdwq2hxq4kd8yh21a,
2020/08/29,Spain,ES,,ESMRC,en,300,0,,,0,0,,,,,,,,,,,limesurvey-5600,a3k2kl5kzbkeg57j8v,
2020/08/29,Spain,ES,,ESMRC,en,150,0,,,0,0,,,,,,,,,,,limesurvey-5609,a3k2kl5kzbkeg57j8v,
2020/08/29,Spain,ES,,ESMAR,en,100,6,,,2,0,,,,,,,,,,,limesurvey-5587,oxsxy7lz3lkdh390no,
2020/08/29,Spain,ES,,ESMRC,en,20,2,,,0,0,,,,,,,,,,,limesurvey-5590,hlpgw68sddkd9267wh,
2020/08/29,Spain,ES,,ESMRC,en,300,0,,,0,0,,,,,,,,,,,limesurvey-5607,a3k2kl5kzbkeg57j8v,
2020/08/29,Spain,ES,,ESMRO,en,14,0,,,0,0,,,,,,,,,,,limesurvey-5579,tsuzy2hcaskd9efy0l,
2020/08/29,Spain,ES,,ESMRC,en,150,0,,,0,0,,,,,,,,,,,limesurvey-5610,a3k2kl5kzbkeg57j8v,
2020/08/29,Spain,ES,,ESMRO,en,6,0,,,0,0,,,,,,,,,,,limesurvey-5574,1lthqvnaxykefad9x3,
2020/08/29,Spain,ES,,ESMRO,en,10,2,,,0,0,,,,,,,,,,,limesurvey-5592,i6ngl43neukdc2z6e9,
2020/08/29,Spain,ES,,ESMRO,en,5,0,,,1,0,,,,,,,,,,,limesurvey-5577,e7r3fo07xuke6rkiz5,
2020/08/29,Spain,ES,,ESMRC,en,500,0,,,0,0,,,,,,,,,,,limesurvey-5601,a3k2kl5kzbkeg57j8v,
2020/08/29,Spain,ES,,ESMRC,en,200,0,,,0,0,,,,,,,,,,,limesurvey-5598,j2ixq40dyskeg55geo,
2020/08/29,Spain,ES,,ESMRO,en,17,1,,,0,0,,,,,,,,,,,limesurvey-5595,lctw8jar33kdkonfrp,
2020/08/29,Spain,ES,,ESMRO,en,5,0,,,1,0,,,,,,,,,,,limesurvey-5576,e7r3fo07xuke6rkiz5,
2020/08/29,Spain,ES,,ESMRC,en,100,3,,,0,0,,,,,,,,,,,limesurvey-5594,atrbbgag4gkefkjrky,
2020/08/29,Spain,ES,,ESMRO,en,6,0,,,0,0,,,,,,,,,,,limesurvey-5575,1lthqvnaxykefad9x3,
2020/08/29,Spain,ES,,ESMAR,en,50,2,,,0,0,,,,,,,,,,,limesurvey-5622,svm21x4y9tkdgc2n6e,
2020/08/29,Spain,ES,,ESMRO,en,200,0,,,0,0,,,,,,,,,,,limesurvey-5621,a3k2kl5kzbkeg57j8v,
2020/08/29,Spain,ES,,ESMRC,en,300,0,,,0,0,,,,,,,,,,,limesurvey-5603,a3k2kl5kzbkeg57j8v,
2020/08/29,Spain,ES,,ESMRC,en,300,0,,,0,0,,,,,,,,,,,limesurvey-5604,a3k2kl5kzbkeg57j8v,
2020/08/29,Spain,ES,,ESMRE,en,1000,0,,,0,0,,,,,,,,,,,limesurvey-5617,a3k2kl5kzbkeg57j8v,
2020/08/29,Spain,ES,,ESMRE,en,20,1,,,0,0,,,,,,,,,,,limesurvey-5597,tnrjdyqeyzkefw8wbj,
2020/08/29,Spain,ES,,ESMRC,en,8,0,,,0,0,,,,,,,,,,,limesurvey-5581,b4zq4vxg8dkdbrmeae,
2020/08/29,Spain,ES,,ESMRC,en,150,5,,,0,0,,,,,,,,,,,limesurvey-5588,bwq203pzlwkefgvuwv,
2020/08/29,Spain,ES,,ESMRE,en,200,0,,,0,0,,,,,,,,,,,limesurvey-5612,a3k2kl5kzbkeg57j8v,
2020/08/30,Spain,ES,,ESMRC,en,50,0,,,0,0,,,,,,,,,,,limesurvey-5638,sjoqrv7l6xkehdr8vs,
2020/08/30,Spain,ES,,ESMAR,en,100,14,,,,,,,,,,,,,,,limesurvey-5630,kzrer636r1keblyo53,
2020/08/30,Spain,ES,,ESMRC,en,100,6,,,2,0,,,,,,,,,,,limesurvey-5646,am8x002rvqkdkiglt0,
2020/08/30,Spain,ES,,ESMRE,en,50,1,,,0,0,,,,,,,,,,,limesurvey-5653,szn0bu0tonkeb23s4l,
2020/08/30,Spain,ES,,ESMRC,en,32,2,,,0,0,,,,,,,,,,,limesurvey-5644,81gaxrwwxzkdio0wgu,
2020/08/30,Spain,ES,,ESMRO,en,14,0,,,0,0,,,,,,,,,,,limesurvey-5628,tsuzy2hcaskd9efy0l,
2020/08/30,Spain,ES,,ESMRO,en,20,6,,,0,0,,,,,,,,,,,limesurvey-5635,rvnb3qt84kdbx4p6w,
2020/08/30,Spain,ES,,ESMRE,en,20,6,,,0,0,,,,,,,,,,,limesurvey-5645,dbzikkd5qikda2rajt,
2020/08/30,Spain,ES,,ESMRC,en,20,2,,,0,0,,,,,,,,,,,limesurvey-5642,cgaguydbfokdef3k01,
2020/08/30,Spain,ES,,ESMAR,en,100,8,,,3,0,,,,,,,,,,,limesurvey-5649,pbuxyc6jdskd9dqidc,
2020/08/30,Spain,ES,,ESMRO,en,12,3,,,0,0,,,,,,,,,,,limesurvey-5627,x5trs2j6thkd8p7bpf,
2020/08/30,Spain,ES,,ESMRO,en,20,0,,,0,0,,,,,,,,,,,limesurvey-5640,da5r4puzrxkdfui85k,
2020/08/30,Spain,ES,,ESMRO,en,3,0,,,0,0,,,,,,,,,,,limesurvey-5643,yk1uf0ugoekdfucxp6,
2020/08/30,Spain,ES,,ESMRC,en,20,2,,,0,0,,,,,,,,,,,limesurvey-5641,cgaguydbfokdef3k01,
2020/08/30,Spain,ES,,ESMRO,en,13,0,,,0,0,,,,,,,,,,,limesurvey-5647,fjiqzco90ckdgz53z0,
2020/08/30,Spain,ES,,ESMRO,en,8,2,,,0,0,,,,,,,,,,,limesurvey-5650,grbekj1wlvkdg5h9o9,
2020/08/30,Spain,ES,,ESMRO,en,20,6,,,0,0,,,,,,,,,,,limesurvey-5633,rvnb3qt84kdbx4p6w,
2020/08/30,Spain,ES,,ESMRO,en,10,2,,,0,0,,,,,,,,,,,limesurvey-5624,i6ngl43neukdc2z6e9,
2020/08/30,Spain,ES,,ESMRO,en,9,3,,,0,0,,,,,,,,,,,limesurvey-5651,y513ycl4cke2m7x3o,
2020/08/30,Spain,ES,,ESMAR,en,50,6,,,0,0,,,,,,,,,,,limesurvey-5648,psdwq2hxq4kd8yh21a,
2020/08/30,Spain,ES,,ESMAR,en,10,1,,,0,0,,,,,,,,,,,limesurvey-5629,l78zpuieeukdbp5msh,
2020/08/30,Spain,ES,,ESMRO,en,20,6,,,0,0,,,,,,,,,,,limesurvey-5632,rvnb3qt84kdbx4p6w,
2020/08/30,Spain,ES,,ESMRC,en,5,0,,,0,0,,,,,,,,,,,limesurvey-5652,r7vkr19b1ukdklsm74,
2020/08/30,Spain,ES,,ESMRO,en,20,6,,,0,0,,,,,,,,,,,limesurvey-5631,rvnb3qt84kdbx4p6w,
2020/08/30,Spain,ES,,ESMRO,en,15,0,,,0,0,,,,,,,,,,,limesurvey-5626,p17vfqw14pkeh45nw2,
2020/08/30,Spain,ES,,ESMRC,en,50,0,,,0,0,,,,,,,,,,,limesurvey-5639,sjoqrv7l6xkehdr8vs,
2020/08/31,Spain,ES,,ESMRO,en,10,2,,,0,0,,,,,,,,,,,limesurvey-5658,i6ngl43neukdc2z6e9,
2020/08/31,Spain,ES,,ESMAR,en,100,8,,,3,0,,,,,,,,,,,limesurvey-5665,pbuxyc6jdskd9dqidc,
2020/08/31,Spain,ES,,ESMAR,en,50,2,,,0,0,,,,,,,,,,,limesurvey-5667,svm21x4y9tkdgc2n6e,
2020/08/31,Spain,ES,,ESMRO,en,14,0,,,0,0,,,,,,,,,,,limesurvey-5664,tsuzy2hcaskd9efy0l,
2020/08/31,Spain,ES,,ESMRO,en,8,2,,,1,0,,,,,,,,,,,limesurvey-5668,grbekj1wlvkdg5h9o9,
2020/08/31,Spain,ES,,ESMRC,en,5,0,,,0,0,,,,,,,,,,,limesurvey-5669,r7vkr19b1ukdklsm74,
2020/08/31,Spain,ES,,ESMRC,en,24,5,,,1,0,,,,,,,,,,,limesurvey-5663,y2xqg7350qkd9xaszn,
2020/08/31,Spain,ES,,ESMAR,en,46,5,,,0,0,,,,,,,,,,,limesurvey-5656,n0gdz29n17ke8k5pky,
2020/08/31,Spain,ES,,ESMRE,en,6,0,,,1,0,,,,,,,,,,,limesurvey-5657,ukozo3eu1ykdvg4boi,
2020/08/31,Spain,ES,,ESMRC,en,24,5,,,1,0,,,,,,,,,,,limesurvey-5662,y2xqg7350qkd9xaszn,
2020/08/31,Spain,ES,,ESMRC,en,20,2,,,0,0,,,,,,,,,,,limesurvey-5659,hlpgw68sddkd9267wh,
2020/09/01,Spain,ES,,ESMRE,en,50,1,,,0,0,,,,,,,,,,,limesurvey-5688,szn0bu0tonkeb23s4l,
2020/09/01,Spain,ES,,ESMRE,en,20,6,,,0,0,,,,,,,,,,,limesurvey-5671,dbzikkd5qikda2rajt,
2020/09/01,Spain,ES,,ESMRO,en,20,2,,,0,0,,,,,,,,,,,limesurvey-5683,7weijxuq8jkek13tev,
2020/09/01,Spain,ES,,ESMRC,en,20,0,,,0,0,,,,,,,,,,,limesurvey-5670,ueva0f0puhkejkm6ey,
2020/09/01,Spain,ES,,ESMAR,en,12,5,,,0,0,,,,,,,,,,,limesurvey-5679,94awrrqcngkdn9kak0,
2020/09/01,Spain,ES,,ESMRC,en,20,2,,,0,0,,,,,,,,,,,limesurvey-5691,hlpgw68sddkd9267wh,
2020/09/01,Spain,ES,,ESMRO,en,14,0,,,0,0,,,,,,,,,,,limesurvey-5677,tsuzy2hcaskd9efy0l,
2020/09/01,Spain,ES,,ESMRE,en,50,1,,,0,0,,,,,,,,,,,limesurvey-5687,szn0bu0tonkeb23s4l,
2020/09/01,Spain,ES,,ESMAR,en,4,3,,,0,0,,,,,,,,,,,limesurvey-5698,7ms9qioeq1kd8xs556,
2020/09/01,Spain,ES,,ESMRO,en,51,7,,,0,0,,,,,,,,,,,limesurvey-5690,9a0lln9uuekek3577s,
2020/09/01,Spain,ES,,ESMRO,en,20,4,,,0,0,,,,,,,,,,,limesurvey-5701,7ynoadapskpp6wsghq,
2020/09/01,Spain,ES,,ESMRO,en,3,0,,,0,0,,,,,,,,,,,limesurvey-5684,yk1uf0ugoekdfucxp6,
2020/09/01,Spain,ES,,ESMRC,en,5,0,,,0,0,,,,,,,,,,,limesurvey-5674,r7vkr19b1ukdklsm74,
2020/09/01,Spain,ES,,ESMRC,en,24,5,,,1,0,,,,,,,,,,,limesurvey-5693,y2xqg7350qkd9xaszn,
2020/09/01,Spain,ES,,ESMRO,en,3,0,,,0,0,,,,,,,,,,,limesurvey-5685,yk1uf0ugoekdfucxp6,
2020/09/01,Spain,ES,,ESMRE,en,6,0,,,0,0,,,,,,,,,,,limesurvey-5689,ukozo3eu1ykdvg4boi,
2020/09/01,Spain,ES,,ESMRC,en,32,2,,,0,0,,,,,,,,,,,limesurvey-5682,81gaxrwwxzkdio0wgu,
2020/09/01,Spain,ES,,ESMAR,en,50,0,,,0,0,,,,,,,,,,,limesurvey-5697,df32xmvjufkd9z00sr,
2020/09/01,Spain,ES,,ESMAR,en,5,0,,,0,0,,,,,,,,,,,limesurvey-5676,cupy9zrjrakd9z4sf3,
2020/09/01,Spain,ES,,ESMRO,en,9,1,,,0,0,,,,,,,,,,,limesurvey-5695,au56453zb2kd9wssc1,
2020/09/01,Spain,ES,,ESMRO,en,8,2,,,1,0,,,,,,,,,,,limesurvey-5686,grbekj1wlvkdg5h9o9,
2020/09/01,Spain,ES,,ESMAR,en,100,6,,,2,0,,,,,,,,,,,limesurvey-5699,oxsxy7lz3lkdh390no,
2020/09/01,Spain,ES,,ESMRO,en,10,2,,,0,0,,,,,,,,,,,limesurvey-5692,i6ngl43neukdc2z6e9,
2020/09/01,Spain,ES,,ESMAR,en,12,5,,,0,0,,,,,,,,,,,limesurvey-5680,94awrrqcngkdn9kak0,
2020/09/01,Spain,ES,,ESMRE,en,20,6,,,0,0,,,,,,,,,,,limesurvey-5672,dbzikkd5qikda2rajt,
2020/09/01,Spain,ES,,ESMRC,en,24,5,,,1,0,,,,,,,,,,,limesurvey-5694,y2xqg7350qkd9xaszn,
2020/09/01,Spain,ES,,ESMRO,en,13,0,,,0,0,,,,,,,,,,,limesurvey-5702,fjiqzco90ckdgz53z0,
2020/09/01,Spain,ES,,ESMRE,en,7,0,,,0,0,,,,,,,,,,,limesurvey-5678,pigjn88cmskdg8jo38,
2020/09/01,Spain,ES,,ESMRO,en,20,0,,,0,0,,,,,,,,,,,limesurvey-5681,go3f957fvpkdk7s06d,
2020/09/02,Spain,ES,,ESMRC,en,5,0,,,0,0,,,,,,,,,,,limesurvey-5706,r7vkr19b1ukdklsm74,
2020/09/02,Spain,ES,,ESMRC,en,6,0,,,0,0,,,,,,,,,,,limesurvey-5713,ukozo3eu1ykdvg4boi,
2020/09/02,Spain,ES,,ESMRE,en,20,6,,,0,0,,,,,,,,,,,limesurvey-5709,dbzikkd5qikda2rajt,
2020/09/02,Spain,ES,,ESMAR,en,50,2,,,0,0,,,,,,,,,,,limesurvey-5705,svm21x4y9tkdgc2n6e,
2020/09/02,Spain,ES,,ESMAR,en,10,1,,,0,0,,,,,,,,,,,limesurvey-5708,l78zpuieeukdbp5msh,
2020/09/02,Spain,ES,,ESMRO,en,10,2,,,0,0,,,,,,,,,,,limesurvey-5707,i6ngl43neukdc2z6e9,
2020/09/02,Spain,ES,,ESMRC,en,3,3,,,0,0,,,,,,,,,,,limesurvey-5712,5y9dw79m3qkdhlz8ma,
2020/09/03,Spain,ES,,ESMRE,en,20,6,,,0,0,,,,,,,,,,,limesurvey-5724,dbzikkd5qikda2rajt,
2020/09/03,Spain,ES,,ESMRO,en,10,2,,,0,0,,,,,,,,,,,limesurvey-5717,i6ngl43neukdc2z6e9,
2020/09/03,Spain,ES,,ESMRO,en,100,6,,,6,0,,,,,,,,,,,limesurvey-5716,3ue3vq8bbrkdoi60u8,
2020/09/03,Spain,ES,,ESMAR,en,50,2,,,0,0,,,,,,,,,,,limesurvey-5715,svm21x4y9tkdgc2n6e,
2020/09/03,Spain,ES,,ESMRC,en,5,0,,,0,0,,,,,,,,,,,limesurvey-5720,r7vkr19b1ukdklsm74,
2020/09/03,Spain,ES,,ESMRO,en,14,0,,,0,0,,,,,,,,,,,limesurvey-5721,tsuzy2hcaskd9efy0l,
2020/09/03,Spain,ES,,ESMRC,en,100,4,,,0,0,,,,,,,,,,,limesurvey-5725,ji4fdw878xke89ney0,
2020/09/03,Spain,ES,,ESMRO,en,20,0,,,0,0,,,,,,,,,,,limesurvey-5723,da5r4puzrxkdfui85k,
2020/09/03,Spain,ES,,ESMRC,en,24,5,,,1,0,,,,,,,,,,,limesurvey-5714,y2xqg7350qkd9xaszn,
2020/09/04,Spain,ES,,ESMRO,en,200,20,,,2,0,,,,,,,,,,,limesurvey-5727,mzfqmayml6kenx27vd,
2020/09/04,Spain,ES,,ESMRO,en,14,0,,,0,0,,,,,,,,,,,limesurvey-5726,mcgzb55pu8kenvq61v,
2020/09/04,Spain,ES,,ESMRO,en,9,1,,,0,0,,,,,,,,,,,limesurvey-5734,au56453zb2kd9wssc1,
2020/09/04,Spain,ES,,ESMRO,en,5,1,,,1,1,,,,,,,,,,,limesurvey-5737,xdgn00xlqlkeomfjj0,
2020/09/04,Spain,ES,,ESMRO,en,3,0,,,0,0,,,,,,,,,,,limesurvey-5732,yk1uf0ugoekdfucxp6,
2020/09/04,Spain,ES,,ESMRC,en,6,1,,,1,1,,,,,,,,,,,limesurvey-5735,sln3lbu5jakeol5llh,
2020/09/04,Spain,ES,,ESMAR,en,50,2,,,0,0,,,,,,,,,,,limesurvey-5728,svm21x4y9tkdgc2n6e,
2020/09/04,Spain,ES,,ESMRO,en,10,2,,,0,0,,,,,,,,,,,limesurvey-5731,i6ngl43neukdc2z6e9,
2020/09/04,Spain,ES,,ESMRO,en,9,1,,,0,0,,,,,,,,,,,limesurvey-5733,au56453zb2kd9wssc1,
2020/09/04,Spain,ES,,ESMRC,en,150,5,,,0,0,,,,,,,,,,,limesurvey-5729,xz601bwsenkenzr30b,
2020/09/04,Spain,ES,,ESMRO,en,5,1,,,1,1,,,,,,,,,,,limesurvey-5736,xdgn00xlqlkeomfjj0,
2020/09/05,Spain,ES,,ESMAR,en,100,8,,,3,0,,,,,,,,,,,limesurvey-5748,pbuxyc6jdskd9dqidc,
2020/09/05,Spain,ES,,ESMRE,en,20,6,,,0,0,,,,,,,,,,,limesurvey-5749,dbzikkd5qikda2rajt,
2020/09/05,Spain,ES,,ESMRC,en,5,0,,,0,0,,,,,,,,,,,limesurvey-5747,r7vkr19b1ukdklsm74,
2020/09/05,Spain,ES,,ESMRO,en,200,64,,,8,5,,,,,,,,,,,limesurvey-5743,jmjsgkpxw2kd8rai20,
2020/09/05,Spain,ES,,ESMRO,en,10,2,,,0,0,,,,,,,,,,,limesurvey-5744,i6ngl43neukdc2z6e9,
2020/09/05,Spain,ES,,ESMAR,en,50,2,,,0,0,,,,,,,,,,,limesurvey-5741,svm21x4y9tkdgc2n6e,
2020/09/05,Spain,ES,,ESMRC,en,24,4,,,1,0,,,,,,,,,,,limesurvey-5745,y2xqg7350qkd9xaszn,
2020/09/05,Spain,ES,,ESMRO,en,25,0,,,0,,,,,,,,,,,,limesurvey-5751,auqcxslckukeq87lyv,
2020/09/05,Spain,ES,,ESMRE,en,20,6,,,0,0,,,,,,,,,,,limesurvey-5750,dbzikkd5qikda2rajt,
2020/09/05,Spain,ES,,ESMRO,en,14,0,,,0,0,,,,,,,,,,,limesurvey-5742,tsuzy2hcaskd9efy0l,
2020/09/06,Spain,ES,,ESMRO,en,14,0,,,0,0,,,,,,,,,,,limesurvey-5761,tsuzy2hcaskd9efy0l,
2020/09/06,Spain,ES,,ESMRE,en,50,0,,,0,0,,,,,,,,,,,limesurvey-5770,sjoqrv7l6xkehdr8vs,
2020/09/06,Spain,ES,,ESMRE,en,50,1,,,0,0,,,,,,,,,,,limesurvey-5762,qc44kdzjaikera5xzn,
2020/09/06,Spain,ES,,ESMRO,en,9,1,,,0,0,,,,,,,,,,,limesurvey-5764,au56453zb2kd9wssc1,
2020/09/06,Spain,ES,,ESMRO,en,40,4,,,1,0,,,,,,,,,,,limesurvey-5768,8ob9ii1a9ekdahgw3a,
2020/09/06,Spain,ES,,ESMRC,en,5,0,,,0,0,,,,,,,,,,,limesurvey-5757,r7vkr19b1ukdklsm74,
2020/09/06,Spain,ES,,ESMRE,en,50,1,,,0,0,,,,,,,,,,,limesurvey-5763,qc44kdzjaikera5xzn,
2020/09/06,Spain,ES,,ESMRE,en,10,1,,,0,0,,,,,,,,,,,limesurvey-5771,8zrkn71dh6kdjancp0,
2020/09/06,Spain,ES,,ESMRO,en,25,2,,,1,1,,,,,,,,,,,limesurvey-5776,izwqn269rpkercyp72,
2020/09/06,Spain,ES,,ESMRC,en,20,2,,,0,0,,,,,,,,,,,limesurvey-5781,hlpgw68sddkd9267wh,
2020/09/06,Spain,ES,,ESMRO,en,51,9,,,2,0,,,,,,,,,,,limesurvey-5782,9a0lln9uuekek3577s,
2020/09/06,Spain,ES,,ESMRO,en,20,0,,,0,0,,,,,,,,,,,limesurvey-5758,go3f957fvpkdk7s06d,
2020/09/06,Spain,ES,,ESMRC,en,20,0,,,0,0,,,,,,,,,,,limesurvey-5775,12au5u9mbekdcvqxpq,
2020/09/06,Spain,ES,,ESMRC,en,32,2,,,0,0,,,,,,,,,,,limesurvey-5766,juzs1q15hnkd8z0thm,
2020/09/06,Spain,ES,,ESMRE,en,20,6,,,0,0,,,,,,,,,,,limesurvey-5753,dbzikkd5qikda2rajt,
2020/09/06,Spain,ES,,ESMRO,en,62,16,,,0,0,,,,,,,,,,,limesurvey-5780,8pe4llysy7kere3d8p,
2020/09/06,Spain,ES,,ESMRE,en,25,2,,,0,0,,,,,,,,,,,limesurvey-5778,gbd1jp1wt9kerd68r9,
2020/09/06,Spain,ES,,ESMAR,en,10,1,,,0,0,,,,,,,,,,,limesurvey-5756,l78zpuieeukdbp5msh,
2020/09/06,Spain,ES,,ESMAR,en,50,2,,,0,0,,,,,,,,,,,limesurvey-5784,svm21x4y9tkdgc2n6e,
2020/09/06,Spain,ES,,ESMRO,en,8,0,,,0,0,,,,,,,,,,,limesurvey-5774,yc5m1v4fllkercy3v6,
2020/09/06,Spain,ES,,ESMRC,en,24,5,,,0,0,,,,,,,,,,,limesurvey-5759,y2xqg7350qkd9xaszn,
2020/09/06,Spain,ES,,ESMAR,en,100,9,,,3,0,,,,,,,,,,,limesurvey-5779,pbuxyc6jdskd9dqidc,
2020/09/06,Spain,ES,,ESMRE,en,3,0,,,0,0,,,,,,,,,,,limesurvey-5772,i3ci4c0r4lkercxcq2,
2020/09/06,Spain,ES,,ESMRE,en,6,1,,,1,0,,,,,,,,,,,limesurvey-5767,ukozo3eu1ykdvg4boi,
2020/09/06,Spain,ES,,ESMRO,en,3,0,,,0,0,,,,,,,,,,,limesurvey-5783,yk1uf0ugoekdfucxp6,
2020/09/06,Spain,ES,,ESMRC,en,150,5,,,0,0,,,,,,,,,,,limesurvey-5777,xz601bwsenkenzr30b,
2020/09/06,Spain,ES,,ESMRO,en,20,6,,,6,2,,,,,,,,,,,limesurvey-5765,3ue3vq8bbrkdoi60u8,
2020/09/06,Spain,ES,,ESMRE,en,20,6,,,0,0,,,,,,,,,,,limesurvey-5752,dbzikkd5qikda2rajt,
2020/09/06,Spain,ES,,ESMRO,en,100,50,,,0,0,,,,,,,,,,,limesurvey-5773,fuxprrdhafkercxwxg,
2020/09/06,Spain,ES,,ESMRC,en,50,0,,,0,0,,,,,,,,,,,limesurvey-5769,sjoqrv7l6xkehdr8vs,
2020/09/06,Spain,ES,,ESMRO,en,10,2,,,0,0,,,,,,,,,,,limesurvey-5755,i6ngl43neukdc2z6e9,
2020/09/06,Spain,ES,,ESMRE,en,20,1,,,1,3,,,,,,,,,,,limesurvey-5760,4ctpj0occrkdfsdb9m,
2020/09/06,Spain,ES,,ESMRO,en,3,0,,,0,0,,,,,,,,,,,limesurvey-5785,dmkq2rfagskerigmu0,
2020/09/07,Spain,ES,,ESMRO,en,10,2,,,0,0,,,,,,,,,,,limesurvey-5787,i6ngl43neukdc2z6e9,
2020/09/07,Spain,ES,,ESMAR,en,50,2,,,0,0,,,,,,,,,,,limesurvey-5786,svm21x4y9tkdgc2n6e,
2020/09/07,Spain,ES,,ESMRE,en,6,1,,,1,0,,,,,,,,,,,limesurvey-5788,ukozo3eu1ykdvg4boi,
2020/09/07,Spain,ES,,ESMRC,en,5,0,,,0,0,,,,,,,,,,,limesurvey-5791,r7vkr19b1ukdklsm74,
2020/09/08,Spain,ES,,ESMRO,en,20,0,,,0,0,,,,,,,,,,,limesurvey-5799,da5r4puzrxkdfui85k,
2020/09/08,Spain,ES,,ESMRO,en,30,1,,,0,0,,,,,,,,,,,limesurvey-5800,4ijjmujns0kdan8hn2,
2020/09/08,Spain,ES,,ESMAR,en,50,2,,,0,0,,,,,,,,,,,limesurvey-5793,svm21x4y9tkdgc2n6e,
2020/09/08,Spain,ES,,ESMRO,en,10,2,,,0,0,,,,,,,,,,,limesurvey-5795,i6ngl43neukdc2z6e9,
2020/09/08,Spain,ES,,ESMAR,en,100,8,,,0,0,,,,,,,,,,,limesurvey-5794,n57c9z45uqkdfyl13m,
2020/09/08,Spain,ES,,ESMRE,en,6,1,,,1,0,,,,,,,,,,,limesurvey-5792,ukozo3eu1ykdvg4boi,
2020/09/08,Spain,ES,,ESMRO,en,9,1,,,0,0,,,,,,,,,,,limesurvey-5797,au56453zb2kd9wssc1,
2020/09/08,Spain,ES,,ESMRO,en,9,1,,,0,0,,,,,,,,,,,limesurvey-5796,au56453zb2kd9wssc1,
2020/09/09,Spain,ES,,ESMAR,en,50,2,,,0,0,,,,,,,,,,,limesurvey-5803,svm21x4y9tkdgc2n6e,
2020/09/09,Spain,ES,,ESMRO,en,13,0,,,0,0,,,,,,,,,,,limesurvey-5809,fjiqzco90ckdgz53z0,
2020/09/09,Spain,ES,,ESMRO,en,9,1,,,0,0,,,,,,,,,,,limesurvey-5810,au56453zb2kd9wssc1,
2020/09/09,Spain,ES,,ESMRC,en,5,0,,,0,0,,,,,,,,,,,limesurvey-5806,r7vkr19b1ukdklsm74,
2020/09/09,Spain,ES,,ESMRE,en,20,6,,,0,0,,,,,,,,,,,limesurvey-5808,dbzikkd5qikda2rajt,
2020/09/09,Spain,ES,,ESMRC,en,6,1,,,1,0,,,,,,,,,,,limesurvey-5802,ukozo3eu1ykdvg4boi,
2020/09/09,Spain,ES,,ESMRO,en,14,0,,,0,0,,,,,,,,,,,limesurvey-5804,tsuzy2hcaskd9efy0l,
2020/09/09,Spain,ES,,ESMRC,en,20,2,,,0,0,,,,,,,,,,,limesurvey-5811,hlpgw68sddkd9267wh,
2020/09/09,Spain,ES,,ESMRO,en,10,2,,,0,0,,,,,,,,,,,limesurvey-5805,i6ngl43neukdc2z6e9,
2020/09/09,Spain,ES,,ESMRE,en,20,6,,,0,0,,,,,,,,,,,limesurvey-5807,dbzikkd5qikda2rajt,
2020/09/10,Spain,ES,,ESMRC,en,5,0,,,0,0,,,,,,,,,,,limesurvey-5822,r7vkr19b1ukdklsm74,
2020/09/10,Spain,ES,,ESMRE,en,20,6,,,0,0,,,,,,,,,,,limesurvey-5820,dbzikkd5qikda2rajt,
2020/09/10,Spain,ES,,ESMAR,en,100,8,,,0,0,,,,,,,,,,,limesurvey-5816,pbuxyc6jdskd9dqidc,
2020/09/10,Spain,ES,,ESMRE,en,20,6,,,0,0,,,,,,,,,,,limesurvey-5815,dbzikkd5qikda2rajt,
2020/09/10,Spain,ES,,ESMRE,en,6,1,,,1,0,,,,,,,,,,,limesurvey-5813,ukozo3eu1ykdvg4boi,
2020/09/10,Spain,ES,,ESMRO,en,14,0,,,0,0,,,,,,,,,,,limesurvey-5818,tsuzy2hcaskd9efy0l,
2020/09/10,Spain,ES,,ESMRE,en,20,6,,,0,0,,,,,,,,,,,limesurvey-5819,dbzikkd5qikda2rajt,
2020/09/10,Spain,ES,,ESMRC,en,3,3,,,0,0,,,,,,,,,,,limesurvey-5817,5y9dw79m3qkdhlz8ma,
2020/09/10,Spain,ES,,ESMAR,en,50,2,,,0,0,,,,,,,,,,,limesurvey-5814,svm21x4y9tkdgc2n6e,
2020/09/11,Spain,ES,,ESMRO,en,10,2,,,0,0,,,,,,,,,,,limesurvey-5824,i6ngl43neukdc2z6e9,
2020/09/11,Spain,ES,,ESMRO,en,14,0,,,0,0,,,,,,,,,,,limesurvey-5825,tsuzy2hcaskd9efy0l,
2020/09/12,Spain,ES,,ESMAR,en,20,2,,,0,0,,,,,,,,,,,limesurvey-5846,g4fqfq2o0gkd8jprr1,
2020/09/12,Spain,ES,,ESMRE,en,20,6,,,0,0,,,,,,,,,,,limesurvey-5833,dbzikkd5qikda2rajt,
2020/09/12,Spain,ES,,ESMRO,en,30,3,,,1,0,,,,,,,,,,,limesurvey-5838,7573tj2lelkdar9m9t,
2020/09/12,Spain,ES,,ESMRC,en,20,2,,,0,0,,,,,,,,,,,limesurvey-5850,cgaguydbfokdef3k01,
2020/09/12,Spain,ES,,ESMRC,en,8,0,,,0,0,,,,,,,,,,,limesurvey-5830,j5jvqp64sekd8zoznl,
2020/09/12,Spain,ES,,ESMRO,en,14,0,,,0,0,,,,,,,,,,,limesurvey-5834,tsuzy2hcaskd9efy0l,
2020/09/12,Spain,ES,,ESMAR,en,100,6,,,1,0,,,,,,,,,,,limesurvey-5835,oxsxy7lz3lkdh390no,
2020/09/12,Spain,ES,,ESMRO,en,3,1,,,1,0,,,,,,,,,,,limesurvey-5840,yk1uf0ugoekdfucxp6,
2020/09/12,Spain,ES,,ESMAR,en,4,0,,,0,0,,,,,,,,,,,limesurvey-5843,cupy9zrjrakd9z4sf3,
2020/09/12,Spain,ES,,ESMRC,en,5,0,,,0,0,,,,,,,,,,,limesurvey-5829,r7vkr19b1ukdklsm74,
2020/09/12,Spain,ES,,ESMRO,en,9,1,,,0,0,,,,,,,,,,,limesurvey-5831,au56453zb2kd9wssc1,
2020/09/12,Spain,ES,,ESMRE,en,6,1,,,1,0,,,,,,,,,,,limesurvey-5826,ukozo3eu1ykdvg4boi,
2020/09/12,Spain,ES,,ESMRE,en,50,1,,,0,0,,,,,,,,,,,limesurvey-5837,qc44kdzjaikera5xzn,
2020/09/12,Spain,ES,,ESMRO,en,51,8,,,1,0,,,,,,,,,,,limesurvey-5827,kj2eu9w772kezddd75,
2020/09/12,Spain,ES,,ESMAR,en,12,5,,,0,0,,,,,,,,,,,limesurvey-5844,91e7sk29hhkdhvegk4,
2020/09/12,Spain,ES,,ESMRE,en,50,1,,,0,0,,,,,,,,,,,limesurvey-5836,qc44kdzjaikera5xzn,
2020/09/12,Spain,ES,,ESMRO,en,13,0,,,0,0,,,,,,,,,,,limesurvey-5839,fjiqzco90ckdgz53z0,
2020/09/12,Spain,ES,,ESMRO,en,60,1,,,1,0,,,,,,,,,,,limesurvey-5853,3bo3y1yioukf073mly,
2020/09/12,Spain,ES,,ESMRO,en,8,2,,,0,0,,,,,,,,,,,limesurvey-5842,grbekj1wlvkdg5h9o9,
2020/09/12,Spain,ES,,ESMAR,en,50,2,,,0,0,,,,,,,,,,,limesurvey-5849,svm21x4y9tkdgc2n6e,
2020/09/12,Spain,ES,,ESMRC,en,20,2,,,0,0,,,,,,,,,,,limesurvey-5841,hlpgw68sddkd9267wh,
2020/09/12,Spain,ES,,ESMRE,en,20,6,,,0,0,,,,,,,,,,,limesurvey-5832,dbzikkd5qikda2rajt,
2020/09/12,Spain,ES,,ESMRO,en,6,0,,,0,0,,,,,,,,,,,limesurvey-5847,0z3y3j6lpvkezvhnog,
2020/09/12,Spain,ES,,ESMRO,en,60,1,,,1,0,,,,,,,,,,,limesurvey-5852,3bo3y1yioukf073mly,
2020/09/12,Spain,ES,,ESMRO,en,6,0,,,0,0,,,,,,,,,,,limesurvey-5848,0z3y3j6lpvkezvhnog,
2020/09/13,Spain,ES,,ESMAR,en,10,1,,,0,0,,,,,,,,,,,limesurvey-5863,l78zpuieeukdbp5msh,
2020/09/13,Spain,ES,,ESMRO,en,10,2,,,0,0,,,,,,,,,,,limesurvey-5860,vap6x7tfwbke8najc5,
2020/09/13,Spain,ES,,ESMRE,en,6,1,,,0,0,,,,,,,,,,,limesurvey-5854,ukozo3eu1ykdvg4boi,
2020/09/13,Spain,ES,,ESMRO,en,20,0,,,0,0,,,,,,,,,,,limesurvey-5861,da5r4puzrxkdfui85k,
2020/09/13,Spain,ES,,ESMRC,en,20,1,,,0,0,,,,,,,,,,,limesurvey-5856,0d1k8j5kg6kdbxhbxx,
2020/09/13,Spain,ES,,ESMAR,en,100,9,,,1,0,,,,,,,,,,,limesurvey-5859,prmkdrlo6vkf169k26,
2020/09/13,Spain,ES,,ESMRC,en,20,1,,,0,0,,,,,,,,,,,limesurvey-5855,0d1k8j5kg6kdbxhbxx,
2020/09/13,Spain,ES,,ESMRC,en,5,0,,,0,0,,,,,,,,,,,limesurvey-5864,r7vkr19b1ukdklsm74,
2020/09/14,Spain,ES,,ESMRC,en,24,7,,,0,0,,,,,,,,,,,limesurvey-5870,y2xqg7350qkd9xaszn,
2020/09/14,Spain,ES,,ESMRC,en,3,3,,,0,0,,,,,,,,,,,limesurvey-5871,5y9dw79m3qkdhlz8ma,
2020/09/14,Spain,ES,,ESMAR,en,50,7,,,1,0,,,,,,,,,,,limesurvey-5869,psdwq2hxq4kd8yh21a,
2020/09/14,Spain,ES,,ESMAR,en,50,2,,,0,0,,,,,,,,,,,limesurvey-5865,svm21x4y9tkdgc2n6e,
2020/09/14,Spain,ES,,ESMRO,en,9,1,,,0,0,,,,,,,,,,,limesurvey-5866,au56453zb2kd9wssc1,
2020/09/14,Spain,ES,,ESMAR,en,100,9,,,1,1,,,,,,,,,,,limesurvey-5867,prmkdrlo6vkf169k26,
2020/09/14,Spain,ES,,ESMAR,en,50,7,,,1,0,,,,,,,,,,,limesurvey-5868,psdwq2hxq4kd8yh21a,
2020/09/15,Spain,ES,,ESMRE,en,50,0,,,0,0,,,,,,,,,,,limesurvey-5881,jnprxsy5zckf4fqxkm,
2020/09/15,Spain,ES,,ESMAR,en,50,2,,,0,0,,,,,,,,,,,limesurvey-5874,svm21x4y9tkdgc2n6e,
2020/09/15,Spain,ES,,ESMAR,en,100,9,,,1,0,,,,,,,,,,,limesurvey-5878,prmkdrlo6vkf169k26,
2020/09/15,Spain,ES,,ESMRE,en,6,1,,,0,0,,,,,,,,,,,limesurvey-5872,ukozo3eu1ykdvg4boi,
2020/09/15,Spain,ES,,ESMRE,en,20,7,,,1,0,,,,,,,,,,,limesurvey-5882,dbzikkd5qikda2rajt,
2020/09/15,Spain,ES,,ESMRC,en,50,11,,,6,0,,,,,,,,,,,limesurvey-5879,bi7z810us6kf45bff7,
2020/09/15,Spain,ES,,ESMRC,en,24,5,,,0,0,,,,,,,,,,,limesurvey-5877,y2xqg7350qkd9xaszn,
2020/09/15,Spain,ES,,ESMRC,en,5,0,,,0,0,,,,,,,,,,,limesurvey-5875,r7vkr19b1ukdklsm74,
2020/09/15,Spain,ES,,ESMRC,en,24,5,,,0,0,,,,,,,,,,,limesurvey-5876,y2xqg7350qkd9xaszn,
2020/09/15,Spain,ES,,ESMRO,en,10,2,,,0,0,,,,,,,,,,,limesurvey-5873,i6ngl43neukdc2z6e9,
2020/09/16,Spain,ES,,ESMAR,en,12,5,,,0,0,,,,,,,,,,,limesurvey-5888,91e7sk29hhkdhvegk4,
2020/09/16,Spain,ES,,ESMRC,en,5,0,,,0,0,,,,,,,,,,,limesurvey-5886,r7vkr19b1ukdklsm74,
2020/09/16,Spain,ES,,ESMRO,en,9,1,,,0,0,,,,,,,,,,,limesurvey-5892,au56453zb2kd9wssc1,
2020/09/16,Spain,ES,,ESMRC,en,50,0,,,0,0,,,,,,,,,,,limesurvey-5890,sjoqrv7l6xkehdr8vs,
2020/09/16,Spain,ES,,ESMAR,en,50,2,,,0,0,,,,,,,,,,,limesurvey-5891,svm21x4y9tkdgc2n6e,
2020/09/16,Spain,ES,,ESMRO,en,10,2,,,0,0,,,,,,,,,,,limesurvey-5885,i6ngl43neukdc2z6e9,
2020/09/16,Spain,ES,,ESMAR,en,12,5,,,0,0,,,,,,,,,,,limesurvey-5889,91e7sk29hhkdhvegk4,
2020/09/16,Spain,ES,,ESMAR,en,12,5,,,0,0,,,,,,,,,,,limesurvey-5887,91e7sk29hhkdhvegk4,
2020/09/17,Spain,ES,,ESMRC,en,150,5,,,1,0,,,,,,,,,,,limesurvey-5903,ue77qrub55kf6vnlcd,
2020/09/17,Spain,ES,,ESMRO,en,51,9,,,1,0,,,,,,,,,,,limesurvey-5899,kj2eu9w772kezddd75,
2020/09/17,Spain,ES,,ESMRE,en,50,0,,,0,0,,,,,,,,,,,limesurvey-5905,jnprxsy5zckf4fqxkm,
2020/09/17,Spain,ES,,ESMRE,en,6,1,,,0,0,,,,,,,,,,,limesurvey-5893,ukozo3eu1ykdvg4boi,
2020/09/17,Spain,ES,,ESMAR,en,100,9,,,1,0,,,,,,,,,,,limesurvey-5908,prmkdrlo6vkf169k26,
2020/09/17,Spain,ES,,ESMRC,en,5,0,,,0,0,,,,,,,,,,,limesurvey-5907,r7vkr19b1ukdklsm74,
2020/09/17,Spain,ES,,ESMRE,en,50,0,,,0,0,,,,,,,,,,,limesurvey-5906,jnprxsy5zckf4fqxkm,
2020/09/17,Spain,ES,,ESMRO,en,14,0,,,0,0,,,,,,,,,,,limesurvey-5901,tsuzy2hcaskd9efy0l,
2020/09/17,Spain,ES,,ESMAR,en,4,0,,,0,0,,,,,,,,,,,limesurvey-5904,cupy9zrjrakd9z4sf3,
2020/09/17,Spain,ES,,ESMRE,en,17,1,,,0,0,,,,,,,,,,,limesurvey-5909,lctw8jar33kdkonfrp,
2020/09/17,Spain,ES,,ESMRC,en,24,5,,,0,0,,,,,,,,,,,limesurvey-5894,y2xqg7350qkd9xaszn,
2020/09/17,Spain,ES,,ESMRE,en,10,1,,,0,0,,,,,,,,,,,limesurvey-5896,nea21jtnq4kf6rqffp,
2020/09/17,Spain,ES,,ESMRC,en,150,5,,,1,0,,,,,,,,,,,limesurvey-5902,ue77qrub55kf6vnlcd,
2020/09/17,Spain,ES,,ESMRO,en,51,9,,,1,0,,,,,,,,,,,limesurvey-5898,kj2eu9w772kezddd75,
2020/09/17,Spain,ES,,ESMRE,en,20,8,,,1,0,,,,,,,,,,,limesurvey-5895,dbzikkd5qikda2rajt,
2020/09/17,Spain,ES,,ESMRO,en,10,2,,,0,0,,,,,,,,,,,limesurvey-5897,i6ngl43neukdc2z6e9,
2020/09/17,Spain,ES,,ESMRO,en,8,2,,,0,0,,,,,,,,,,,limesurvey-5900,grbekj1wlvkdg5h9o9,
2020/09/18,Spain,ES,,ESMRC,en,24,5,,,0,0,,,,,,,,,,,limesurvey-5914,y2xqg7350qkd9xaszn,
2020/09/18,Spain,ES,,ESMAR,en,50,2,,,0,0,,,,,,,,,,,limesurvey-5913,svm21x4y9tkdgc2n6e,
2020/09/18,Spain,ES,,ESMRO,en,10,2,,,0,0,,,,,,,,,,,limesurvey-5910,i6ngl43neukdc2z6e9,
2020/09/18,Spain,ES,,ESMRE,en,20,8,,,1,0,,,,,,,,,,,limesurvey-5911,dbzikkd5qikda2rajt,
2020/09/18,Spain,ES,,ESMRC,en,24,5,,,0,0,,,,,,,,,,,limesurvey-5915,y2xqg7350qkd9xaszn,
2020/09/19,Spain,ES,,ESMRO,en,8,2,,,0,0,,,,,,,,,,,limesurvey-5918,grbekj1wlvkdg5h9o9,
2020/09/19,Spain,ES,,ESMRO,en,10,2,,,0,0,,,,,,,,,,,limesurvey-5919,vap6x7tfwbke8najc5,
2020/09/19,Spain,ES,,ESMRE,en,20,8,,,1,0,,,,,,,,,,,limesurvey-5917,dbzikkd5qikda2rajt,
2020/09/19,Spain,ES,,ESMRE,en,50,0,,,0,0,,,,,,,,,,,limesurvey-5916,sjoqrv7l6xkehdr8vs,
2020/09/20,Spain,ES,,ESMRC,en,5,0,,,0,0,,,,,,,,,,,limesurvey-5924,r7vkr19b1ukdklsm74,
2020/09/20,Spain,ES,,ESMAR,en,50,2,,,0,0,,,,,,,,,,,limesurvey-5922,svm21x4y9tkdgc2n6e,
2020/09/20,Spain,ES,,ESMRO,en,10,2,,,0,0,,,,,,,,,,,limesurvey-5921,i6ngl43neukdc2z6e9,
2020/09/21,Spain,ES,,ESMRE,en,20,8,,,1,0,,,,,,,,,,,limesurvey-5927,dbzikkd5qikda2rajt,
2020/09/21,Spain,ES,,ESMRC,en,5,0,,,0,0,,,,,,,,,,,limesurvey-5928,r7vkr19b1ukdklsm74,
2020/09/21,Spain,ES,,ESMRO,en,10,2,,,0,0,,,,,,,,,,,limesurvey-5925,i6ngl43neukdc2z6e9,
2020/09/21,Spain,ES,,ESMRC,en,30,5,,,1,0,,,,,,,,,,,limesurvey-5926,wnfjbftkb9kfclb87z,
2020/09/22,Spain,ES,,ESMAR,en,4,0,,,0,0,,,,,,,,,,,limesurvey-5941,cupy9zrjrakd9z4sf3,
2020/09/22,Spain,ES,,ESMRE,en,6,1,,,0,0,,,,,,,,,,,limesurvey-5943,ukozo3eu1ykdvg4boi,
2020/09/22,Spain,ES,,ESMRE,en,20,8,,,1,0,,,,,,,,,,,limesurvey-5933,dbzikkd5qikda2rajt,
2020/09/22,Spain,ES,,ESMRO,en,13,0,,,0,0,,,,,,,,,,,limesurvey-5939,fjiqzco90ckdgz53z0,
2020/09/22,Spain,ES,,ESMAR,en,50,2,,,0,0,,,,,,,,,,,limesurvey-5931,svm21x4y9tkdgc2n6e,
2020/09/22,Spain,ES,,ESMRC,en,24,5,,,0,0,,,,,,,,,,,limesurvey-5937,y2xqg7350qkd9xaszn,
2020/09/22,Spain,ES,,ESMRO,en,9,1,,,0,0,,,,,,,,,,,limesurvey-5935,au56453zb2kd9wssc1,
2020/09/22,Spain,ES,,ESMRO,en,30,4,,,2,0,,,,,,,,,,,limesurvey-5936,9wvmp3zp2vkd7hdxkt,
2020/09/22,Spain,ES,,ESMRO,en,10,2,,,0,0,,,,,,,,,,,limesurvey-5929,vap6x7tfwbke8najc5,
2020/09/22,Spain,ES,,ESMRC,en,24,5,,,0,0,,,,,,,,,,,limesurvey-5938,y2xqg7350qkd9xaszn,
2020/09/22,Spain,ES,,ESMRE,en,20,8,,,1,0,,,,,,,,,,,limesurvey-5932,dbzikkd5qikda2rajt,
2020/09/22,Spain,ES,,ESMAR,en,100,9,,,0,0,,,,,,,,,,,limesurvey-5942,prmkdrlo6vkf169k26,
2020/09/22,Spain,ES,,ESMRO,en,9,1,,,0,0,,,,,,,,,,,limesurvey-5934,au56453zb2kd9wssc1,
2020/09/22,Spain,ES,,ESMRO,en,31,0,,,0,0,,,,,,,,,,,limesurvey-5944,go3f957fvpkdk7s06d,
2020/09/22,Spain,ES,,ESMRC,en,20,4,,,2,0,,,,,,,,,,,limesurvey-5930,hlpgw68sddkd9267wh,
2020/09/22,Spain,ES,,ESMRC,en,20,5,,,0,0,,,,,,,,,,,limesurvey-5945,ovjr1f2bqykd96tnhj,
2020/09/22,Spain,ES,,ESMRO,en,8,2,,,0,0,,,,,,,,,,,limesurvey-5940,grbekj1wlvkdg5h9o9,
2020/09/23,Spain,ES,,ESMRO,en,10,2,,,0,0,,,,,,,,,,,limesurvey-5949,i6ngl43neukdc2z6e9,
2020/09/23,Spain,ES,,ESMRC,en,5,0,,,0,0,,,,,,,,,,,limesurvey-5951,r7vkr19b1ukdklsm74,
2020/09/23,Spain,ES,,ESMRE,en,20,9,,,2,0,,,,,,,,,,,limesurvey-5950,dbzikkd5qikda2rajt,
2020/09/24,Spain,ES,,ESMRO,en,9,1,,,0,0,,,,,,,,,,,limesurvey-5961,au56453zb2kd9wssc1,
2020/09/24,Spain,ES,,ESMRE,en,20,9,,,3,0,,,,,,,,,,,limesurvey-5959,dbzikkd5qikda2rajt,
2020/09/24,Spain,ES,,ESMRO,en,8,2,,,0,0,,,,,,,,,,,limesurvey-5953,grbekj1wlvkdg5h9o9,
2020/09/24,Spain,ES,,ESMAR,en,100,9,,,0,0,,,,,,,,,,,limesurvey-5956,prmkdrlo6vkf169k26,
2020/09/24,Spain,ES,,ESMRO,en,10,2,,,0,0,,,,,,,,,,,limesurvey-5954,i6ngl43neukdc2z6e9,
2020/09/24,Spain,ES,,ESMRE,en,20,9,,,3,0,,,,,,,,,,,limesurvey-5958,dbzikkd5qikda2rajt,
2020/09/24,Spain,ES,,ESMRC,en,5,0,,,0,0,,,,,,,,,,,limesurvey-5957,r7vkr19b1ukdklsm74,
2020/09/24,Spain,ES,,ESMRC,en,20,4,,,2,1,,,,,,,,,,,limesurvey-5962,hlpgw68sddkd9267wh,
2020/09/25,Spain,ES,,ESMRO,en,10,2,,,0,0,,,,,,,,,,,limesurvey-5963,i6ngl43neukdc2z6e9,
2020/09/26,Spain,ES,,ESMRO,en,10,2,,,0,0,,,,,,,,,,,limesurvey-5988,i6ngl43neukdc2z6e9,
2020/09/26,Spain,ES,,ESMAR,en,4,4,,,4,0,,,,,,,,,,,limesurvey-5983,cupy9zrjrakd9z4sf3,
2020/09/26,Spain,ES,,ESMRE,en,6,1,,,0,0,,,,,,,,,,,limesurvey-6000,ukozo3eu1ykdvg4boi,
2020/09/26,Spain,ES,,ESMRO,en,14,0,,,0,0,,,,,,,,,,,limesurvey-5976,tsuzy2hcaskd9efy0l,
2020/09/26,Spain,ES,,ESMRO,en,55,9,,,1,0,,,,,,,,,,,limesurvey-5966,4va4elmtuukfjf2sgy,
2020/09/26,Spain,ES,,ESMRE,en,25,0,,,0,0,,,,,,,,,,,limesurvey-5977,gbd1jp1wt9kerd68r9,
2020/09/26,Spain,ES,,ESMRC,en,20,0,,,0,0,,,,,,,,,,,limesurvey-5969,556jduoza3kfjf5noc,
2020/09/26,Spain,ES,,ESMRC,en,24,5,,,0,0,,,,,,,,,,,limesurvey-5982,y2xqg7350qkd9xaszn,
2020/09/26,Spain,ES,,ESMAR,en,100,15,,,1,,,,,,,,,,,,limesurvey-5999,7zoerksp9ukfjuuygs,
2020/09/26,Spain,ES,,ESMRE,en,50,0,,,0,0,,,,,,,,,,,limesurvey-5968,sjoqrv7l6xkehdr8vs,
2020/09/26,Spain,ES,,ESMRO,en,20,2,,,1,0,,,,,,,,,,,limesurvey-5984,7irqt1qiqxkfjh2c8d,
2020/09/26,Spain,ES,,ESMRE,en,2,1,,,0,0,,,,,,,,,,,limesurvey-5997,k29opapncykfju2842,
2020/09/26,Spain,ES,,ESMRO,en,3,1,,,0,0,,,,,,,,,,,limesurvey-5979,yk1uf0ugoekdfucxp6,
2020/09/26,Spain,ES,,ESMRO,en,8,2,,,0,0,,,,,,,,,,,limesurvey-5965,grbekj1wlvkdg5h9o9,
2020/09/26,Spain,ES,,ESMRE,en,50,2,,,1,0,,,,,,,,,,,limesurvey-5993,4z8qr2cftlkfjrh6du,
2020/09/26,Spain,ES,,ESMRO,en,30,5,,,2,0,,,,,,,,,,,limesurvey-5998,9wvmp3zp2vkd7hdxkt,
2020/09/26,Spain,ES,,ESMRC,en,20,4,,,3,1,,,,,,,,,,,limesurvey-5974,hlpgw68sddkd9267wh,
2020/09/26,Spain,ES,,ESMRO,en,50,2,,,0,0,,,,,,,,,,,limesurvey-5986,212nxnzay5kfjhfj2s,
2020/09/26,Spain,ES,,ESMRE,en,20,9,,,2,0,,,,,,,,,,,limesurvey-5970,dbzikkd5qikda2rajt,
2020/09/26,Spain,ES,,ESMRC,en,24,5,,,0,0,,,,,,,,,,,limesurvey-5981,y2xqg7350qkd9xaszn,
2020/09/26,Spain,ES,,ESMRO,en,100,7,,,3,0,,,,,,,,,,,limesurvey-5972,fuxprrdhafkercxwxg,
2020/09/26,Spain,ES,,ESMRE,en,70,7,,,5,0,,,,,,,,,,,limesurvey-5978,o3yspl3ymvkddj732k,
2020/09/26,Spain,ES,,ESMRE,en,50,2,,,1,0,,,,,,,,,,,limesurvey-5994,4z8qr2cftlkfjrh6du,
2020/09/26,Spain,ES,,ESMRO,en,64,5,,,1,,,,,,,,,,,,limesurvey-5996,8pe4llysy7kere3d8p,
2020/09/26,Spain,ES,,ESMRO,en,40,1,,,1,0,,,,,,,,,,,limesurvey-5992,fsk3j5accwkdd320sa,
2020/09/26,Spain,ES,,ESMRO,en,40,6,,,0,0,,,,,,,,,,,limesurvey-5985,cv02yvqrp2kfjhc37c,
2020/09/26,Spain,ES,,ESMRO,en,9,1,,,0,0,,,,,,,,,,,limesurvey-5967,au56453zb2kd9wssc1,
2020/09/26,Spain,ES,,ESMRO,en,40,4,,,0,0,,,,,,,,,,,limesurvey-5991,8ob9ii1a9ekdahgw3a,
2020/09/26,Spain,ES,,ESMRC,en,5,0,,,0,0,,,,,,,,,,,limesurvey-5990,r7vkr19b1ukdklsm74,
2020/09/26,Spain,ES,,ESMRE,en,30,8,,,2,1,,,,,,,,,,,limesurvey-5971,64okjiqy8lkd8ivmy0,
2020/09/26,Spain,ES,,ESMAR,en,100,9,,,0,0,,,,,,,,,,,limesurvey-5987,prmkdrlo6vkf169k26,
2020/09/26,Spain,ES,,ESMRC,en,30,10,,,1,0,,,,,,,,,,,limesurvey-5989,yws61hfjtykfjmcsqf,
2020/09/26,Spain,ES,,ESMRC,en,2,3,,,2,0,,,,,,,,,,,limesurvey-5975,sei60qvaahkfjfjszz,
2020/09/26,Spain,ES,,ESMRO,en,20,4,,,0,0,,,,,,,,,,,limesurvey-5973,5i80cawbrbkfjfe0zd,
2020/09/26,Spain,ES,,ESMRO,en,100,3,,,0,0,,,,,,,,,,,limesurvey-5995,4bxrwx5na9kfjsrz7s,
2020/09/26,Spain,ES,,ESMRE,en,359,1,,,0,0,,,,,,,,,,,limesurvey-6002,nftb1xf21ikdg25yt0,
2020/09/26,Spain,ES,,ESMAR,en,100,7,,,1,0,,,,,,,,,,,limesurvey-5980,oxsxy7lz3lkdh390no,
2020/09/27,Spain,ES,,ESMRO,en,8,2,,,0,0,,,,,,,,,,,limesurvey-6024,grbekj1wlvkdg5h9o9,
2020/09/27,Spain,ES,,ESMRE,en,50,2,,,1,0,,,,,,,,,,,limesurvey-6026,4z8qr2cftlkfjrh6du,
2020/09/27,Spain,ES,,ESMRC,en,2,0,,,0,0,,,,,,,,,,,limesurvey-6003,vjzbnn9wf1kfkuggvb,
2020/09/27,Spain,ES,,ESMRO,en,10,2,,,0,0,,,,,,,,,,,limesurvey-6004,i6ngl43neukdc2z6e9,
2020/09/27,Spain,ES,,ESMRC,en,5,0,,,0,0,,,,,,,,,,,limesurvey-6008,r7vkr19b1ukdklsm74,
2020/09/27,Spain,ES,,ESMRO,en,55,9,,,1,0,,,,,,,,,,,limesurvey-6020,4va4elmtuukfjf2sgy,
2020/09/27,Spain,ES,,ESMRE,en,6,1,,,0,0,,,,,,,,,,,limesurvey-6022,ukozo3eu1ykdvg4boi,
2020/09/27,Spain,ES,,ESMAR,en,100,15,,,4,,,,,,,,,,,,limesurvey-6016,7zoerksp9ukfjuuygs,
2020/09/27,Spain,ES,,ESMRC,en,24,5,,,0,0,,,,,,,,,,,limesurvey-6025,y2xqg7350qkd9xaszn,
2020/09/27,Spain,ES,,ESMAR,en,12,4,,,0,0,,,,,,,,,,,limesurvey-6012,91e7sk29hhkdhvegk4,
2020/09/27,Spain,ES,,ESMAR,en,12,4,,,0,0,,,,,,,,,,,limesurvey-6013,91e7sk29hhkdhvegk4,
2020/09/27,Spain,ES,,ESMRE,en,20,9,,,3,0,,,,,,,,,,,limesurvey-6010,dbzikkd5qikda2rajt,
2020/09/27,Spain,ES,,ESMRE,en,20,9,,,3,0,,,,,,,,,,,limesurvey-6011,dbzikkd5qikda2rajt,
2020/09/27,Spain,ES,,ESMRO,en,55,9,,,1,0,,,,,,,,,,,limesurvey-6019,4va4elmtuukfjf2sgy,
2020/09/27,Spain,ES,,ESMRC,en,9,0,,,0,0,,,,,,,,,,,limesurvey-6007,gh5ziput8fkfl8k8bq,
2020/09/27,Spain,ES,,ESMRO,en,14,0,,,0,0,,,,,,,,,,,limesurvey-6006,tsuzy2hcaskd9efy0l,
2020/09/27,Spain,ES,,ESMAR,en,43,7,,,2,0,,,,,,,,,,,limesurvey-6028,higg3i7p4bkfln2cvi,
2020/09/27,Spain,ES,,ESMRO,en,9,1,,,0,0,,,,,,,,,,,limesurvey-6018,au56453zb2kd9wssc1,
2020/09/27,Spain,ES,,ESMRE,en,50,2,,,1,0,,,,,,,,,,,limesurvey-6027,4z8qr2cftlkfjrh6du,
2020/09/27,Spain,ES,,ESMRO,en,40,4,,,0,0,,,,,,,,,,,limesurvey-6017,8ob9ii1a9ekdahgw3a,
2020/09/27,Spain,ES,,ESMAR,en,50,6,,,0,0,,,,,,,,,,,limesurvey-6005,psdwq2hxq4kd8yh21a,
2020/09/27,Spain,ES,,ESMAR,en,12,4,,,0,0,,,,,,,,,,,limesurvey-6014,91e7sk29hhkdhvegk4,
2020/09/27,Spain,ES,,ESMRO,en,20,0,,,0,0,,,,,,,,,,,limesurvey-6021,go3f957fvpkdk7s06d,
2020/09/27,Spain,ES,,ESMRC,en,20,4,,,3,1,,,,,,,,,,,limesurvey-6009,hlpgw68sddkd9267wh,
2020/09/27,Spain,ES,,ESMAR,en,100,9,,,0,0,,,,,,,,,,,limesurvey-6023,prmkdrlo6vkf169k26,
2020/09/27,Spain,ES,,ESMAR,en,100,15,,,4,,,,,,,,,,,,limesurvey-6015,7zoerksp9ukfjuuygs,
2020/09/28,Spain,ES,,ESMRO,en,8,2,,,0,0,,,,,,,,,,,limesurvey-6033,grbekj1wlvkdg5h9o9,
2020/09/28,Spain,ES,,ESMRO,en,14,0,,,0,0,,,,,,,,,,,limesurvey-6031,tsuzy2hcaskd9efy0l,
2020/09/28,Spain,ES,,ESMRE,en,50,1,,,1,0,,,,,,,,,,,limesurvey-6034,4z8qr2cftlkfjrh6du,
2020/09/28,Spain,ES,,ESMRO,en,14,2,,,0,0,,,,,,,,,,,limesurvey-6030,1gid4qykz3kdel98cr,
2020/09/28,Spain,ES,,ESMRO,en,10,2,,,0,0,,,,,,,,,,,limesurvey-6029,i6ngl43neukdc2z6e9,
2020/09/29,Spain,ES,,ESMRO,en,9,1,,,0,0,,,,,,,,,,,limesurvey-6037,au56453zb2kd9wssc1,
2020/09/29,Spain,ES,,ESMRO,en,8,2,,,0,0,,,,,,,,,,,limesurvey-6035,grbekj1wlvkdg5h9o9,
2020/09/29,Spain,ES,,ESMRC,en,150,8,,,2,0,,,,,,,,,,,limesurvey-6036,rlug4m62mpkfnwre61,
2020/09/29,Spain,ES,,ESMRO,en,10,2,,,0,0,,,,,,,,,,,limesurvey-6038,i6ngl43neukdc2z6e9,
2020/09/29,Spain,ES,,ESMAR,en,50,2,,,0,0,,,,,,,,,,,limesurvey-6039,svm21x4y9tkdgc2n6e,
2020/09/30,Spain,ES,,ESMAR,en,12,5,,,0,0,,,,,,,,,,,limesurvey-6041,91e7sk29hhkdhvegk4,
2020/09/30,Spain,ES,,ESMRO,en,9,1,,,0,0,,,,,,,,,,,limesurvey-6049,au56453zb2kd9wssc1,
2020/09/30,Spain,ES,,ESMRE,en,7,0,,,0,,,,,,,,,,,,limesurvey-6044,pigjn88cmskdg8jo38,
2020/09/30,Spain,ES,,ESMRO,en,9,1,,,0,0,,,,,,,,,,,limesurvey-6050,au56453zb2kd9wssc1,
2020/09/30,Spain,ES,,ESMRE,en,7,0,,,0,,,,,,,,,,,,limesurvey-6043,pigjn88cmskdg8jo38,
2020/09/30,Spain,ES,,ESMAR,en,50,9,,,3,1,,,,,,,,,,,limesurvey-6053,psdwq2hxq4kd8yh21a,
2020/09/30,Spain,ES,,ESMAR,en,15,2,,,0,0,,,,,,,,,,,limesurvey-6045,jafycxnv5ikfpabxof,
2020/09/30,Spain,ES,,ESMAR,en,100,9,,,3,0,,,,,,,,,,,limesurvey-6048,oxsxy7lz3lkdh390no,
2020/09/30,Spain,ES,,ESMRO,en,10,2,,,0,0,,,,,,,,,,,limesurvey-6046,i6ngl43neukdc2z6e9,
2020/09/30,Spain,ES,,ESMRO,en,23,0,,,0,0,,,,,,,,,,,limesurvey-6051,da5r4puzrxkdfui85k,
2020/09/30,Spain,ES,,ESMRC,en,24,6,,,1,0,,,,,,,,,,,limesurvey-6040,y2xqg7350qkd9xaszn,
2020/09/30,Spain,ES,,ESMRC,en,20,4,,,3,1,,,,,,,,,,,limesurvey-6052,hlpgw68sddkd9267wh,
2020/09/30,Spain,ES,,ESMAR,en,12,5,,,0,0,,,,,,,,,,,limesurvey-6042,91e7sk29hhkdhvegk4,
2020/10/01,Spain,ES,,ESMRO,en,9,1,,,0,0,,,,,,,,,,,limesurvey-6080,au56453zb2kd9wssc1,
2020/10/01,Spain,ES,,ESMRC,en,24,6,,,0,0,,,,,,,,,,,limesurvey-6055,y2xqg7350qkd9xaszn,
2020/10/01,Spain,ES,,ESMRO,en,110,2,,,0,0,,,,,,,,,,,limesurvey-6054,i6ngl43neukdc2z6e9,
2020/10/01,Spain,ES,,ESMRO,en,40,8,,,1,0,,,,,,,,,,,limesurvey-6057,cv02yvqrp2kfjhc37c,
2020/10/01,Spain,ES,,ESMRC,en,10,1,,,0,0,,,,,,,,,,,limesurvey-6078,yipxjxe1ofkfrali63,
2020/10/01,Spain,ES,,ESMRC,en,5,0,,,0,0,,,,,,,,,,,limesurvey-6076,r7vkr19b1ukdklsm74,
2020/10/01,Spain,ES,,ESMRC,en,30,3,,,1,0,,,,,,,,,,,limesurvey-6067,4dtxpgsjehkfr37ocp,
2020/10/01,Spain,ES,,ESMRE,en,10,2,,,0,0,,,,,,,,,,,limesurvey-6072,6kycsw7k1dkfr5z5gp,
2020/10/02,Spain,ES,,ESMRC,en,10,2,,,0,0,,,,,,,,,,,limesurvey-6102,llclilc1b5kfsfk452,
2020/10/02,Spain,ES,,ESMRO,en,10,0,,,0,0,,,,,,,,,,,limesurvey-6088,y4604dfrooke4elxfb,
2020/10/02,Spain,ES,,ESMAR,en,100,9,,,0,0,,,,,,,,,,,limesurvey-6089,5vdkxs0boykfs3ezru,
2020/10/02,Spain,ES,,ESMRC,en,10,2,,,0,0,,,,,,,,,,,limesurvey-6103,llclilc1b5kfsfk452,
2020/10/02,Spain,ES,,ESMRE,en,50,1,,,3,0,,,,,,,,,,,limesurvey-6095,4z8qr2cftlkfjrh6du,
2020/10/02,Spain,ES,,ESMRC,en,5,0,,,0,0,,,,,,,,,,,limesurvey-6098,r7vkr19b1ukdklsm74,
2020/10/02,Spain,ES,,ESMRC,en,20,4,,,3,1,,,,,,,,,,,limesurvey-6092,hlpgw68sddkd9267wh,
2020/10/02,Spain,ES,,ESMRO,en,20,0,,,0,0,,,,,,,,,,,limesurvey-6093,bol648av10kfs3yldk,
2020/10/02,Spain,ES,,ESMRE,en,6,1,,,0,0,,,,,,,,,,,limesurvey-6094,ukozo3eu1ykdvg4boi,
2020/10/02,Spain,ES,,ESMRC,en,3,0,,,0,0,,,,,,,,,,,limesurvey-6100,azls6c8b7vkfsdck5c,
2020/10/02,Spain,ES,,ESMRC,en,24,5,,,0,0,,,,,,,,,,,limesurvey-6082,y2xqg7350qkd9xaszn,
2020/10/02,Spain,ES,,ESMRE,en,50,1,,,3,0,,,,,,,,,,,limesurvey-6096,4z8qr2cftlkfjrh6du,
2020/10/02,Spain,ES,,ESMRO,en,10,2,,,0,0,,,,,,,,,,,limesurvey-6091,i6ngl43neukdc2z6e9,
2020/10/02,Spain,ES,,ESMRO,en,9,1,,,0,0,,,,,,,,,,,limesurvey-6083,au56453zb2kd9wssc1,
2020/10/02,Spain,ES,,ESMRO,en,14,0,,,0,0,,,,,,,,,,,limesurvey-6090,tsuzy2hcaskd9efy0l,
2020/10/02,Spain,ES,,ESMRO,en,20,0,,,0,0,,,,,,,,,,,limesurvey-6085,da5r4puzrxkdfui85k,
2020/10/02,Spain,ES,,ESMAR,en,4,0,,,0,0,,,,,,,,,,,limesurvey-6086,cupy9zrjrakd9z4sf3,
2020/10/02,Spain,ES,,ESMRO,en,8,2,,,0,0,,,,,,,,,,,limesurvey-6084,grbekj1wlvkdg5h9o9,
2020/10/03,Spain,ES,,ESMRC,en,24,5,,,0,0,,,,,,,,,,,limesurvey-6106,y2xqg7350qkd9xaszn,
2020/10/03,Spain,ES,,ESMRO,en,20,0,,,0,,,,,,,,,,,,limesurvey-6108,go3f957fvpkdk7s06d,
2020/10/03,Spain,ES,,ESMRE,en,50,2,,,1,0,,,,,,,,,,,limesurvey-6109,v0js2v2r2skfu9g30h,
2020/10/03,Spain,ES,,ESMRC,en,24,5,,,0,0,,,,,,,,,,,limesurvey-6105,y2xqg7350qkd9xaszn,
2020/10/03,Spain,ES,,ESMRO,en,9,1,,,0,0,,,,,,,,,,,limesurvey-6107,au56453zb2kd9wssc1,
2020/10/03,Spain,ES,,ESMRO,en,100,9,,,5,0,,,,,,,,,,,limesurvey-6104,d8lo3ii7z0kfthc3ve,
2020/10/03,Spain,ES,,ESMRE,en,50,2,,,1,0,,,,,,,,,,,limesurvey-6110,v0js2v2r2skfu9g30h,
2020/10/04,Spain,ES,,ESMRO,en,10,2,,,0,0,,,,,,,,,,,limesurvey-6113,i6ngl43neukdc2z6e9,
2020/10/04,Spain,ES,,ESMRC,en,5,0,,,0,0,,,,,,,,,,,limesurvey-6112,r7vkr19b1ukdklsm74,
2020/10/04,Spain,ES,,ESMRE,en,20,10,,,4,0,,,,,,,,,,,limesurvey-6114,dbzikkd5qikda2rajt,
2020/10/04,Spain,ES,,ESMRO,en,9,1,,,0,0,,,,,,,,,,,limesurvey-6111,au56453zb2kd9wssc1,
2020/10/04,Spain,ES,,ESMRC,en,300,25,,,3,0,,,,,,,,,,,limesurvey-6115,o98qop4m3bkfvn2lmj,
2020/10/05,Spain,ES,,ESMRC,en,24,5,,,0,0,,,,,,,,,,,limesurvey-6117,y2xqg7350qkd9xaszn,
2020/10/05,Spain,ES,,ESMRC,en,20,5,,,2,0,,,,,,,,,,,limesurvey-6121,hlpgw68sddkd9267wh,
2020/10/05,Spain,ES,,ESMRO,en,15,2,,,0,0,,,,,,,,,,,limesurvey-6125,1voua1nczskfx36lvf,
2020/10/05,Spain,ES,,ESMRC,en,5,0,,,0,0,,,,,,,,,,,limesurvey-6123,r7vkr19b1ukdklsm74,
2020/10/05,Spain,ES,,ESMRO,en,20,0,,,0,0,,,,,,,,,,,limesurvey-6124,da5r4puzrxkdfui85k,
2020/10/05,Spain,ES,,ESMRO,en,10,2,,,0,0,,,,,,,,,,,limesurvey-6119,i6ngl43neukdc2z6e9,
2020/10/05,Spain,ES,,ESMRC,en,24,5,,,0,0,,,,,,,,,,,limesurvey-6116,y2xqg7350qkd9xaszn,
2020/10/05,Spain,ES,,ESMAR,en,7,0,,,2,0,,,,,,,,,,,limesurvey-6122,kcbpe13hujke11o7v3,
2020/10/05,Spain,ES,,ESMRO,en,17,4,,,2,0,,,,,,,,,,,limesurvey-6118,1gid4qykz3kdel98cr,
2020/10/05,Spain,ES,,ESMRE,en,20,10,,,4,0,,,,,,,,,,,limesurvey-6126,dbzikkd5qikda2rajt,
2020/10/06,Spain,ES,,ESMRO,en,10,2,,,0,0,,,,,,,,,,,limesurvey-6127,vap6x7tfwbke8najc5,
2020/10/06,Spain,ES,,ESMRO,en,55,10,,,1,0,,,,,,,,,,,limesurvey-6128,kssszgg31skfy7tymo,
2020/10/07,Spain,ES,,ESMRO,en,14,0,,,0,0,,,,,,,,,,,limesurvey-6134,tsuzy2hcaskd9efy0l,
2020/10/07,Spain,ES,,ESMRC,en,5,0,,,0,0,,,,,,,,,,,limesurvey-6130,r7vkr19b1ukdklsm74,
2020/10/07,Spain,ES,,ESMRC,en,5,0,,,0,0,,,,,,,,,,,limesurvey-6129,r7vkr19b1ukdklsm74,
2020/10/07,Spain,ES,,ESMRO,en,20,0,,,0,0,,,,,,,,,,,limesurvey-6131,da5r4puzrxkdfui85k,
2020/10/07,Spain,ES,,ESMRE,en,50,2,,,0,0,,,,,,,,,,,limesurvey-6132,v0js2v2r2skfu9g30h,
2020/10/08,Spain,ES,,ESMAR,en,60,4,,,0,0,,,,,,,,,,,limesurvey-6144,2aq9mb9t9zkg0jmt4m,
2020/10/08,Spain,ES,,ESMRO,en,10,2,,,0,0,,,,,,,,,,,limesurvey-6155,i6ngl43neukdc2z6e9,
2020/10/08,Spain,ES,,ESMAR,en,9,1,,,2,1,,,,,,,,,,,limesurvey-6146,kcbpe13hujke11o7v3,
2020/10/08,Spain,ES,,ESMAR,en,100,20,,,,,,,,,,,,,,,limesurvey-6152,m27mpz9uakkg107xjr,
2020/10/08,Spain,ES,,ESMAR,en,100,11,,,5,0,,,,,,,,,,,limesurvey-6137,,
2020/10/08,Spain,ES,,ESMRO,en,50,5,,,1,0,,,,,,,,,,,limesurvey-6156,8ob9ii1a9ekdahgw3a,
2020/10/08,Spain,ES,,ESMAR,en,100,12,,,3,1,,,,,,,,,,,limesurvey-6140,prmkdrlo6vkf169k26,
2020/10/08,Spain,ES,,ESMAR,en,12,5,,,0,0,,,,,,,,,,,limesurvey-6150,91e7sk29hhkdhvegk4,
2020/10/08,Spain,ES,,ESMRO,en,8,2,,,0,0,,,,,,,,,,,limesurvey-6149,grbekj1wlvkdg5h9o9,
2020/10/08,Spain,ES,,ESMRE,en,20,10,,,4,0,,,,,,,,,,,limesurvey-6142,dbzikkd5qikda2rajt,
2020/10/08,Spain,ES,,ESMRC,en,6,0,,,0,0,,,,,,,,,,,limesurvey-6147,xzaiwie27qkg0js45x,
2020/10/08,Spain,ES,,ESMRC,en,5,0,,,0,0,,,,,,,,,,,limesurvey-6148,r7vkr19b1ukdklsm74,
2020/10/08,Spain,ES,,ESMRE,en,50,0,,,0,0,,,,,,,,,,,limesurvey-6139,sjoqrv7l6xkehdr8vs,
2020/10/08,Spain,ES,,ESMAR,en,50,0,,,0,0,,,,,,,,,,,limesurvey-6153,df32xmvjufkd9z00sr,
2020/10/08,Spain,ES,,ESMRE,en,20,10,,,4,0,,,,,,,,,,,limesurvey-6141,dbzikkd5qikda2rajt,
2020/10/08,Spain,ES,,ESMRO,en,9,5,,,4,0,,,,,,,,,,,limesurvey-6151,au56453zb2kd9wssc1,
2020/10/08,Spain,ES,,ESMAR,en,4,0,,,0,0,,,,,,,,,,,limesurvey-6145,cupy9zrjrakd9z4sf3,
2020/10/08,Spain,ES,,ESMAR,en,50,0,,,0,0,,,,,,,,,,,limesurvey-6154,df32xmvjufkd9z00sr,
2020/10/09,Spain,ES,,ESMRC,en,5,0,,,0,0,,,,,,,,,,,limesurvey-6157,r7vkr19b1ukdklsm74,
2020/10/09,Spain,ES,,ESMRO,en,10,2,,,0,0,,,,,,,,,,,limesurvey-6158,i6ngl43neukdc2z6e9,
2020/10/09,Spain,ES,,ESMRE,en,25,2,,,1,0,,,,,,,,,,,limesurvey-6160,nftb1xf21ikdg25yt0,
2020/10/09,Spain,ES,,ESMRC,en,5,0,,,0,0,,,,,,,,,,,limesurvey-6159,r7vkr19b1ukdklsm74,
2020/10/10,Spain,ES,,ESMAR,en,4,0,,,0,0,,,,,,,,,,,limesurvey-6161,cupy9zrjrakd9z4sf3,
2020/10/10,Spain,ES,,ESMRO,en,10,2,,,0,0,,,,,,,,,,,limesurvey-6170,i6ngl43neukdc2z6e9,
2020/10/10,Spain,ES,,ESMRC,en,24,5,,,0,0,,,,,,,,,,,limesurvey-6168,y2xqg7350qkd9xaszn,
2020/10/10,Spain,ES,,ESMAR,en,100,10,,,1,1,,,,,,,,,,,limesurvey-6163,prmkdrlo6vkf169k26,
2020/10/10,Spain,ES,,ESMAR,en,100,10,,,1,1,,,,,,,,,,,limesurvey-6162,prmkdrlo6vkf169k26,
2020/10/10,Spain,ES,,ESMRC,en,24,5,,,0,0,,,,,,,,,,,limesurvey-6167,y2xqg7350qkd9xaszn,
2020/10/10,Spain,ES,,ESMAR,en,50,11,,,5,1,,,,,,,,,,,limesurvey-6164,psdwq2hxq4kd8yh21a,
2020/10/11,Spain,ES,,ESMRO,en,10,2,,,0,0,,,,,,,,,,,limesurvey-6171,vap6x7tfwbke8najc5,
2020/10/11,Spain,ES,,ESMRC,en,5,0,,,0,0,,,,,,,,,,,limesurvey-6172,fu92uw45bpkg5555lb,
2020/10/11,Spain,ES,,ESMAR,en,20,0,,,0,0,,,,,,,,,,,limesurvey-6174,2pgsxsa5kqkg5n1jtb,
2020/10/11,Spain,ES,,ESMAR,en,20,0,,,0,0,,,,,,,,,,,limesurvey-6173,2pgsxsa5kqkg5n1jtb,
2020/10/12,Spain,ES,,ESMRO,en,25,0,,,0,0,,,,,,,,,,,limesurvey-6183,go3f957fvpkdk7s06d,
2020/10/12,Spain,ES,,ESMAR,en,100,20,,,1,,,,,,,,,,,,limesurvey-6186,m27mpz9uakkg107xjr,
2020/10/12,Spain,ES,,ESMRE,en,50,2,,,0,0,,,,,,,,,,,limesurvey-6188,tgrjeuife9kg6dso3j,
2020/10/12,Spain,ES,,ESMRO,en,80,6,,,0,0,,,,,,,,,,,limesurvey-6196,8ob9ii1a9ekdahgw3a,
2020/10/12,Spain,ES,,ESMRO,en,25,10,,,3,0,,,,,,,,,,,limesurvey-6179,12w1ktfx88kg6b2lih,
2020/10/12,Spain,ES,,ESMAR,en,100,12,,,2,0,,,,,,,,,,,limesurvey-6184,oxsxy7lz3lkdh390no,
2020/10/12,Spain,ES,,ESMRO,en,80,6,,,0,0,,,,,,,,,,,limesurvey-6195,8ob9ii1a9ekdahgw3a,
2020/10/12,Spain,ES,,ESMAR,en,12,5,,,0,0,,,,,,,,,,,limesurvey-6178,94awrrqcngkdn9kak0,
2020/10/12,Spain,ES,,ESMAR,en,2,0,,,0,0,,,,,,,,,,,limesurvey-6199,hhaypho447kg6wzvmw,
2020/10/12,Spain,ES,,ESMAR,en,4,0,,,0,0,,,,,,,,,,,limesurvey-6185,cupy9zrjrakd9z4sf3,
2020/10/12,Spain,ES,,ESMRO,en,20,8,,,0,0,,,,,,,,,,,limesurvey-6176,rvnb3qt84kdbx4p6w,
2020/10/12,Spain,ES,,ESMRC,en,5,0,,,0,0,,,,,,,,,,,limesurvey-6175,fu92uw45bpkg5555lb,
2020/10/12,Spain,ES,,ESMRC,en,20,6,,,2,0,,,,,,,,,,,limesurvey-6191,hlpgw68sddkd9267wh,
2020/10/12,Spain,ES,,ESMAR,en,30,0,,,0,0,,,,,,,,,,,limesurvey-6198,df32xmvjufkd9z00sr,
2020/10/12,Spain,ES,,ESMRE,en,6,1,,,0,0,,,,,,,,,,,limesurvey-6189,ukozo3eu1ykdvg4boi,
2020/10/12,Spain,ES,,ESMRE,en,25,3,,,1,0,,,,,,,,,,,limesurvey-6190,nftb1xf21ikdg25yt0,
2020/10/12,Spain,ES,,ESMAR,en,100,10,,,1,1,,,,,,,,,,,limesurvey-6200,prmkdrlo6vkf169k26,
2020/10/12,Spain,ES,,ESMAR,en,30,0,,,0,0,,,,,,,,,,,limesurvey-6197,df32xmvjufkd9z00sr,
2020/10/12,Spain,ES,,ESMRO,en,8,2,,,0,0,,,,,,,,,,,limesurvey-6181,grbekj1wlvkdg5h9o9,
2020/10/12,Spain,ES,,ESMRO,en,9,1,,,0,0,,,,,,,,,,,limesurvey-6194,au56453zb2kd9wssc1,
2020/10/12,Spain,ES,,ESMRO,en,15,3,,,1,1,,,,,,,,,,,limesurvey-6193,i6ngl43neukdc2z6e9,
2020/10/12,Spain,ES,,ESMAR,en,10,1,,,2,0,,,,,,,,,,,limesurvey-6182,kcbpe13hujke11o7v3,
2020/10/12,Spain,ES,,ESMRO,en,14,0,,,0,0,,,,,,,,,,,limesurvey-6180,tsuzy2hcaskd9efy0l,
2020/10/12,Spain,ES,,ESMRO,en,30,5,,,0,0,,,,,,,,,,,limesurvey-6192,d9h2jnmz9dkg6nx64c,
2020/10/12,Spain,ES,,ESMRC,en,24,5,,,0,0,,,,,,,,,,,limesurvey-6177,y2xqg7350qkd9xaszn,
2020/10/13,Spain,ES,,ESMRO,en,9,1,,,0,0,,,,,,,,,,,limesurvey-6207,au56453zb2kd9wssc1,
2020/10/13,Spain,ES,,ESMRO,en,15,3,,,1,1,,,,,,,,,,,limesurvey-6202,vap6x7tfwbke8najc5,
2020/10/13,Spain,ES,,ESMRO,en,8,2,,,0,0,,,,,,,,,,,limesurvey-6204,grbekj1wlvkdg5h9o9,
2020/10/13,Spain,ES,,ESMRO,en,23,1,,,1,1,,,,,,,,,,,limesurvey-6206,go3f957fvpkdk7s06d,
2020/10/13,Spain,ES,,ESMRO,en,8,2,,,0,0,,,,,,,,,,,limesurvey-6203,grbekj1wlvkdg5h9o9,
2020/10/13,Spain,ES,,ESMRC,en,20,6,,,2,0,,,,,,,,,,,limesurvey-6205,hlpgw68sddkd9267wh,
2020/10/13,Spain,ES,,ESMAR,en,50,9,,,3,1,,,,,,,,,,,limesurvey-6201,psdwq2hxq4kd8yh21a,
2020/10/14,Spain,ES,,ESMRE,en,6,1,,,0,0,,,,,,,,,,,limesurvey-6209,ukozo3eu1ykdvg4boi,
2020/10/14,Spain,ES,,ESMRO,en,150,90,,,6,5,,,,,,,,,,,limesurvey-6210,jmjsgkpxw2kd8rai20,
2020/10/14,Spain,ES,,ESMRO,en,9,1,,,0,0,,,,,,,,,,,limesurvey-6211,au56453zb2kd9wssc1,
2020/10/14,Spain,ES,,ESMRO,en,15,3,,,0,0,,,,,,,,,,,limesurvey-6208,vap6x7tfwbke8najc5,
2020/10/15,Spain,ES,,ESMRO,en,15,3,,,0,0,,,,,,,,,,,limesurvey-6213,i6ngl43neukdc2z6e9,
2020/10/16,Spain,ES,,ESMRE,en,50,1,,,1,0,,,,,,,,,,,limesurvey-6215,tgrjeuife9kg6dso3j,
2020/10/16,Spain,ES,,ESMRO,en,15,3,,,0,0,,,,,,,,,,,limesurvey-6218,i6ngl43neukdc2z6e9,
2020/10/16,Spain,ES,,ESMRO,en,20,3,,,0,0,,,,,,,,,,,limesurvey-6217,1voua1nczskfx36lvf,
2020/10/16,Spain,ES,,ESMRE,en,50,1,,,1,0,,,,,,,,,,,limesurvey-6216,tgrjeuife9kg6dso3j,
2020/10/16,Spain,ES,,ESMRO,en,9,1,,,0,0,,,,,,,,,,,limesurvey-6219,au56453zb2kd9wssc1,
2020/10/17,Spain,ES,,ESMRO,en,15,3,,,0,0,,,,,,,,,,,limesurvey-6221,i6ngl43neukdc2z6e9,
2020/10/18,Spain,ES,,ESMRE,en,50,3,,,1,0,,,,,,,,,,,limesurvey-6225,tgrjeuife9kg6dso3j,
2020/10/18,Spain,ES,,ESMRE,en,50,3,,,1,0,,,,,,,,,,,limesurvey-6224,tgrjeuife9kg6dso3j,
2020/10/18,Spain,ES,,ESMRO,en,15,3,,,0,0,,,,,,,,,,,limesurvey-6226,i6ngl43neukdc2z6e9,
2020/10/19,Spain,ES,,ESMRO,en,15,3,,,0,0,,,,,,,,,,,limesurvey-6229,i6ngl43neukdc2z6e9,
2020/10/19,Spain,ES,,ESMRE,en,6,2,,,1,0,,,,,,,,,,,limesurvey-6228,ukozo3eu1ykdvg4boi,
2020/10/20,Spain,ES,,ESMAR,en,50,0,,,0,0,,,,,,,,,,,limesurvey-6240,df32xmvjufkd9z00sr,
2020/10/20,Spain,ES,,ESMRO,en,8,2,,,0,0,,,,,,,,,,,limesurvey-6233,grbekj1wlvkdg5h9o9,
2020/10/20,Spain,ES,,ESMRC,en,20,2,,,0,0,,,,,,,,,,,limesurvey-6245,cgaguydbfokdef3k01,
2020/10/20,Spain,ES,,ESMRE,en,6,2,,,1,0,,,,,,,,,,,limesurvey-6237,ukozo3eu1ykdvg4boi,
2020/10/20,Spain,ES,,ESMRO,en,13,0,,,0,0,,,,,,,,,,,limesurvey-6238,fjiqzco90ckdgz53z0,
2020/10/20,Spain,ES,,ESMRO,en,9,1,,,0,0,,,,,,,,,,,limesurvey-6242,au56453zb2kd9wssc1,
2020/10/20,Spain,ES,,ESMRC,en,24,5,,,0,,,,,,,,,,,,limesurvey-6231,y2xqg7350qkd9xaszn,
2020/10/20,Spain,ES,,ESMRO,en,21,0,,,0,0,,,,,,,,,,,limesurvey-6241,dgdspyy058kdbu96fh,
2020/10/20,Spain,ES,,ESMRO,en,15,3,,,0,0,,,,,,,,,,,limesurvey-6244,i6ngl43neukdc2z6e9,
2020/10/20,Spain,ES,,ESMAR,en,4,0,,,0,0,,,,,,,,,,,limesurvey-6234,cupy9zrjrakd9z4sf3,
2020/10/20,Spain,ES,,ESMRC,en,5,0,,,0,0,,,,,,,,,,,limesurvey-6230,fu92uw45bpkg5555lb,
2020/10/20,Spain,ES,,ESMRC,en,20,0,,,0,0,,,,,,,,,,,limesurvey-6243,ueva0f0puhkejkm6ey,
2020/10/20,Spain,ES,,ESMAR,en,100,12,,,1,1,,,,,,,,,,,limesurvey-6236,5vdkxs0boykfs3ezru,
2020/10/20,Spain,ES,,ESMRC,en,20,4,,,0,0,,,,,,,,,,,limesurvey-6232,hlpgw68sddkd9267wh,
2020/10/20,Spain,ES,,ESMAR,en,100,12,,,1,1,,,,,,,,,,,limesurvey-6235,5vdkxs0boykfs3ezru,
2020/10/20,Spain,ES,,ESMRC,en,20,2,,,0,0,,,,,,,,,,,limesurvey-6246,cgaguydbfokdef3k01,
2020/10/20,Spain,ES,,ESMAR,en,50,0,,,0,0,,,,,,,,,,,limesurvey-6239,df32xmvjufkd9z00sr,
2020/10/21,Spain,ES,,ESMRO,en,13,0,,,0,,,,,,,,,,,,limesurvey-6250,fjiqzco90ckdgz53z0,
2020/10/21,Spain,ES,,ESMRO,en,20,3,,,0,0,,,,,,,,,,,limesurvey-6249,1voua1nczskfx36lvf,
2020/10/21,Spain,ES,,ESMRO,en,9,1,,,0,0,,,,,,,,,,,limesurvey-6253,au56453zb2kd9wssc1,
2020/10/21,Spain,ES,,ESMRO,en,30,4,,,0,0,,,,,,,,,,,limesurvey-6252,7573tj2lelkdar9m9t,
2020/10/21,Spain,ES,,ESMRO,en,8,2,,,0,0,,,,,,,,,,,limesurvey-6251,grbekj1wlvkdg5h9o9,
2020/10/22,Spain,ES,,ESMRO,en,15,3,,,0,0,,,,,,,,,,,limesurvey-6256,i6ngl43neukdc2z6e9,
2020/10/22,Spain,ES,,ESMAR,en,50,3,,,0,0,,,,,,,,,,,limesurvey-6254,svm21x4y9tkdgc2n6e,
2020/10/23,Spain,ES,,ESMRO,en,15,3,,,0,0,,,,,,,,,,,limesurvey-6258,vap6x7tfwbke8najc5,
2020/10/23,Spain,ES,,ESMRC,en,5,0,,,0,0,,,,,,,,,,,limesurvey-6257,fu92uw45bpkg5555lb,
2020/10/23,Spain,ES,,ESMRE,en,50,3,,,1,0,,,,,,,,,,,limesurvey-6261,tist8yozckkgmg29a9,
2020/10/23,Spain,ES,,ESMRE,en,50,3,,,1,0,,,,,,,,,,,limesurvey-6259,tist8yozckkgmg29a9,
2020/10/23,Spain,ES,,ESMRE,en,50,3,,,1,0,,,,,,,,,,,limesurvey-6260,tist8yozckkgmg29a9,
2020/10/24,Spain,ES,,ESMRC,en,5,0,,,0,0,,0,,,,,,,,,limesurvey-6263,fu92uw45bpkg5555lb,
2020/10/24,Spain,ES,,ESMRO,en,6,0,,,0,0,,0,,,,,,,,,limesurvey-6269,wwnqmgqyp5kgnhsmq4,
2020/10/24,Spain,ES,,ESMAR,en,50,0,,,0,0,,0,,,,,,,,,limesurvey-6272,df32xmvjufkd9z00sr,
2020/10/24,Spain,ES,,ESMRO,en,8,2,,,0,0,,0,,,,,,,,,limesurvey-6268,grbekj1wlvkdg5h9o9,
2020/10/24,Spain,ES,,ESMAR,en,100,13,,,0,0,,0,,,,,,,,,limesurvey-6271,5vdkxs0boykfs3ezru,
2020/10/24,Spain,ES,,ESMRC,en,24,5,,,0,0,,0,,,,,,,,,limesurvey-6274,y2xqg7350qkd9xaszn,
2020/10/24,Spain,ES,,ESMAR,en,100,3,,,0,0,,0,,,,,,,,,limesurvey-6270,srxwog8q45kgnnk275,
2020/10/24,Spain,ES,,ESMRE,en,6,2,,,1,0,,1,,,,,,,,,limesurvey-6266,ukozo3eu1ykdvg4boi,
2020/10/24,Spain,ES,,ESMRO,en,9,1,,,0,0,,0,,,,,,,,,limesurvey-6267,au56453zb2kd9wssc1,
2020/10/24,Spain,ES,,ESMRO,en,15,3,,,0,0,,0,,,,,,,,,limesurvey-6275,i6ngl43neukdc2z6e9,
2020/10/24,Spain,ES,,ESMAR,en,4,0,,,0,0,,0,,,,,,,,,limesurvey-6264,cupy9zrjrakd9z4sf3,
2020/10/24,Spain,ES,,ESMRC,en,20,5,,,0,0,,0,,,,,,,,,limesurvey-6265,hlpgw68sddkd9267wh,
2020/10/25,Spain,ES,,ESMRC,en,24,5,,,0,0,,0,,,,,,,,,limesurvey-6277,y2xqg7350qkd9xaszn,
2020/10/25,Spain,ES,,ESMRC,en,300,12,,,4,0,,0,,,,,,,,,limesurvey-6278,h3adk8bolmkgp9g46d,
2020/10/25,Spain,ES,,ESMAR,en,100,13,,,0,0,,0,,,,,,,,,limesurvey-6276,5vdkxs0boykfs3ezru,
2020/10/25,Spain,ES,,ESMRC,en,5,0,,,0,0,,0,,,,,,,,,limesurvey-6279,fu92uw45bpkg5555lb,
2020/10/26,Spain,ES,,ESMRC,en,24,5,,,0,,,0,,,,,,,,,limesurvey-6283,y2xqg7350qkd9xaszn,
2020/10/26,Spain,ES,,ESMRO,en,13,13,,,0,0,,0,,,,,,,,,limesurvey-6281,fjiqzco90ckdgz53z0,
2020/10/26,Spain,ES,,ESMRO,en,15,3,,,0,0,,0,,,,,,,,,limesurvey-6282,i6ngl43neukdc2z6e9,
2020/10/26,Spain,ES,,ESMRO,en,13,13,,,0,0,,0,,,,,,,,,limesurvey-6280,fjiqzco90ckdgz53z0,
2020/10/26,Spain,ES,,ESMRO,en,9,1,,,0,0,,0,,,,,,,,,limesurvey-6284,au56453zb2kd9wssc1,
2020/10/26,Spain,ES,,ESMRO,en,1,2,,,0,0,,0,,,,,,,,,limesurvey-6286,2jz4pnuebfkgqvfu5q,
2020/10/27,Spain,ES,,ESMRC,en,20,6,,,0,0,,0,,,,,,,,,limesurvey-6290,hlpgw68sddkd9267wh,
2020/10/27,Spain,ES,,ESMRO,en,18,3,,,0,0,,0,,,,,,,,,limesurvey-6289,i6ngl43neukdc2z6e9,
2020/10/27,Spain,ES,,ESMRC,en,5,0,,,0,0,,0,,,,,,,,,limesurvey-6292,fu92uw45bpkg5555lb,
2020/10/27,Spain,ES,,ESMRO,en,9,1,,,0,0,,0,,,,,,,,,limesurvey-6288,au56453zb2kd9wssc1,
2020/10/28,Spain,ES,,ESMAR,en,50,3,,,0,0,,0,,,,,,,,,limesurvey-6297,svm21x4y9tkdgc2n6e,
2020/10/28,Spain,ES,,ESMRE,en,6,2,,,0,0,,1,,,,,,,,,limesurvey-6294,ukozo3eu1ykdvg4boi,
2020/10/28,Spain,ES,,ESMRO,en,9,1,,,0,0,,0,,,,,,,,,limesurvey-6293,au56453zb2kd9wssc1,
2020/10/28,Spain,ES,,ESMRO,en,13,0,,,0,0,,0,,,,,,,,,limesurvey-6295,fjiqzco90ckdgz53z0,
2020/10/28,Spain,ES,,ESMRC,en,5,0,,,0,0,,0,,,,,,,,,limesurvey-6296,fu92uw45bpkg5555lb,
2020/10/29,Spain,ES,,ESMRO,en,18,3,,,0,0,,0,,,,,,,,,limesurvey-6299,i6ngl43neukdc2z6e9,
2020/10/29,Spain,ES,,ESMRO,en,9,1,,,0,0,,0,,,,,,,,,limesurvey-6301,au56453zb2kd9wssc1,
2020/10/30,Spain,ES,,ESMRE,en,50,7,,,1,0,,1,,,,,,,,,limesurvey-6303,6vr7knbd7ukgvlrmq2,
2020/10/30,Spain,ES,,ESMRE,en,50,7,,,1,0,,1,,,,,,,,,limesurvey-6302,6vr7knbd7ukgvlrmq2,
2020/10/30,Spain,ES,,ESMRO,en,18,3,,,0,0,,0,,,,,,,,,limesurvey-6304,i6ngl43neukdc2z6e9,
2020/10/31,Spain,ES,,ESMRC,en,40,5,,,5,1,,5,,,,,,,,,limesurvey-6306,dqzat3fgn7kddkjnnt,
2020/10/31,Spain,ES,,ESMRO,en,13,0,,,0,0,,0,,,,,,,,,limesurvey-6307,fjiqzco90ckdgz53z0,
2020/11/01,Spain,ES,,ESMRC,en,5,0,,,0,0,,0,,,,,,,,,limesurvey-6309,fu92uw45bpkg5555lb,
2020/11/01,Spain,ES,,ESMRO,en,18,3,,,0,0,,0,,,,,,,,,limesurvey-6311,i6ngl43neukdc2z6e9,
2020/11/01,Spain,ES,,ESMRO,en,13,0,,,0,0,,0,,,,,,,,,limesurvey-6310,fjiqzco90ckdgz53z0,
2020/11/02,Spain,ES,,ESMRC,en,5,0,,,0,0,,0,,,,,,,,,limesurvey-6314,fu92uw45bpkg5555lb,
2020/11/02,Spain,ES,,ESMAR,en,50,3,,,0,0,,0,,,,,,,,,limesurvey-6313,4u1z5zdzttkh0zbh76,
2020/11/03,Spain,ES,,ESMRO,en,18,3,,,0,0,,0,,,,,,,,,limesurvey-6315,i6ngl43neukdc2z6e9,
2020/11/03,Spain,ES,,ESMRO,en,13,0,,,0,0,,0,,,,,,,,,limesurvey-6316,fjiqzco90ckdgz53z0,
2020/11/03,Spain,ES,,ESMRE,en,50,3,,,0,0,,1,,,,,,,,,limesurvey-6317,hy2f0tf7u6kh2h1kj3,
2020/11/04,Spain,ES,,ESMRO,en,18,3,,,0,0,,0,,,,,,,,,limesurvey-6321,i6ngl43neukdc2z6e9,
2020/11/04,Spain,ES,,ESMRO,en,9,1,,,0,0,,0,,,,,,,,,limesurvey-6319,au56453zb2kd9wssc1,
2020/11/04,Spain,ES,,ESMRC,en,5,0,,,0,0,,0,,,,,,,,,limesurvey-6320,fu92uw45bpkg5555lb,
2020/11/05,Spain,ES,,ESMRO,en,18,3,,,0,0,,0,,,,,,,,,limesurvey-6324,i6ngl43neukdc2z6e9,
2020/11/05,Spain,ES,,ESMRO,en,19,2,,,0,0,,0,,,,,,,,,limesurvey-6323,lctw8jar33kdkonfrp,
2020/11/05,Spain,ES,,ESMRO,en,9,1,,,0,0,,0,,,,,,,,,limesurvey-6322,au56453zb2kd9wssc1,
2020/11/06,Spain,ES,,ESMRO,en,18,3,,,0,0,,0,,,,,,,,,limesurvey-6325,i6ngl43neukdc2z6e9,
2020/11/07,Spain,ES,,ESMRO,en,18,3,,,0,0,,0,,,,,,,,,limesurvey-6328,i6ngl43neukdc2z6e9,
2020/11/08,Spain,ES,,ESMRO,en,18,3,,,0,0,,0,,,,,,,,,limesurvey-6329,i6ngl43neukdc2z6e9,
2020/11/09,Spain,ES,,ESMRO,en,9,1,,,0,0,,0,,,,,,,,,limesurvey-6331,au56453zb2kd9wssc1,
2020/11/09,Spain,ES,,ESMRO,en,13,0,,,0,0,,0,,,,,,,,,limesurvey-6333,fjiqzco90ckdgz53z0,
2020/11/09,Spain,ES,,ESMRO,en,18,3,,,0,0,,0,,,,,,,,,limesurvey-6332,vap6x7tfwbke8najc5,
2020/11/10,Spain,ES,,ESMRO,en,18,3,,,0,0,,0,,,,,,,,,limesurvey-6335,vap6x7tfwbke8najc5,
2020/11/10,Spain,ES,,ESMRC,en,5,0,,,0,0,,0,,,,,,,,,limesurvey-6336,fu92uw45bpkg5555lb,
2020/11/11,Spain,ES,,ESMAR,en,50,3,,,0,0,,0,,,,,,,,,limesurvey-6339,hyows27lfykhduhes1,
2020/11/11,Spain,ES,,ESMRO,en,18,3,,,0,0,,0,,,,,,,,,limesurvey-6337,vap6x7tfwbke8najc5,
2020/11/11,Spain,ES,,ESMAR,en,50,3,,,0,0,,0,,,,,,,,,limesurvey-6338,hyows27lfykhduhes1,
2020/11/12,Spain,ES,,ESMRC,en,5,0,,,0,0,,0,,,,,,,,,limesurvey-6340,fu92uw45bpkg5555lb,
2020/11/12,Spain,ES,,ESMAR,en,50,3,,,0,0,,0,,,,,,,,,limesurvey-6341,4u1z5zdzttkh0zbh76,
2020/11/13,Spain,ES,,ESMRC,en,5,0,,,0,0,,0,,,,,,,,,limesurvey-6342,fu92uw45bpkg5555lb,
2020/11/13,Spain,ES,,ESMRO,en,18,3,,,0,0,,0,,,,,,,,,limesurvey-6343,vap6x7tfwbke8najc5,
2020/11/13,Spain,ES,,ESMRE,en,13,0,,,0,0,,0,,,,,,,,,limesurvey-6344,fjiqzco90ckdgz53z0,
2020/11/14,Spain,ES,,ESMRO,en,18,3,,,0,0,,0,,,,,,,,,limesurvey-6346,vap6x7tfwbke8najc5,
2020/11/16,Spain,ES,,ESMRO,en,40,5,,,1,0,,1,,,,,,,,,limesurvey-6390,8ob9ii1a9ekdahgw3a,
2020/11/16,Spain,ES,,ESMRO,en,20,5,,,0,0,,0,,,,,,,,,limesurvey-6378,3rolsosuq4khkvv8w1,
2020/11/16,Spain,ES,,ESMRE,en,50,3,,,0,0,,0,,,,,,,,,limesurvey-6354,4lkl3c4f3ykhkd8b6k,
2020/11/16,Spain,ES,,ESMRE,en,6,2,,,0,0,,0,,,,,,,,,limesurvey-6348,ukozo3eu1ykdvg4boi,
2020/11/16,Spain,ES,,ESMRO,en,40,5,,,1,0,,1,,,,,,,,,limesurvey-6391,8ob9ii1a9ekdahgw3a,
2020/11/16,Spain,ES,,ESMAR,en,100,10,,,1,1,,1,,,,,,,,,limesurvey-6377,prmkdrlo6vkf169k26,
2020/11/16,Spain,ES,,ESMRO,en,25,0,,,0,0,,0,,,,,,,,,limesurvey-6379,kz8bo3bak7khkxa6ck,
2020/11/16,Spain,ES,,ESMRC,en,20,7,,,0,0,,0,,,,,,,,,limesurvey-6352,hlpgw68sddkd9267wh,
2020/11/16,Spain,ES,,ESMRO,en,8,2,,,0,0,,0,,,,,,,,,limesurvey-6351,grbekj1wlvkdg5h9o9,
2020/11/16,Spain,ES,,ESMRC,en,5,0,,,0,0,,0,,,,,,,,,limesurvey-6358,fu92uw45bpkg5555lb,
2020/11/16,Spain,ES,,ESMRO,en,9,1,,,0,0,,0,,,,,,,,,limesurvey-6350,au56453zb2kd9wssc1,
2020/11/16,Spain,ES,,ESMRO,en,13,0,,,0,0,,0,,,,,,,,,limesurvey-6349,fjiqzco90ckdgz53z0,
2020/11/16,Spain,ES,,ESMRE,en,50,3,,,0,0,,0,,,,,,,,,limesurvey-6353,4lkl3c4f3ykhkd8b6k,
2020/11/16,Spain,ES,,ESMAR,en,100,0,,,0,0,,0,,,,,,,,,limesurvey-6355,srxwog8q45kgnnk275,
2020/11/16,Spain,ES,,ESMRO,en,40,5,,,1,0,,1,,,,,,,,,limesurvey-6389,8ob9ii1a9ekdahgw3a,
2020/11/16,Spain,ES,,ESMRO,en,18,3,,,0,0,,0,,,,,,,,,limesurvey-6356,vap6x7tfwbke8najc5,
2020/11/17,Spain,ES,,ESMRO,en,9,1,,,0,0,,0,,,,,,,,,limesurvey-6460,au56453zb2kd9wssc1,
2020/11/17,Spain,ES,,ESMRO,en,13,0,,,0,0,,0,,,,,,,,,limesurvey-6461,fjiqzco90ckdgz53z0,
2020/11/18,Spain,ES,,ESMRO,en,13,0,,,0,0,,0,,,,,,,,,limesurvey-6463,fjiqzco90ckdgz53z0,
2020/11/19,Spain,ES,,ESMRC,en,5,0,,,0,0,,0,,,,,,,,,limesurvey-6464,fu92uw45bpkg5555lb,
2020/11/20,Spain,ES,,ESMRO,en,18,3,,,0,0,,0,,,,,,,,,limesurvey-6470,i6ngl43neukdc2z6e9,
2020/11/21,Spain,ES,,ESMAR,en,20,0,,,0,0,,2,,,,,,,,,limesurvey-6472,fuj9uzqc2fkhrjmdka,
2020/11/21,Spain,ES,,ESMRO,en,13,0,,,0,0,,0,,,,,,,,,limesurvey-6473,fjiqzco90ckdgz53z0,
2020/11/22,Spain,ES,,ESMRO,en,18,3,,,0,0,,0,,,,,,,,,limesurvey-6474,i6ngl43neukdc2z6e9,
2020/11/23,Spain,ES,,ESMRO,en,18,3,,,0,0,,0,,,,,,,,,limesurvey-6475,i6ngl43neukdc2z6e9,
2020/11/25,Spain,ES,,ESMRO,en,18,3,,,0,0,,0,,,,,,,,,limesurvey-6476,i6ngl43neukdc2z6e9,
2020/11/28,Spain,ES,,ESMRO,en,18,3,,,0,0,,0,,,,,,,,,limesurvey-6478,i6ngl43neukdc2z6e9,
2020/11/29,Spain,ES,,ESMRO,en,9,1,,,0,0,,0,,,,,,,,,limesurvey-6484,au56453zb2kd9wssc1,
2020/11/29,Spain,ES,,ESMRO,en,9,1,,,0,0,,0,,,,,,,,,limesurvey-6483,au56453zb2kd9wssc1,
2020/12/01,Spain,ES,,ESMRC,en,30,6,,,1,1,,0,,,,,,,,,limesurvey-6486,hopz1jcahbki60zhvt,
2020/12/02,Spain,ES,,ESMRC,en,5,0,,,0,0,,0,,,,,,,,,limesurvey-6488,fu92uw45bpkg5555lb,
2020/12/04,Spain,ES,,ESMRC,en,1,0,,,0,0,,0,,,,,,,,,limesurvey-6491,8xyug6be1ukiawiuhu,
2020/12/30,Spain,ES,,ESMRO,en,17,1,,,0,0,,0,,,,,,,,,limesurvey-6516,dgdspyy058kdbu96fh,
2021/01/07,Spain,ES,,ESMRO,en,9,1,,,0,0,,0,,,,,,,,,limesurvey-6521,au56453zb2kd9wssc1,
2021/01/12,Spain,ES,,ESMRC,en,100,15,,,4,0,,4,,,,,,,,,limesurvey-6528,rd8yg0l747kjub9t86,
2021/01/31,Spain,ES,,ESMRE,en,50,7,,,0,0,,1,,,,,,,,,limesurvey-6542,ftvqa2z5prkklh4rr4,
2021/01/31,Spain,ES,,ESMRE,en,8,2,,,0,0,,0,,,,,,,,,limesurvey-6544,ukozo3eu1ykdvg4boi,
2021/01/31,Spain,ES,,ESMRO,en,20,11,,,0,0,,0,,,,,,,,,limesurvey-6545,m9ylidlitckklje53o,
2021/01/31,Spain,ES,,ESMRO,en,9,2,,,0,0,,0,,,,,,,,,limesurvey-6543,xb4wjf8b6zkklhemku,
2021/01/31,Spain,ES,,ESMAR,en,60,14,,,4,0,,4,,,,,,,,,limesurvey-6540,4n1l5fcx7pkklguul6,
2021/01/31,Spain,ES,,ESMRC,en,5,0,,,0,0,,0,,,,,,,,,limesurvey-6546,wk2vl8y3ukkkln645t,
2021/01/31,Spain,ES,,ESMRO,en,15,5,,,0,0,,0,,,,,,,,,limesurvey-6541,fc0pft0cnlkklh1c8x,
2021/02/01,Spain,ES,,ESMAR,en,60,14,,,4,0,,4,,,,,,,,,limesurvey-6552,4n1l5fcx7pkklguul6,
2021/02/01,Spain,ES,,ESMRO,en,8,5,,,2,2,,1,,,,,,,,,limesurvey-6549,jl3apw1j84kkmd3px8,
2021/02/01,Spain,ES,,ESMRO,en,25,0,,,0,0,,0,,,,,,,,,limesurvey-6550,kz8bo3bak7khkxa6ck,
2021/02/01,Spain,ES,,ESMRO,en,25,0,,,0,0,,0,,,,,,,,,limesurvey-6551,kz8bo3bak7khkxa6ck,
